txn_amount,hour_of_day,device_change_count_30d,velocity_last_1h,agent_distance_km,failed_pin_attempts_24h,is_cash_out,is_fraud
1561.66,1,0,0,4.36,0,0,0
28000.0,10,0,3,2.6,0,1,1
4273.59,13,0,0,6.6,0,1,0
2981.42,7,0,0,0.55,0,0,0
602.8,8,0,3,0.32,0,1,0
602.71,13,0,0,5.9,0,0,0
251.48,17,0,2,1.46,1,1,0
6495.94,19,0,2,3.23,0,0,0
3001.06,14,0,0,7.36,0,0,0
4000.0,13,0,0,3.75,0,0,0
126.56,12,1,2,9.85,0,0,0
11271.38,9,0,1,5.52,0,1,0
5776.57,8,3,0,1.96,0,0,0
823.8,18,0,2,12.94,0,1,0
702.17,13,0,0,5.17,0,0,0
708.36,18,0,2,5.6,0,1,0
17961.38,17,0,2,2.14,0,0,0
2440.57,9,0,2,2.44,0,0,0
1869.72,14,0,3,2.88,0,1,0
14607.17,13,1,1,5.59,0,0,0
3088.39,12,0,0,4.25,0,0,0
540.75,14,0,0,0.83,1,1,0
1165.65,22,1,3,8.83,0,0,0
1520.09,18,0,1,2.05,0,0,0
2008.59,20,0,0,12.83,0,1,0
25329.48,3,0,1,13.69,1,1,1
772.75,8,0,2,4.21,0,0,0
2370.49,7,0,1,4.82,0,0,0
2932.02,10,0,1,7.58,0,0,0
212.2,13,0,0,5.0,0,1,0
3053.07,16,1,0,3.69,0,1,0
658.28,14,0,1,3.82,0,0,0
275.24,20,0,0,4.83,0,0,0
9575.8,21,0,1,1.08,0,0,0
10846.02,8,2,1,2.35,0,0,0
5347.46,19,0,2,5.9,0,1,0
1222.52,13,0,0,3.27,3,0,0
388.89,13,0,2,1.62,0,0,0
3748.8,18,0,0,3.62,0,0,0
1916.29,7,0,0,10.65,0,0,0
476.49,19,0,3,13.02,0,0,0
2247.35,16,0,1,11.1,0,0,0
171.98,19,2,1,7.19,0,0,0
7741.35,23,0,0,7.42,0,1,0
1018.26,14,1,0,2.23,0,0,0
24378.65,7,0,2,2.81,0,0,0
1255.35,8,0,0,1.47,0,1,0
2409.15,11,2,0,7.65,1,0,0
2591.92,7,1,0,5.64,0,0,0
714.04,18,0,0,4.31,0,1,0
11236.98,10,0,1,6.27,0,0,0
4835.19,22,3,2,0.69,0,0,0
9036.3,17,0,1,1.57,0,1,0
7266.89,9,0,2,5.98,0,1,0
2975.37,13,0,0,3.26,0,1,0
8218.19,13,0,2,3.17,0,0,0
356.5,14,0,1,2.35,0,0,0
758.03,14,0,2,7.2,0,0,0
16656.45,4,0,0,3.03,0,1,1
1319.3,17,2,2,1.17,0,0,0
1634.82,14,0,1,3.74,3,1,1
1072.99,18,0,0,7.44,0,0,0
5706.59,18,0,0,9.78,2,0,1
1471.93,9,2,1,9.25,0,0,0
1115.37,5,0,1,0.49,0,0,0
2563.7,17,0,0,6.37,0,1,0
546.07,22,2,1,5.07,0,1,1
5245.55,13,1,0,3.87,0,0,0
307.92,10,0,1,7.82,3,1,0
13929.27,8,2,0,4.54,0,1,0
4794.35,10,0,1,4.96,0,1,0
768.93,11,0,1,2.12,0,0,0
77.72,12,0,1,10.38,0,1,0
5467.67,16,0,3,7.05,1,0,0
3986.71,10,0,3,2.81,0,1,0
4238.12,5,0,2,8.22,0,0,0
4780.69,12,0,2,1.16,0,1,0
306.17,19,1,2,2.93,0,0,0
19389.74,14,1,1,2.1,0,0,0
454.08,22,0,1,6.18,0,1,0
6423.29,14,1,1,3.28,0,1,0
3184.16,10,1,2,0.85,0,1,0
17948.21,9,0,2,2.03,0,1,1
270.14,17,1,2,1.69,0,0,0
16827.0,14,2,1,3.19,2,1,1
1318.61,15,0,3,1.48,0,0,0
4245.2,17,3,0,2.5,0,0,0
3307.65,17,0,1,1.23,1,1,0
7043.21,5,0,2,7.1,0,1,0
2105.01,18,1,0,11.18,0,0,0
467.59,14,1,1,18.33,0,0,0
4057.2,12,0,0,5.26,0,1,0
18255.81,14,0,1,2.11,0,0,0
2696.44,15,0,3,5.07,0,1,0
4776.45,8,0,3,12.62,0,0,0
2238.61,12,0,1,3.96,1,1,0
2426.97,11,0,1,8.38,0,0,0
1845.01,11,1,1,0.3,0,0,0
142.39,7,0,0,5.72,0,1,0
425.34,8,0,0,1.03,0,0,0
162.19,8,0,0,12.02,0,0,0
3297.53,12,0,1,8.02,0,0,0
1267.67,20,0,2,7.92,2,0,0
2333.4,9,0,0,1.6,0,0,0
7680.05,12,0,2,4.34,0,0,0
977.56,11,0,2,1.68,0,0,0
1750.5,18,0,2,6.25,0,0,0
4568.0,5,0,1,2.57,0,0,0
891.38,9,0,1,5.02,3,0,1
316.33,9,0,2,5.18,0,0,0
17803.39,23,2,1,6.75,0,0,1
622.59,15,0,0,3.96,0,1,0
8555.84,8,1,3,6.0,0,1,0
5342.84,10,0,1,4.29,0,0,0
3271.18,8,0,1,1.42,0,0,0
26171.94,8,0,1,6.08,0,0,0
5269.5,18,3,0,5.94,0,1,0
720.79,14,0,1,1.19,0,0,0
7198.6,16,0,1,1.61,0,0,0
2540.32,11,0,0,2.28,0,1,0
5331.51,15,0,2,3.62,0,1,0
7305.58,10,1,1,2.02,0,1,0
1284.74,11,1,2,3.93,0,0,0
433.09,16,0,1,2.85,0,0,0
887.8,8,0,1,12.36,0,0,0
1842.58,16,0,0,6.22,0,0,0
5512.26,19,4,1,7.55,1,1,0
6368.3,8,0,1,1.54,0,0,0
82.32,20,1,2,4.34,0,0,0
2347.6,7,0,0,3.72,0,1,0
1788.87,11,0,0,1.97,0,1,0
863.74,15,0,0,4.74,1,0,0
468.58,15,1,0,7.14,0,0,0
14514.36,7,0,0,2.46,1,0,0
26878.85,18,1,0,7.1,0,1,1
1309.23,22,0,1,2.44,0,1,0
2400.65,9,0,1,12.52,0,1,0
3945.08,20,0,2,6.02,0,1,0
21552.5,15,0,0,8.75,0,1,1
11476.95,21,0,1,1.55,0,0,0
10562.43,9,0,4,1.22,0,0,0
988.2,18,0,0,4.89,1,0,0
2260.51,6,0,1,3.11,0,0,0
1205.38,19,0,1,5.25,1,0,0
1132.8,16,0,0,1.97,0,0,0
180.27,12,0,1,5.72,0,0,0
17809.97,9,0,3,9.88,0,0,0
16761.31,18,0,2,3.59,0,0,0
19407.34,15,0,1,1.49,0,0,0
1105.2,11,1,0,7.05,0,0,0
7704.36,13,0,0,3.89,0,0,0
936.35,18,0,1,1.75,1,0,0
15601.59,11,0,0,8.09,0,0,0
2211.27,7,2,1,6.54,0,0,0
13640.92,20,0,1,4.42,0,1,0
946.86,12,1,0,0.65,0,0,0
18164.37,11,0,1,2.95,0,0,0
20672.35,9,0,3,4.25,1,0,0
928.27,20,0,2,4.77,1,0,0
4228.8,9,0,2,1.52,0,1,0
1527.27,16,0,1,3.69,0,0,0
3261.61,19,0,0,2.47,0,0,0
3272.28,4,1,1,1.66,1,0,0
2515.63,19,0,2,9.17,0,1,0
362.81,12,0,1,1.97,0,1,0
5831.66,16,1,0,17.54,0,0,0
1297.79,12,1,0,4.9,0,1,0
720.58,17,0,1,3.23,0,0,0
193.22,10,0,2,5.12,2,1,0
2920.09,2,0,0,5.32,0,0,0
3681.93,21,0,0,5.26,0,0,0
113.53,1,0,2,0.63,0,0,0
18496.43,18,0,2,5.89,0,0,0
881.84,8,0,1,4.45,0,0,0
3375.6,12,0,0,5.22,0,0,0
673.13,18,0,2,3.02,0,1,0
23810.29,9,0,0,7.7,0,0,0
1624.67,19,0,1,9.04,0,1,0
8893.1,14,0,3,1.76,0,0,0
18480.97,11,0,0,2.83,0,1,1
1394.82,16,1,2,12.3,0,0,0
445.42,11,1,1,7.26,0,1,0
8335.81,11,1,1,3.49,0,0,0
6774.67,17,0,2,3.83,0,0,0
17262.34,11,0,1,3.39,0,0,0
3512.04,9,0,1,2.5,0,1,0
5498.35,18,0,0,5.25,0,0,0
2652.42,18,0,3,3.35,0,0,0
2473.69,14,0,1,10.22,0,1,0
946.01,14,3,1,2.68,0,0,0
372.72,17,0,1,6.36,0,1,0
7340.39,14,0,1,10.26,0,1,0
7441.68,12,0,1,8.98,0,0,0
3268.54,23,0,1,3.62,0,0,0
1384.95,8,0,1,3.85,2,0,0
1434.62,15,0,1,2.51,0,0,0
4202.29,20,2,2,2.83,0,0,0
7337.11,17,1,1,7.23,0,0,0
7039.62,19,0,2,9.65,0,1,0
4903.4,11,2,1,2.63,0,0,0
3347.39,10,0,1,2.24,0,1,0
341.25,19,0,0,8.22,0,1,0
17899.25,12,0,1,5.45,0,0,0
7382.34,17,0,3,1.78,0,0,0
23675.7,8,0,0,1.49,0,0,0
13995.28,17,0,1,1.73,0,1,0
402.39,15,0,1,2.16,0,1,0
3545.32,10,0,1,6.44,0,0,0
76.24,14,0,2,4.03,0,0,0
621.01,17,0,0,11.04,0,0,0
2606.23,0,0,1,2.55,1,0,0
3827.41,16,0,1,3.99,0,1,0
3437.41,14,0,1,7.69,0,0,0
872.64,9,0,3,2.0,2,1,1
4045.34,17,0,0,1.84,0,0,0
926.64,10,0,1,1.43,0,1,0
1319.63,10,0,0,5.16,0,0,0
4451.54,13,1,0,2.3,0,1,0
18077.8,16,0,1,3.85,0,0,0
6114.26,21,0,1,2.19,1,0,0
24190.03,8,0,4,12.61,2,1,1
23406.74,12,1,0,1.85,3,1,1
374.74,6,0,1,6.35,0,0,0
1526.93,18,0,0,3.6,0,0,0
1046.11,13,1,1,4.5,0,0,0
955.04,17,0,0,9.3,0,0,0
11619.39,11,0,5,9.33,0,0,0
16075.36,19,0,1,2.62,0,0,0
7183.38,14,3,5,4.88,0,0,0
3251.47,21,1,2,2.39,0,1,0
5128.24,7,0,1,8.96,1,1,0
2294.99,14,0,1,0.26,0,1,0
16973.37,18,0,2,4.17,0,1,0
2230.54,15,0,1,4.07,0,0,0
755.09,2,0,2,1.71,1,0,0
4161.64,22,0,3,8.25,0,0,0
1114.65,10,0,0,0.43,0,1,0
138.77,10,1,1,2.66,0,0,0
3378.3,13,0,1,3.22,0,0,0
683.79,14,0,2,7.74,0,1,0
25456.15,18,1,0,13.2,0,1,0
23305.95,12,0,1,6.98,0,0,0
7943.23,13,1,1,4.89,0,1,0
1539.32,14,0,1,11.79,0,0,0
18349.08,12,0,1,1.6,0,0,0
22113.64,20,2,2,7.55,0,0,1
15312.84,19,0,0,2.0,0,0,0
27824.19,13,0,2,3.9,2,0,1
10663.95,0,0,0,6.5,0,0,0
6195.64,20,0,0,5.61,0,0,0
1176.08,8,0,0,2.66,1,1,0
1616.13,10,0,3,1.45,0,0,0
6155.13,8,0,1,7.05,0,0,0
1279.67,9,1,1,2.8,0,0,0
654.3,18,1,0,6.29,0,0,0
2663.96,15,0,1,7.31,0,0,0
8864.14,21,0,0,13.5,0,0,0
3870.64,9,1,0,1.74,0,1,0
2761.16,13,0,0,2.98,0,0,0
387.13,22,0,1,5.11,0,0,0
3114.5,18,0,0,14.39,0,1,0
14813.82,17,0,0,1.24,0,0,0
542.95,9,0,0,4.33,1,1,0
23059.88,18,0,1,6.94,0,0,1
6775.55,11,0,0,2.17,0,1,0
4380.11,14,0,1,1.93,2,0,0
20295.41,15,1,1,13.32,0,1,1
3939.32,15,0,4,6.58,0,0,0
1485.58,17,0,2,2.77,0,1,0
17024.05,16,0,0,2.01,0,0,0
5363.6,6,0,0,17.97,0,1,0
26359.9,13,0,1,7.62,0,0,0
6517.44,16,0,1,2.01,1,1,0
7882.77,10,0,2,16.78,0,1,0
2351.5,11,0,2,9.07,0,0,0
2287.79,8,0,0,6.89,0,0,0
5183.04,12,1,2,9.13,0,0,0
3419.1,23,0,1,15.87,0,0,0
3933.76,10,0,0,6.1,0,0,0
5143.58,14,2,1,1.8,1,1,0
7123.44,17,0,2,4.21,0,0,0
1379.94,0,0,0,6.78,2,1,1
1567.0,20,0,1,2.51,0,0,0
375.83,12,0,0,2.35,0,1,0
2822.92,19,0,0,5.69,1,0,0
177.13,5,0,0,3.52,0,1,0
2065.14,8,0,0,8.65,0,1,0
2563.34,11,1,0,4.76,0,1,0
18396.17,11,0,1,0.98,0,0,0
18921.56,19,0,1,14.34,0,0,0
159.12,0,0,3,3.62,1,0,0
181.8,16,0,0,4.28,0,0,0
5593.92,8,0,2,3.39,1,0,0
1489.07,18,1,0,2.15,0,1,0
494.84,18,0,1,6.22,0,0,0
2423.69,14,3,2,5.82,0,0,0
4762.87,9,0,2,11.2,0,0,0
837.98,16,0,1,1.84,0,0,0
19267.59,8,0,1,3.81,0,1,1
345.48,9,0,2,2.03,0,0,0
229.81,16,0,0,1.71,1,1,0
2485.31,23,0,1,3.11,0,0,0
2549.31,20,0,1,2.09,0,1,0
3306.52,15,0,2,4.47,1,1,0
4203.87,14,0,0,3.67,0,1,0
11975.38,23,0,3,3.23,1,0,0
2384.13,14,0,2,7.15,0,1,0
1308.06,12,0,1,6.13,1,0,0
5134.09,20,0,2,9.42,0,0,0
1070.72,9,1,1,4.06,0,1,0
1909.55,7,0,2,1.55,0,0,0
321.46,16,2,1,9.37,0,1,0
142.17,7,1,1,6.14,0,0,0
10579.62,12,0,0,2.19,0,0,0
5844.86,12,0,2,1.57,0,1,0
3870.06,14,1,0,1.76,0,0,0
1742.75,23,1,3,4.58,0,0,0
668.98,9,0,2,12.99,0,0,0
15164.06,12,1,1,2.98,0,1,0
981.62,8,1,2,6.04,0,0,0
2609.73,15,0,2,4.71,0,0,0
4072.32,17,1,4,4.1,0,0,0
3514.05,13,0,1,3.08,0,0,0
1110.92,10,0,0,4.0,0,1,0
9973.93,16,0,5,5.34,0,0,0
4344.86,14,0,2,4.38,0,0,0
2646.34,9,0,1,6.87,0,1,0
20185.08,12,0,1,7.88,0,1,0
1800.92,13,0,0,3.55,0,1,0
970.92,23,1,0,6.64,0,1,0
1468.05,19,0,1,8.94,0,1,0
4598.18,17,0,1,3.66,0,1,0
106.39,20,0,1,6.85,0,0,0
454.82,17,0,0,5.45,0,0,0
210.7,20,1,1,10.62,0,0,0
16703.9,6,0,0,7.31,0,0,0
6249.45,13,0,1,1.91,0,0,0
3951.97,17,0,0,2.02,0,0,0
2116.91,15,0,1,3.23,0,1,0
389.46,9,0,0,4.27,0,0,0
2224.86,11,0,1,2.23,0,0,0
2112.64,11,0,0,3.87,0,0,0
668.62,10,0,2,9.22,0,0,0
1880.48,11,0,1,9.22,0,1,0
1686.68,14,0,1,4.17,0,1,0
3121.51,19,0,1,2.5,1,1,0
3285.97,17,1,1,6.6,0,0,0
208.36,19,0,1,9.39,0,0,0
16728.39,19,0,1,6.06,0,0,1
3206.0,12,1,3,4.67,0,0,0
2298.21,11,1,2,7.23,0,1,0
6272.32,6,0,1,2.94,0,1,0
3499.92,21,0,0,9.0,0,0,0
629.13,6,0,0,3.45,0,1,0
294.18,17,2,1,2.85,1,1,0
3350.86,12,0,0,12.18,0,0,0
145.98,21,2,3,2.77,0,1,1
2880.31,12,0,1,3.34,0,1,0
9075.22,18,0,1,7.27,0,0,0
2801.7,10,1,1,1.12,0,1,0
1632.16,10,1,2,8.53,0,1,0
3358.65,15,0,0,14.88,0,0,0
2021.46,23,1,1,3.76,0,0,0
16868.53,14,0,1,2.42,0,1,0
9142.01,21,0,2,2.72,0,1,0
1621.37,18,0,1,3.53,0,1,0
10457.09,18,0,0,9.52,1,1,0
7604.24,13,0,1,8.0,0,0,0
757.27,12,0,0,6.06,0,0,0
290.03,9,0,2,4.51,1,0,0
15889.83,22,0,0,1.85,0,1,1
118.85,22,0,0,4.76,0,0,0
377.46,17,1,0,1.81,0,1,0
3736.4,10,0,0,2.71,0,0,0
296.32,10,0,1,4.55,0,1,0
1289.3,23,0,3,5.09,0,0,0
23092.75,6,0,2,7.05,0,1,1
135.35,19,0,0,6.74,0,0,0
5450.5,11,0,0,12.98,0,0,0
1119.47,12,0,1,2.81,0,1,0
462.4,19,1,2,6.9,0,0,0
3878.1,7,0,1,6.0,0,0,0
3232.48,11,0,2,6.31,0,0,0
6778.13,21,0,0,9.31,0,0,0
4310.54,17,0,1,6.01,1,0,0
5266.39,17,0,1,3.92,0,0,0
1120.27,17,0,0,6.68,0,0,0
685.07,6,0,1,3.21,0,0,0
4504.02,9,0,1,2.92,0,1,0
5321.47,14,0,0,1.67,0,1,0
14962.42,11,0,0,10.96,0,1,0
1762.65,12,0,1,15.36,0,0,0
1548.78,18,1,3,7.2,1,0,0
4853.45,1,0,1,1.44,1,1,1
1393.55,16,0,2,5.06,0,0,0
8604.44,0,1,2,5.25,0,1,0
6315.49,6,1,0,6.57,0,1,0
1853.14,12,0,0,2.97,0,0,0
4507.31,19,0,0,4.88,0,0,0
4554.83,8,0,0,7.15,0,0,0
408.28,15,0,4,6.07,0,1,0
7511.03,16,0,1,6.37,0,1,0
2311.86,9,1,1,4.09,1,0,0
5664.26,14,0,1,2.99,0,0,0
1294.35,20,0,0,8.36,0,0,0
20754.8,14,0,2,0.38,0,0,0
15867.52,8,0,0,11.58,0,0,1
94.87,16,0,1,3.72,0,0,0
7605.3,15,0,1,5.08,1,0,0
366.32,3,0,3,4.69,0,1,1
1290.89,7,0,0,13.11,0,0,0
9650.31,8,0,2,3.33,1,1,0
9685.44,8,0,3,12.99,0,0,0
2786.39,10,0,2,6.55,0,1,0
3257.54,13,0,2,10.0,0,0,0
22545.31,12,0,1,8.48,0,0,0
18513.32,20,1,0,3.15,0,1,1
1335.16,15,0,0,0.63,0,0,0
3632.24,19,1,0,3.23,0,1,0
4526.68,14,0,2,0.32,0,0,0
5078.23,7,0,1,4.12,0,1,0
5048.26,13,0,1,11.53,0,0,0
366.04,18,1,0,1.75,1,0,0
2242.56,9,1,1,4.72,0,0,0
249.7,7,1,0,4.09,1,0,0
2611.88,11,0,1,10.64,0,0,0
1924.18,12,1,1,0.49,0,0,0
7057.18,11,1,0,9.42,0,0,0
1443.01,8,0,0,1.09,0,1,0
458.42,10,0,0,6.55,0,0,0
553.78,16,0,8,3.88,0,1,0
18154.57,12,0,0,2.93,0,0,0
3141.3,16,0,2,4.81,0,0,0
401.15,14,1,2,2.72,0,0,0
341.14,15,1,0,4.03,0,1,0
3923.07,10,2,2,12.12,1,1,0
301.75,14,0,1,2.14,0,0,0
5580.59,2,0,1,1.03,0,0,0
3980.0,13,0,2,2.26,0,0,0
331.52,15,0,5,4.01,0,1,0
343.69,9,0,1,3.98,0,0,0
13869.47,10,0,0,2.67,1,0,0
1560.28,9,0,1,8.37,0,0,0
1541.78,6,0,1,9.91,0,0,0
23966.54,11,0,1,2.23,0,0,0
22969.35,22,2,5,2.57,0,1,1
13720.08,11,0,1,3.03,0,0,0
4539.68,13,0,1,6.53,0,0,0
1570.47,16,2,2,1.27,0,0,0
339.02,16,0,0,5.37,0,1,0
4863.98,21,0,2,3.42,0,1,0
2675.55,19,0,3,2.56,1,0,0
20737.5,18,0,0,11.21,0,1,1
7638.36,21,0,1,2.54,0,1,0
437.22,9,1,5,2.93,0,1,0
2231.22,16,0,1,11.95,0,0,0
96.54,20,0,1,4.51,0,0,0
2083.53,16,0,0,10.98,0,0,0
245.44,22,0,0,7.66,3,1,1
464.77,7,0,2,2.05,0,0,0
460.08,13,0,0,4.36,0,0,0
3412.22,22,0,1,5.6,0,0,0
4445.91,12,0,0,11.22,0,0,0
2861.77,17,0,0,2.35,0,0,0
10539.1,3,0,1,6.85,0,1,0
1563.35,17,0,2,24.71,1,0,0
1136.7,21,0,0,3.07,0,1,0
25554.11,12,0,2,4.98,0,0,0
869.86,1,0,1,4.66,0,1,1
10629.18,3,1,2,7.07,0,0,0
99.13,20,0,4,4.48,0,1,0
11268.09,17,2,1,5.12,0,1,0
201.18,7,0,0,5.36,0,0,0
7156.71,6,2,1,1.76,0,1,0
2460.46,18,0,1,11.2,0,1,0
15921.85,18,0,1,4.71,0,1,1
305.32,8,1,1,1.05,1,0,0
2642.75,10,0,1,11.52,0,0,0
11207.44,18,1,1,5.58,0,0,0
20638.05,14,0,2,4.07,0,0,0
3236.41,21,0,2,6.89,0,0,0
3867.68,13,0,0,3.41,0,1,0
1999.61,16,0,0,12.38,0,0,0
22078.19,14,0,0,1.67,0,1,1
2869.04,21,3,2,11.12,0,0,0
7465.54,12,1,1,4.33,0,1,0
208.84,9,0,0,11.07,0,0,0
14819.22,11,0,1,6.73,0,1,0
9672.79,19,0,0,3.76,0,0,0
7130.96,14,0,3,2.32,0,1,0
2006.16,11,0,1,1.23,0,0,0
3157.39,14,0,4,2.84,1,0,0
1099.59,8,0,1,10.31,0,0,0
19541.14,0,1,1,13.66,0,0,1
16147.29,10,0,1,5.03,0,0,0
1455.05,15,0,1,0.54,0,0,0
2863.98,17,0,1,2.68,1,0,0
318.95,18,0,1,1.17,0,1,0
11787.87,21,0,1,7.65,0,0,0
13768.37,12,0,1,3.38,0,1,0
3893.16,17,0,2,3.71,0,0,0
18233.9,6,1,0,3.07,0,1,1
1245.21,6,0,2,3.39,0,0,0
5438.9,8,1,0,1.25,0,0,0
3753.85,13,0,0,1.57,0,0,0
627.92,9,0,1,5.15,0,1,0
7798.56,10,1,2,4.15,0,1,0
5592.78,16,0,2,2.7,0,1,0
9633.56,11,0,0,15.07,1,1,0
4199.53,15,0,1,6.92,0,1,0
3101.29,12,0,3,2.39,0,1,0
1793.45,8,0,2,2.9,0,1,0
8696.86,6,0,0,3.82,0,1,0
6493.26,10,0,2,6.13,0,0,0
208.07,6,0,2,2.64,0,0,0
145.51,16,1,0,4.47,0,0,0
1571.51,18,1,2,10.01,0,0,0
5383.67,11,0,3,4.14,0,0,0
14025.68,12,0,3,3.51,0,0,0
581.63,18,2,0,2.26,0,0,0
23487.48,9,0,0,7.41,0,0,0
1594.32,8,1,0,5.3,0,0,0
11271.87,14,0,0,2.2,0,0,0
5966.92,16,0,2,5.32,0,0,0
22914.01,15,1,0,6.64,0,1,1
2083.73,17,0,0,8.14,4,0,0
22514.08,6,0,4,4.54,0,0,1
14793.42,12,0,2,3.25,0,1,0
245.69,10,0,0,9.01,0,0,0
6461.36,18,1,0,8.22,0,0,0
5423.58,19,0,0,7.65,0,1,0
26211.83,10,0,0,4.97,0,0,0
28000.0,7,3,3,6.57,0,1,1
2654.09,10,2,3,18.98,0,1,0
4748.91,7,1,4,4.89,1,0,0
9327.75,11,0,3,3.56,0,1,0
6123.27,14,0,2,5.82,1,0,0
969.29,22,0,1,7.39,1,0,0
1976.25,12,0,1,2.32,0,1,0
14001.77,9,0,1,6.76,0,1,0
27958.4,8,0,0,3.75,0,0,0
3041.91,9,0,1,14.42,0,0,0
890.73,9,1,0,1.69,0,0,0
3624.25,18,0,1,8.64,0,0,0
3140.55,6,0,2,18.01,1,0,0
15108.6,23,0,2,1.49,1,0,0
445.73,14,1,2,10.69,0,0,0
3623.01,14,1,1,2.98,0,1,0
2410.75,11,0,1,0.98,0,0,0
4795.38,17,1,0,2.54,0,1,0
2409.79,13,0,2,7.3,0,0,0
20580.61,11,0,0,6.86,1,0,0
2628.81,10,1,0,4.16,1,0,0
2693.97,20,0,2,1.49,0,0,0
6756.83,10,0,1,1.2,2,0,0
1713.27,13,0,1,5.1,1,0,0
520.44,11,0,0,1.73,0,1,0
153.46,7,0,0,3.19,0,0,0
4562.58,9,0,1,1.56,0,0,0
3158.88,9,0,0,6.29,0,0,0
3956.53,17,0,0,2.3,0,0,0
826.34,12,0,0,10.0,0,1,0
529.16,18,0,0,2.05,0,0,0
106.88,17,1,0,6.18,0,0,0
1441.4,9,0,0,0.4,0,0,0
2912.47,15,3,4,11.74,0,0,0
1653.54,17,0,2,8.88,1,1,0
16971.67,16,0,1,8.92,0,0,0
7564.2,15,0,0,6.82,0,1,0
20419.88,17,0,0,6.19,0,0,1
2368.88,6,0,3,5.1,0,1,0
4958.79,17,0,1,2.23,0,0,0
15987.95,10,0,2,0.99,0,1,0
22946.95,15,0,1,4.11,0,1,1
6406.05,10,0,1,2.65,0,1,0
9615.81,19,1,3,2.02,0,1,0
14624.29,13,0,1,5.49,0,0,0
8417.32,16,1,1,7.09,0,1,0
2228.01,18,0,1,5.08,1,0,0
14297.91,20,0,2,0.9,2,0,0
2026.68,17,2,1,11.11,0,0,0
12583.69,8,0,0,1.32,0,0,0
2231.17,19,0,2,0.99,0,0,0
1335.57,16,0,1,5.49,0,1,0
3271.16,15,0,3,4.23,0,0,0
938.81,20,0,1,3.98,3,1,0
312.46,10,0,2,4.48,0,0,0
501.52,10,2,1,4.53,0,0,0
498.46,14,0,3,2.15,0,1,0
587.23,17,0,2,3.84,0,0,0
538.27,13,0,0,2.25,0,1,0
3337.07,16,1,0,2.86,0,1,0
702.39,13,0,0,5.43,0,0,0
1417.25,15,3,1,2.05,1,1,0
23487.48,18,0,0,2.78,0,1,0
22951.15,9,0,0,1.1,1,0,0
3584.13,17,0,1,3.69,0,1,0
665.21,18,1,0,6.76,0,0,0
743.36,13,0,1,1.62,0,1,0
193.53,11,0,1,2.66,0,0,0
652.15,0,0,0,1.18,0,0,0
1104.95,18,0,0,3.18,0,0,0
683.4,11,0,0,3.52,2,0,0
357.23,11,1,1,5.35,0,1,0
471.38,11,0,3,4.48,0,0,0
2036.41,14,1,1,9.15,0,0,0
799.5,17,0,2,0.99,0,0,0
1509.54,18,0,2,1.66,0,0,0
2300.02,12,0,1,0.54,2,0,0
3811.86,16,0,4,1.72,0,1,0
188.34,17,0,1,8.09,0,0,0
19083.52,10,1,0,9.63,0,1,1
3223.5,7,0,2,5.53,0,1,0
332.95,20,2,0,2.7,0,0,0
6678.03,16,0,1,4.02,0,1,0
8177.42,16,1,1,4.76,0,1,0
14075.42,6,0,1,4.08,0,0,0
20106.7,18,0,4,2.23,2,1,1
5310.99,15,0,1,2.06,1,0,0
4473.94,19,0,2,2.31,1,0,0
712.73,22,3,1,2.17,0,1,0
811.68,21,0,1,8.02,1,0,0
1540.91,19,0,2,5.44,1,0,0
2180.52,0,0,2,7.72,0,0,0
3141.61,20,0,1,4.01,0,1,0
1533.0,6,0,2,5.8,1,0,0
2046.85,19,0,1,5.72,0,0,0
4463.93,10,0,1,4.12,0,0,0
179.59,15,0,0,4.26,0,0,0
991.0,4,0,0,5.46,1,1,0
4058.37,18,0,0,4.87,0,0,0
22775.75,7,0,0,11.74,0,0,1
21091.95,12,1,1,3.07,0,0,0
2490.49,18,1,0,4.03,0,0,0
422.76,17,2,2,3.93,0,1,1
1958.06,0,1,0,3.99,0,0,0
2493.94,12,0,1,9.67,0,0,0
948.62,5,0,1,1.75,1,0,0
1063.76,16,1,3,8.81,0,1,0
1575.73,22,0,1,2.87,0,0,0
124.88,16,0,1,20.21,0,1,0
1303.92,9,0,1,1.87,0,0,0
820.18,11,3,2,3.77,1,0,0
1329.6,22,1,2,1.96,0,0,0
468.2,9,0,0,15.78,0,0,0
7138.66,15,2,2,2.61,1,0,0
2941.28,12,3,3,5.47,0,1,0
3697.23,18,0,1,3.18,0,0,0
5041.47,19,1,0,4.19,0,0,0
2268.12,11,1,1,8.22,0,1,0
350.98,16,0,2,0.58,1,0,0
2524.83,15,0,2,1.05,0,1,0
2888.55,10,0,2,4.28,0,0,0
4438.29,10,0,2,5.17,1,1,0
1868.11,14,1,0,5.49,0,0,0
496.75,8,0,0,9.43,0,1,0
1128.04,18,0,2,7.3,0,0,0
16103.65,6,1,2,0.15,0,1,0
3382.32,7,2,2,0.48,0,0,0
2766.5,11,0,2,1.25,0,0,0
1468.66,8,1,3,2.39,0,1,0
13839.83,13,0,1,3.74,0,1,0
3038.67,12,0,1,4.44,0,0,0
926.54,17,1,2,2.22,1,1,0
403.5,21,1,1,7.87,0,1,0
590.84,17,0,2,1.84,0,0,0
963.38,9,0,1,14.15,0,1,0
620.53,21,0,0,4.75,2,0,0
720.77,12,2,3,9.61,0,1,0
17814.51,13,0,0,3.23,0,0,0
15791.61,12,0,0,4.81,0,1,1
23938.63,10,1,1,3.81,0,1,1
327.63,20,0,1,0.89,0,1,0
21591.7,11,0,1,4.6,0,0,0
1750.58,15,0,0,1.26,0,1,0
12983.65,10,1,1,3.48,0,1,0
440.25,18,3,2,3.79,0,1,0
1683.23,18,0,1,15.2,2,0,0
11224.99,10,0,4,7.33,0,0,0
6479.98,16,0,2,4.06,0,0,0
5495.72,17,1,1,4.97,1,0,0
1014.48,15,0,2,7.48,0,1,0
659.68,15,0,0,6.78,0,1,0
3594.59,15,0,2,4.36,0,1,0
8541.23,7,0,1,2.64,0,0,0
2663.68,16,1,0,6.94,0,0,0
2772.73,13,0,1,0.8,1,0,0
1111.12,13,1,0,5.93,0,1,0
4755.92,19,0,3,14.94,0,0,0
722.65,2,0,2,2.46,0,0,0
1311.48,10,0,2,2.3,0,0,0
1833.26,8,0,2,3.87,0,0,0
2327.15,4,0,0,20.91,0,0,0
948.36,10,1,1,0.75,0,1,0
450.35,23,0,1,6.38,1,1,0
3078.24,10,1,3,1.65,0,0,0
1149.8,16,0,0,1.38,0,0,0
2845.45,8,0,1,5.4,0,0,0
596.53,15,0,1,8.01,0,0,0
21255.67,23,1,1,4.78,2,0,1
2493.75,10,0,0,0.3,0,1,0
230.29,19,0,1,1.18,2,0,0
1373.23,23,0,0,4.53,0,1,0
521.92,15,0,1,10.03,1,1,0
269.51,11,0,1,4.97,0,1,0
14783.84,16,0,0,0.22,0,0,0
1305.22,19,0,0,11.22,2,0,0
5372.23,9,0,0,5.91,0,0,0
1000.44,13,1,2,3.74,0,1,0
3721.25,11,1,2,4.03,0,0,0
4629.81,10,0,2,1.05,0,1,0
2957.43,19,0,2,6.85,0,0,0
2101.14,12,0,1,7.32,0,0,0
1758.43,11,1,1,9.45,0,1,0
18559.12,15,0,1,7.0,0,0,0
28000.0,9,0,0,13.19,0,1,1
20852.22,9,1,0,7.42,0,0,0
10790.16,14,3,0,7.37,0,0,0
484.73,12,1,3,1.76,0,0,0
19182.66,10,4,4,1.18,0,0,1
8975.61,6,1,1,4.81,0,1,0
18610.31,14,0,3,4.34,0,1,1
280.19,18,0,2,0.45,0,1,0
4384.46,19,2,3,4.37,0,0,0
2794.17,10,1,2,9.85,0,1,0
5961.05,15,0,3,8.35,1,0,0
541.79,19,0,2,15.88,0,0,0
5135.36,12,0,1,7.01,1,0,0
780.58,21,2,0,10.41,0,0,0
631.89,20,0,0,8.95,0,0,0
634.22,9,0,2,11.0,2,0,0
5452.33,10,0,3,2.75,0,0,0
3561.48,9,3,1,1.67,0,1,0
2429.2,9,0,2,13.07,2,1,0
1482.28,20,0,0,1.41,0,0,0
6771.05,21,0,2,3.35,0,0,0
1654.6,5,0,1,3.37,0,1,0
5487.46,15,0,3,4.14,0,0,0
1910.48,15,0,1,3.56,0,1,0
1573.98,12,0,0,4.5,0,1,0
2047.72,16,0,0,5.94,0,1,0
1207.66,21,0,0,5.54,0,0,0
4465.69,9,0,1,0.51,0,0,0
2295.53,8,2,0,2.94,0,0,0
905.58,4,0,1,3.66,0,0,0
7414.69,11,0,1,10.67,1,0,0
19580.24,11,0,1,0.87,0,0,0
2569.7,12,0,0,8.04,0,1,0
7642.39,14,0,1,7.31,0,0,0
3192.16,17,0,3,5.1,0,1,0
13830.13,12,0,2,5.23,0,0,0
26916.2,11,0,0,2.95,0,0,0
3221.85,18,0,0,3.33,0,1,0
17360.53,19,1,0,7.33,0,0,1
539.93,9,0,2,2.14,1,1,0
5116.0,11,1,0,4.88,0,0,0
3156.88,18,0,0,2.62,0,0,0
2499.72,7,0,1,6.17,0,0,0
7238.57,11,0,0,3.67,0,0,0
5032.77,13,0,0,1.7,0,0,0
586.37,9,1,3,7.88,0,0,0
1255.4,9,0,0,1.96,0,1,0
974.14,12,0,1,4.67,2,1,0
4419.58,17,0,1,12.37,0,0,0
169.14,19,0,0,7.55,0,1,0
2759.88,22,0,1,4.8,1,1,0
4659.72,6,0,0,2.94,0,0,0
6759.74,9,0,1,14.82,0,1,0
1399.76,17,1,0,4.67,0,0,0
5569.79,14,0,2,4.82,0,0,0
435.18,11,0,3,5.1,0,0,0
6055.98,9,0,1,2.14,0,0,0
496.41,10,0,0,4.28,1,1,0
1680.21,12,0,0,4.24,2,0,0
5167.22,9,2,1,2.64,0,0,0
579.75,22,0,0,9.29,0,0,0
893.26,7,0,1,9.99,0,0,0
4159.34,23,0,1,3.64,0,1,0
4133.91,19,0,0,10.2,0,1,0
3339.5,12,0,0,5.75,1,0,0
3848.81,17,0,0,3.13,0,1,0
2563.9,16,0,0,7.68,0,0,0
19967.81,9,0,2,1.08,0,1,1
1417.39,11,0,3,4.9,0,1,0
701.28,14,1,4,10.14,0,1,0
7710.8,16,0,3,2.23,1,1,0
22326.79,14,1,2,1.6,0,0,0
1699.19,13,0,1,4.49,0,0,0
2043.7,13,1,0,4.3,0,0,0
9477.04,14,0,0,1.51,0,1,0
592.7,13,1,0,0.24,1,0,0
2883.82,14,1,1,0.46,0,0,0
2315.98,20,1,2,10.52,0,0,0
3085.1,16,1,0,0.44,1,1,0
118.48,17,0,2,8.97,0,1,0
6641.42,15,0,3,1.3,0,1,0
8667.96,16,0,1,2.69,0,0,0
2724.69,15,0,1,1.79,0,0,0
3877.19,3,0,0,2.4,1,0,0
8243.9,23,0,1,8.12,0,0,0
3990.87,4,0,0,2.15,0,1,0
18006.86,12,0,1,7.61,0,1,1
2807.85,7,0,0,2.83,0,0,0
16059.95,7,0,1,4.26,0,1,1
1826.0,18,0,1,1.37,0,0,0
4327.17,12,0,0,6.11,0,0,0
8775.77,18,2,2,7.36,0,1,1
8373.2,10,1,1,4.93,0,0,0
1977.97,10,0,0,2.68,0,1,0
444.57,10,0,0,3.55,0,1,0
13465.36,16,0,1,2.13,0,1,0
5902.3,18,0,0,1.34,0,0,0
486.07,13,0,1,5.69,2,0,1
26267.11,12,2,0,2.09,0,0,1
25577.21,22,2,0,5.4,0,1,1
17392.83,8,1,1,6.62,0,0,0
2923.08,13,0,1,3.84,0,0,0
1689.33,12,0,0,9.43,0,0,0
240.22,7,0,2,4.62,0,1,0
1366.45,10,0,1,4.65,0,1,0
5256.19,3,0,2,2.06,0,0,0
74.86,19,0,2,6.45,0,0,0
1358.28,15,0,0,13.22,0,0,0
1684.89,18,1,1,2.13,2,1,1
2526.83,14,0,3,2.32,0,1,0
8136.56,15,1,0,6.6,1,0,0
1420.57,17,0,1,4.33,0,0,0
18140.71,20,0,1,5.65,0,0,0
4340.03,7,0,0,4.1,0,1,0
22711.82,11,0,0,15.38,0,0,0
874.02,17,0,1,1.86,0,1,0
1987.3,21,0,3,7.86,0,0,0
545.82,22,3,1,3.17,4,1,1
680.97,16,0,0,3.41,0,0,0
2267.64,9,1,1,3.59,0,0,0
1797.2,8,0,1,8.08,0,0,0
7942.54,21,0,0,9.77,0,1,0
1500.11,13,0,1,1.69,0,1,0
2840.49,9,0,1,1.28,0,0,0
3261.25,21,0,1,3.57,0,0,0
102.18,7,0,4,7.74,0,1,0
3545.66,17,1,1,2.25,1,1,0
687.39,16,0,1,4.03,0,1,0
10447.19,7,0,0,1.26,0,1,0
575.03,11,0,2,2.38,1,0,0
1773.6,8,0,3,6.07,0,1,0
345.48,15,0,0,1.5,0,0,0
18517.86,13,0,1,1.13,0,0,0
17677.07,0,0,4,5.92,0,0,1
2955.42,22,0,2,5.1,0,0,0
282.18,11,2,0,3.31,0,0,0
4495.64,10,0,3,5.68,1,1,0
813.93,9,1,0,6.13,0,0,0
7366.61,8,0,1,2.59,1,0,0
794.68,23,0,1,1.14,0,0,0
737.03,10,2,2,5.55,0,0,0
179.15,12,0,2,1.34,0,1,0
2104.11,19,1,1,9.96,0,0,0
2722.54,16,0,1,4.9,0,0,0
277.49,11,0,2,6.92,0,0,0
4840.81,20,0,1,3.58,1,0,0
1992.27,17,1,0,2.91,0,0,0
2438.1,9,1,2,9.73,2,1,1
1919.78,16,0,2,5.13,0,0,0
1698.71,20,0,2,7.44,0,1,0
2684.52,14,0,4,9.49,0,1,0
599.85,17,0,0,7.92,0,1,0
702.58,22,0,1,15.25,0,0,0
6392.64,17,0,2,6.93,0,0,0
9406.92,7,0,0,1.66,0,1,0
1555.37,10,0,2,3.25,2,0,0
1070.34,15,1,3,5.36,0,0,0
3365.03,10,2,0,1.69,1,0,0
16526.79,21,0,1,5.75,0,1,1
142.29,12,1,0,3.59,0,1,0
603.31,13,0,3,3.09,1,0,0
4087.79,17,2,0,12.69,0,0,0
3502.08,14,0,1,7.32,1,1,0
147.9,12,0,2,5.33,2,0,0
863.18,7,0,4,6.32,0,0,0
900.84,15,1,0,1.64,0,0,0
3626.13,19,1,1,12.17,0,1,0
123.7,17,0,3,5.97,0,0,0
411.8,12,0,0,2.74,0,1,0
19895.7,8,0,0,5.0,0,0,0
18159.78,18,1,2,9.98,0,0,0
3444.64,21,0,1,7.51,0,1,0
930.56,12,0,2,5.62,0,0,0
395.17,17,0,2,8.01,1,0,0
951.58,12,0,2,3.01,0,1,0
4159.5,14,0,2,7.24,1,1,0
6254.68,19,2,1,1.3,0,1,0
5734.4,7,0,2,3.77,1,0,0
1679.66,14,0,3,6.13,1,0,0
3589.21,9,3,0,7.72,0,1,1
21392.36,11,0,2,1.65,0,1,1
1170.19,16,0,0,4.84,0,0,0
7313.12,3,0,0,4.72,0,0,0
101.88,15,0,3,0.47,0,0,0
18215.56,10,0,2,6.1,0,1,1
805.76,16,1,0,2.38,0,0,0
146.05,8,0,2,3.54,0,0,0
16127.23,17,0,0,5.52,0,1,1
2859.26,16,0,1,3.72,0,1,0
1811.0,22,0,0,1.46,0,0,0
7201.96,20,0,1,2.63,0,1,0
5502.23,10,0,1,5.73,0,0,0
1398.47,3,1,2,1.93,2,1,1
1021.04,16,0,3,5.52,2,1,0
1588.13,15,0,3,5.18,1,1,0
2915.42,3,0,3,3.7,0,1,1
1058.6,8,0,2,6.78,0,0,0
3191.4,15,0,0,8.13,0,0,0
19853.79,20,0,0,3.37,1,0,0
2629.82,20,1,4,2.87,0,0,0
1893.36,8,0,1,3.11,0,0,0
1176.16,12,0,1,4.44,0,1,0
9548.86,5,1,0,5.98,0,1,0
22673.95,13,0,0,13.23,0,0,0
543.05,17,0,2,2.13,0,1,0
6551.22,18,0,0,1.57,0,0,0
2198.63,14,2,1,1.53,1,1,0
7258.53,7,2,3,3.96,0,1,0
5207.89,12,0,2,3.85,0,0,0
1832.02,21,0,0,3.22,0,1,0
132.72,9,0,2,9.53,0,0,0
1061.28,11,0,2,9.4,3,1,1
2556.28,17,0,0,7.59,3,0,0
3271.83,17,0,1,3.35,0,0,0
1014.41,20,1,0,5.31,0,0,0
540.24,12,0,2,6.88,0,1,0
5824.44,14,0,1,13.42,0,0,0
13374.0,13,1,1,4.1,0,1,0
2446.86,21,1,0,4.64,2,1,1
662.74,18,0,2,2.58,0,0,0
1077.2,19,1,1,9.87,0,0,0
119.4,8,0,1,9.91,0,0,0
25697.44,18,0,0,4.53,0,1,1
460.9,13,0,0,1.5,0,0,0
2809.57,2,0,0,2.97,0,0,0
1084.9,6,0,1,12.24,0,1,0
2645.07,16,0,2,1.93,0,0,0
17707.85,12,0,1,5.38,0,0,0
5725.41,19,0,1,6.35,0,0,0
799.85,17,0,1,1.44,1,0,0
95.38,2,0,1,1.89,0,1,0
531.07,17,0,0,4.83,0,1,0
7428.87,9,0,0,5.48,1,1,0
6685.92,12,0,0,2.92,0,0,0
21048.04,16,3,0,4.55,0,0,1
2996.27,19,0,2,8.4,0,1,0
3559.95,13,0,0,13.39,0,0,0
677.03,18,0,0,0.59,0,0,0
7926.27,18,0,1,9.52,0,1,0
1796.35,12,0,2,1.9,0,0,0
1605.95,14,0,3,4.68,0,0,0
2401.49,17,0,1,7.33,0,0,0
213.93,4,0,3,0.72,0,0,1
641.96,20,0,0,2.4,0,1,0
4346.53,18,0,1,6.24,0,0,0
16777.89,10,0,1,3.31,0,1,0
16166.18,22,1,0,3.49,0,0,1
960.8,9,0,0,1.57,0,0,0
1638.06,20,0,0,1.78,0,1,0
18468.2,11,0,2,2.07,0,0,0
1466.56,18,0,1,7.79,0,1,0
4122.6,13,0,2,3.82,0,0,0
1188.23,17,0,2,1.19,2,0,0
2734.06,8,0,1,6.66,0,0,0
2128.35,10,1,1,7.97,0,0,0
3546.93,7,0,0,0.63,1,0,0
8898.15,19,0,1,8.97,0,0,0
4280.5,10,2,4,1.44,0,0,1
834.39,17,0,4,7.85,1,0,0
161.37,18,0,0,6.43,0,0,0
1033.34,20,0,2,2.9,0,0,0
23867.13,7,0,1,0.58,0,0,0
16026.86,20,0,0,5.92,0,0,0
2254.9,9,0,2,4.03,0,1,0
2966.97,17,0,3,7.52,0,0,0
1361.86,17,0,1,4.49,0,1,0
4775.68,0,0,1,3.91,2,0,0
21145.17,9,0,3,5.4,1,1,1
309.95,14,1,1,4.21,0,1,0
4228.47,12,0,0,9.45,0,0,0
2249.34,20,3,2,3.45,0,0,0
3791.34,11,0,1,7.93,0,0,0
15655.64,21,0,0,6.05,0,0,0
965.27,13,0,0,4.88,0,0,0
24391.04,22,1,2,0.79,0,0,0
5200.87,17,2,1,3.77,0,1,0
3856.64,19,0,0,1.33,0,1,0
14991.13,7,0,0,2.66,0,0,0
18103.49,15,0,0,2.51,0,1,1
1492.99,8,0,1,8.08,0,0,0
367.36,10,0,0,4.28,0,1,0
8036.64,16,0,0,8.65,0,1,0
530.82,17,0,1,1.24,0,1,0
9661.57,5,0,0,3.56,0,0,0
19516.65,14,0,0,15.09,0,0,0
715.14,15,0,3,5.09,0,0,0
20300.38,7,1,0,2.3,0,1,1
6662.05,14,0,1,1.7,0,1,0
4276.34,17,0,2,6.8,0,0,0
24518.63,6,0,1,3.8,0,1,1
3500.76,18,1,3,8.04,1,0,0
3831.37,15,0,3,0.96,2,0,0
6113.67,19,0,3,0.1,0,1,0
979.17,9,0,2,3.18,1,0,0
2211.1,19,0,1,3.83,1,1,0
860.04,7,0,1,1.16,0,1,0
14125.79,12,0,1,8.66,0,1,0
9287.08,9,1,1,5.79,0,1,0
188.72,19,0,3,8.23,0,1,0
3972.74,17,0,0,8.28,0,1,0
8359.47,2,1,1,1.34,0,0,0
697.29,0,0,2,5.08,2,1,0
2745.45,10,0,1,6.38,0,0,0
7966.77,8,2,1,8.01,0,0,0
170.51,16,0,0,11.06,0,1,0
3885.31,16,1,1,10.03,2,1,1
1189.26,21,1,2,1.39,0,0,0
8323.2,21,0,0,4.31,0,0,0
11395.9,16,0,0,3.47,0,0,0
9298.96,0,0,0,2.16,0,0,0
20039.65,11,0,0,3.01,1,0,0
24147.51,14,0,1,10.7,0,0,0
6016.57,14,0,0,5.07,0,0,0
1289.89,15,0,0,0.45,0,0,0
5709.91,22,0,3,0.82,0,0,0
180.67,20,0,0,3.31,0,0,0
2962.43,7,0,0,13.95,0,0,0
896.4,10,0,0,1.3,0,0,0
20769.95,19,0,2,7.86,1,1,1
16933.53,18,1,3,4.55,0,1,1
3873.37,10,0,0,6.66,0,1,0
1389.04,17,0,0,6.94,1,0,0
4188.44,16,0,1,13.43,0,1,0
276.29,13,2,1,7.44,2,1,1
1272.03,9,0,2,3.52,0,0,0
2541.36,20,2,0,2.64,0,0,0
5065.11,16,1,4,11.32,0,0,0
1288.25,8,0,1,3.05,0,0,0
3206.27,17,0,2,5.24,0,0,0
7008.36,17,0,0,1.11,0,1,0
3121.62,20,0,2,1.25,1,1,0
908.69,9,0,3,4.35,0,0,0
139.05,23,1,1,1.25,0,1,0
6591.14,8,1,0,5.03,1,0,0
128.8,15,1,0,1.23,0,1,0
6706.58,16,0,0,7.59,0,1,0
2468.84,12,0,1,3.14,0,1,0
9013.57,13,0,1,6.82,2,0,0
5190.79,20,0,1,6.65,0,0,0
28000.0,16,1,0,6.26,1,0,0
1442.01,14,1,0,5.43,0,1,0
4724.08,8,0,0,5.31,1,0,0
15999.27,0,0,0,3.34,0,0,0
2151.8,8,0,0,3.95,0,1,0
3220.11,21,0,1,11.33,0,1,0
6680.53,18,0,1,7.99,1,0,0
13309.27,22,0,1,3.97,0,0,0
4739.03,4,0,1,1.99,0,0,0
1790.83,16,1,2,1.9,1,1,0
1810.62,5,0,2,4.89,0,1,0
4341.02,18,1,0,7.76,0,0,0
933.05,12,0,2,6.57,0,1,0
434.61,7,2,0,28.23,0,0,0
1461.34,15,4,1,1.4,0,1,1
1143.55,10,0,0,2.16,1,0,0
1184.53,16,0,1,9.01,0,1,0
911.4,16,0,1,2.69,0,0,0
197.62,17,0,1,2.9,0,0,0
117.71,23,0,1,13.89,0,0,0
14139.93,12,0,1,6.9,0,1,0
1846.3,13,1,1,6.31,0,1,0
1612.12,18,0,1,0.72,0,0,0
3702.66,15,0,1,4.83,0,0,0
847.92,4,0,2,2.34,0,0,0
9643.86,19,1,0,2.69,0,1,0
4998.86,5,0,1,10.85,0,1,0
359.72,9,0,1,1.94,0,1,0
1789.81,7,1,2,4.04,0,1,0
6821.42,7,0,1,4.97,0,1,0
9325.8,2,0,2,3.13,0,0,0
18275.92,6,0,2,1.87,0,1,0
3101.26,13,0,3,4.72,0,0,0
644.84,10,0,1,4.72,0,0,0
15194.22,8,1,1,5.86,1,0,0
903.32,16,0,3,7.74,0,1,0
9212.03,9,0,1,2.32,0,0,0
3416.2,1,0,3,1.72,0,1,1
3054.63,12,0,3,4.39,0,1,0
21062.35,11,0,1,1.91,0,0,0
899.15,11,1,0,7.01,0,1,0
681.52,13,1,2,3.54,0,0,0
857.07,16,0,1,10.37,0,1,0
14060.61,16,0,2,2.44,0,0,0
4899.17,21,0,3,4.77,0,0,0
1439.12,14,1,0,2.93,0,0,0
250.67,13,0,0,1.43,0,1,0
11186.67,9,0,1,2.98,0,1,0
6947.43,17,1,2,2.31,0,1,0
8468.49,8,0,0,1.85,0,0,0
16956.16,14,0,1,0.9,2,0,1
671.31,12,0,1,7.63,0,1,0
1674.66,16,0,1,3.1,0,0,0
4603.37,20,0,1,27.93,0,0,0
3870.55,21,0,0,5.67,0,0,0
594.76,8,0,1,1.88,0,1,0
5474.12,10,0,2,3.97,0,0,0
873.35,18,0,1,3.24,0,0,0
14903.2,14,1,0,3.02,0,0,0
2523.91,13,0,0,5.21,1,0,0
2936.14,17,0,0,3.67,0,0,0
2836.66,15,0,1,5.44,0,0,0
367.03,22,0,3,2.92,0,1,0
6777.84,15,0,0,1.43,0,0,0
1047.84,13,0,1,4.45,0,1,0
503.85,14,2,2,2.71,0,0,0
7087.07,18,0,0,8.73,0,0,0
23879.07,15,0,1,4.2,0,0,0
24082.57,16,1,2,1.3,0,1,1
5366.2,22,0,0,1.59,0,1,0
18410.64,16,0,2,6.61,0,1,0
16951.4,12,0,2,0.84,0,1,0
351.22,17,0,0,9.4,0,0,0
1740.05,16,1,0,0.81,0,1,0
1552.2,0,0,0,3.2,0,0,0
1022.47,13,0,0,12.78,0,0,0
4172.82,17,1,0,6.4,1,1,0
2251.78,14,0,0,5.69,0,0,0
330.46,18,0,0,1.53,0,1,0
855.83,13,0,2,11.59,0,0,0
3738.94,23,3,1,5.8,0,0,0
313.39,10,0,2,12.6,0,0,0
6156.64,7,0,2,1.92,0,1,0
19989.32,12,0,3,2.69,0,0,0
2156.18,14,2,3,1.42,0,0,0
22022.44,11,1,0,2.45,1,1,1
5631.67,10,0,0,2.55,1,1,0
1427.74,16,1,1,7.39,0,0,0
3686.41,12,1,0,3.51,2,0,0
18386.34,16,0,3,5.95,0,0,0
18679.71,18,0,1,5.23,1,1,0
6808.52,18,0,2,1.17,0,0,0
5169.28,12,0,0,5.44,0,0,0
3497.65,15,0,1,5.74,0,1,0
6143.22,13,0,0,5.36,0,0,0
6522.79,19,0,1,3.45,0,0,0
4003.19,19,0,4,12.41,0,1,0
19650.07,11,1,3,8.41,0,0,0
24367.38,7,0,0,1.8,0,0,0
3707.6,8,0,1,13.03,0,1,0
3144.6,11,1,1,4.2,2,0,0
20226.27,15,0,1,3.38,0,0,0
612.62,16,1,3,1.64,0,1,0
27848.19,11,0,3,3.97,0,1,1
6634.41,16,0,3,6.55,0,0,0
154.99,21,0,1,3.24,0,0,0
5652.47,16,0,2,6.34,0,0,0
501.48,8,0,2,11.28,4,1,1
1366.07,15,0,1,10.63,0,1,0
25242.81,14,1,0,3.71,1,1,0
620.83,19,0,1,5.64,0,0,0
24742.0,11,0,2,4.21,0,1,1
5770.69,12,0,3,7.28,0,1,0
2326.22,15,0,1,6.29,0,1,0
80.5,14,1,1,3.69,0,1,0
1142.65,17,0,1,5.06,0,0,0
3130.49,5,0,1,5.68,0,0,0
12774.12,15,0,2,10.72,0,0,0
3257.33,8,0,1,4.16,1,0,0
1022.69,11,1,1,6.79,1,0,0
3276.44,16,4,1,3.48,0,1,0
2544.79,8,0,0,4.95,0,0,0
4902.96,11,0,0,3.8,1,1,0
422.07,17,0,5,1.97,2,0,1
4640.51,16,0,0,1.17,0,0,0
2553.72,7,0,1,3.21,0,0,0
23769.72,15,0,2,3.74,1,1,1
18746.54,8,1,0,5.56,0,1,0
16959.06,10,0,3,7.62,0,1,1
8663.72,13,0,1,2.28,0,0,0
406.09,7,1,0,3.16,0,0,0
8918.41,23,1,1,6.59,0,1,0
3786.03,8,0,1,4.38,0,1,0
284.79,18,1,1,1.94,0,1,0
1205.77,19,1,0,4.75,0,1,0
4001.09,23,0,1,2.07,0,1,0
283.12,12,1,0,6.37,0,0,0
2852.58,19,0,0,12.54,0,0,0
21579.41,21,0,2,6.69,0,0,0
3163.99,9,0,0,9.48,0,0,0
209.83,13,1,1,1.36,0,1,0
6626.76,6,0,1,5.1,0,0,0
11676.62,16,0,1,6.63,0,0,0
11163.47,15,0,1,1.26,0,0,0
4491.69,9,0,0,5.01,0,0,0
505.96,18,0,0,5.13,0,0,0
23920.79,4,0,1,1.19,0,1,1
139.66,18,0,1,4.33,2,0,0
131.59,3,1,1,5.61,1,0,0
1311.15,16,0,0,6.67,0,1,0
2206.2,7,1,2,1.51,0,1,0
4768.64,10,0,1,0.71,1,0,0
3739.31,17,0,2,5.05,0,0,0
1949.33,10,0,1,3.32,0,0,0
1083.01,14,0,0,9.53,0,0,0
18784.89,20,1,1,15.49,1,0,1
1837.41,5,0,0,6.98,0,1,0
1981.16,18,0,1,11.61,0,0,0
631.77,6,0,0,2.69,0,0,0
5128.21,8,0,1,6.84,0,0,0
24624.75,8,0,1,2.45,0,1,1
858.24,23,0,1,7.35,1,1,0
335.11,9,0,1,5.86,0,0,0
3711.19,20,0,1,7.61,0,0,0
3460.94,23,0,3,1.91,0,1,0
1081.39,12,0,2,6.73,0,0,0
9702.09,16,0,1,9.08,0,0,0
584.05,18,0,1,5.67,0,0,0
1871.92,12,1,0,5.01,0,1,0
9261.82,8,0,0,2.87,0,0,0
1801.62,13,0,1,20.73,0,1,0
3316.21,18,0,0,4.93,0,0,0
1681.84,18,0,1,4.56,2,0,0
1085.61,9,0,3,4.23,1,0,0
28000.0,9,0,1,3.16,0,1,1
1744.81,20,0,1,6.96,0,0,0
24422.19,5,0,2,7.83,0,0,0
896.18,17,0,1,7.1,0,0,0
826.91,5,0,1,14.68,0,0,0
17313.0,19,0,1,1.73,2,0,1
3434.71,20,0,0,4.47,0,0,0
1531.04,10,0,0,0.9,1,0,0
6452.76,6,0,2,4.1,0,1,0
2111.05,13,0,0,7.33,0,0,0
11093.86,10,0,2,1.9,0,1,0
716.68,12,0,2,1.32,0,0,0
6554.99,16,1,0,1.18,3,0,0
20947.67,9,0,1,1.18,1,0,0
4775.81,11,0,1,8.03,0,1,0
6021.38,18,0,0,1.6,0,0,0
4640.45,16,0,0,7.53,0,1,0
3209.08,11,0,2,3.53,0,1,0
510.22,16,0,2,2.16,0,1,0
165.81,18,0,1,5.11,0,0,0
8176.43,15,0,1,4.02,0,0,0
3128.18,10,0,1,2.78,0,1,0
5155.27,0,0,2,0.8,0,0,0
2161.95,18,2,3,2.44,0,1,0
459.29,18,1,1,3.17,0,0,0
487.98,17,2,1,4.17,0,0,0
3762.33,7,0,4,4.45,0,0,0
1860.5,15,1,0,2.48,0,0,0
17525.68,18,1,3,5.31,0,1,1
2224.72,12,1,1,6.67,2,1,1
18355.66,9,0,0,10.94,0,1,1
2851.06,15,1,1,7.64,2,0,0
1062.66,18,0,3,1.03,0,0,0
5171.38,5,0,1,7.88,0,0,0
1249.08,15,0,2,10.4,1,0,0
2003.6,16,1,0,12.19,0,1,0
97.4,15,0,0,1.48,0,0,0
300.66,16,0,3,3.62,0,0,0
22118.44,16,2,0,1.0,0,0,1
2152.19,8,0,1,3.6,0,1,0
2992.29,10,1,1,2.23,2,1,1
1163.47,16,1,1,4.71,0,0,0
3859.63,1,0,1,6.83,1,0,0
6354.36,16,0,3,3.78,0,1,0
4903.04,16,0,2,15.98,0,0,0
189.36,10,4,4,6.37,0,0,0
2155.69,15,1,1,6.32,0,1,0
414.73,14,0,0,6.7,0,0,0
946.82,10,0,3,1.23,0,0,0
13874.98,13,0,0,6.85,0,0,0
551.93,20,0,1,2.32,1,1,0
2270.96,12,0,0,6.05,0,0,0
3140.78,16,0,3,4.31,0,1,0
21706.19,4,0,2,3.77,0,0,1
2684.58,7,0,1,2.31,0,0,0
91.42,7,0,2,3.23,0,0,0
1324.67,18,1,1,3.94,0,1,0
2393.48,11,0,2,2.57,0,1,0
354.3,9,0,1,0.75,0,0,0
1441.59,17,0,2,6.97,0,0,0
168.05,9,0,2,2.52,0,0,0
321.88,10,0,3,3.24,0,0,0
1678.27,13,1,1,3.77,0,1,0
20372.57,11,0,0,12.41,0,0,0
2742.46,15,0,2,7.29,0,1,0
23704.51,11,0,2,0.5,0,0,0
5219.6,12,0,0,8.48,1,1,0
774.66,19,0,0,0.88,0,0,0
646.56,20,0,1,5.3,0,0,0
413.44,18,0,1,5.84,1,0,0
3297.71,19,0,0,1.63,0,0,0
21133.21,15,0,1,2.28,0,0,0
162.71,16,0,3,2.76,1,1,0
8867.02,15,0,1,2.48,0,0,0
230.79,18,0,0,1.29,0,0,0
2553.92,15,0,1,6.2,0,0,0
4010.85,7,0,1,1.39,0,0,0
6612.65,18,0,2,3.14,0,0,0
4066.62,18,0,4,2.73,0,0,0
5237.97,18,0,1,2.85,0,0,0
1386.98,9,0,2,3.45,0,1,0
5456.65,10,0,2,4.03,0,0,0
327.22,10,0,0,0.1,0,0,0
7266.56,14,0,1,1.56,0,0,0
2598.15,8,1,0,8.71,0,0,0
5499.67,12,0,1,6.58,1,0,0
1986.6,9,0,1,0.46,0,0,0
19141.0,10,0,2,1.93,0,0,0
2451.67,17,0,1,3.61,0,1,0
4268.76,19,2,1,1.53,0,0,0
332.5,2,1,1,3.69,0,0,0
259.2,15,0,0,1.73,0,1,0
968.25,4,0,1,8.13,0,1,1
616.2,7,2,1,6.98,0,1,1
6632.91,17,0,0,10.77,1,1,0
851.85,17,0,1,6.43,0,1,0
11977.13,18,0,3,5.66,0,0,0
19491.22,13,0,0,1.61,0,1,1
703.32,19,0,3,2.24,0,0,0
5049.48,8,1,1,5.97,0,0,0
3500.05,10,0,3,2.74,0,0,0
2266.54,8,0,1,6.77,0,1,0
2653.59,18,2,0,1.1,0,0,0
4124.38,9,1,2,4.34,0,0,0
889.95,8,0,0,3.8,0,0,0
18007.62,16,0,0,2.06,1,0,0
11838.05,7,0,3,4.08,0,1,0
3422.41,5,0,1,1.54,0,1,0
772.23,7,0,3,3.71,0,0,0
3708.47,0,0,0,1.0,0,0,0
299.8,17,2,3,2.29,0,0,0
159.62,15,1,1,8.85,1,1,0
1013.53,9,0,2,8.69,0,0,0
18614.4,9,1,1,3.51,0,0,0
6546.46,18,0,0,4.74,0,1,0
4216.49,14,0,1,10.18,0,1,0
4404.12,17,1,2,3.33,0,1,0
1833.58,13,0,4,1.19,0,0,0
1418.56,10,1,0,5.26,0,1,0
1543.79,22,0,1,2.88,1,1,0
14121.0,15,0,0,9.81,0,0,0
190.99,8,0,0,1.98,0,1,0
6516.46,12,0,1,2.42,0,1,0
2825.93,11,0,2,4.49,0,0,0
1907.52,9,2,0,8.87,0,0,1
4194.15,21,0,2,6.71,0,1,0
15845.4,19,0,1,4.55,0,1,1
6674.1,9,0,0,6.42,0,1,0
23473.28,11,1,1,12.8,0,1,1
1812.64,18,0,1,3.79,0,0,0
1097.15,9,0,1,1.36,0,0,0
2931.51,15,1,1,4.47,0,1,0
7850.58,17,2,1,9.83,0,1,1
816.99,16,0,1,1.95,0,0,0
3181.35,17,0,3,1.57,0,0,0
3255.13,17,0,0,7.69,0,0,0
4286.98,22,0,2,1.58,1,0,0
511.41,11,1,2,5.42,0,0,0
4086.13,19,4,2,3.64,0,0,0
7731.21,2,0,1,6.36,0,1,0
693.81,10,1,3,7.88,0,0,0
927.87,5,0,2,1.97,0,0,0
11433.37,16,0,3,1.62,0,0,0
698.86,7,0,1,8.34,0,0,0
27178.3,19,3,1,5.52,1,0,1
2229.03,16,0,0,2.7,1,1,0
968.79,3,0,2,0.42,2,0,1
6607.22,17,2,1,1.15,0,1,0
1945.88,19,0,0,5.2,0,0,0
2374.34,16,0,0,3.47,2,1,1
1484.29,3,0,3,8.34,2,1,1
2936.23,19,0,0,8.11,0,0,0
14019.48,17,0,1,2.59,0,1,0
1647.43,12,2,1,4.64,0,1,0
11218.91,11,0,0,7.23,1,1,0
1015.47,13,1,1,2.94,0,0,0
3481.62,19,0,0,8.56,0,0,0
1318.64,10,0,0,10.16,0,1,0
4811.65,7,1,1,5.7,0,1,0
508.85,19,0,1,2.7,0,1,0
11261.95,3,0,0,10.5,0,0,0
1995.2,20,1,1,3.83,0,0,0
19494.95,11,0,1,2.09,0,0,0
304.28,14,0,1,2.13,0,0,0
655.32,8,0,5,2.93,0,0,0
2407.19,20,0,0,8.76,0,1,0
21104.66,17,1,2,4.44,0,0,0
5709.31,20,1,4,5.09,1,1,0
1863.77,17,0,0,7.64,0,1,0
975.1,9,0,2,1.7,1,0,0
21322.12,11,0,0,4.59,0,1,1
21543.82,13,0,0,2.76,0,1,1
644.87,15,0,1,0.71,0,0,0
647.09,21,0,0,5.63,3,0,0
179.55,12,0,1,6.07,0,0,0
4326.66,17,0,0,5.63,0,1,0
3548.2,22,2,2,9.24,0,1,1
2119.69,8,0,1,8.45,1,0,0
6008.78,19,0,1,4.37,0,1,0
5302.23,12,0,1,2.37,0,0,0
2877.06,17,1,0,7.7,0,1,0
6546.43,10,2,2,10.36,0,1,1
19457.95,11,2,1,4.13,0,0,1
439.82,3,0,2,7.15,0,1,1
17500.72,22,0,4,6.3,0,0,0
248.1,18,0,1,5.98,0,0,0
2484.04,7,0,1,2.09,0,1,0
8886.82,23,3,0,3.02,0,0,0
13919.34,15,0,0,6.79,2,0,0
476.75,19,0,1,3.64,0,1,0
1985.9,6,0,0,7.01,1,0,0
8751.87,12,0,1,4.2,0,0,0
1276.08,16,1,1,4.17,4,1,1
2324.71,7,0,0,1.92,0,0,0
195.88,14,0,0,11.38,0,1,0
573.83,13,0,1,6.36,0,0,0
13867.2,9,0,1,15.68,1,0,0
10798.57,10,0,1,8.74,4,0,0
75.85,22,1,1,3.48,0,0,0
9764.45,10,0,0,2.7,0,0,0
3321.47,9,2,0,9.86,0,0,0
6537.87,14,0,1,1.28,0,1,0
22699.75,16,0,3,5.77,0,1,1
2379.48,17,1,3,6.11,0,0,0
2207.47,17,0,3,6.26,0,0,0
3577.46,4,0,2,9.3,0,0,0
541.34,12,0,4,5.05,0,0,0
157.38,18,0,0,6.33,2,0,0
1237.82,20,2,1,9.42,0,1,1
3963.03,15,0,1,1.85,0,1,0
781.48,5,0,0,1.45,0,0,0
3641.18,12,0,2,9.0,0,1,0
11271.62,6,0,2,2.72,0,1,0
375.54,17,0,0,6.76,0,1,0
3633.05,6,1,2,16.13,1,1,0
1936.92,9,1,2,8.97,0,0,0
6543.3,12,0,1,0.49,0,1,0
683.94,13,0,0,9.96,1,1,0
3835.01,12,0,0,1.88,0,0,0
5886.79,13,0,0,8.23,0,0,0
9318.98,17,0,0,5.71,0,0,0
3738.84,11,0,1,14.03,0,1,0
2260.04,15,0,3,1.87,0,1,0
3138.19,10,0,1,1.28,0,0,0
6561.87,11,1,1,5.14,0,1,0
2765.25,16,1,1,2.14,0,0,0
158.75,14,4,3,6.11,0,0,0
8613.3,17,0,0,2.76,0,1,0
20261.31,15,0,2,2.5,0,0,0
21994.63,18,0,1,0.62,0,0,0
837.38,13,0,0,2.47,1,0,0
3501.72,14,0,1,5.02,0,1,0
1662.09,16,0,2,4.52,0,1,0
3430.72,9,0,1,3.8,2,0,1
420.68,12,0,0,3.07,0,0,0
3491.98,16,0,2,6.64,0,1,0
23873.51,3,0,2,0.83,0,0,1
218.12,13,0,3,6.9,0,1,0
12155.56,15,1,0,12.44,1,0,0
1731.7,22,0,1,5.73,0,0,0
6607.31,19,0,1,0.36,0,0,0
4940.1,10,0,1,3.48,0,0,0
2738.58,14,0,0,5.56,0,0,0
4351.61,6,1,0,0.33,0,0,0
6805.5,10,0,2,6.61,0,1,0
1716.8,18,0,1,15.13,0,1,0
1327.39,8,0,2,0.4,0,0,0
20834.95,10,0,2,4.49,0,1,1
18775.65,21,1,0,19.57,0,0,0
4657.39,18,1,0,1.08,0,1,0
5175.41,18,0,2,5.77,0,0,0
1890.28,19,1,1,7.3,0,0,0
5509.08,17,0,0,2.92,0,0,0
21091.8,8,0,1,8.15,0,0,0
2576.27,14,0,0,14.37,0,0,0
19418.78,13,2,1,5.11,0,1,1
1315.77,11,0,2,5.75,0,0,0
1520.59,19,1,1,5.18,0,1,0
1674.29,13,0,0,5.55,0,0,0
3864.72,6,0,0,2.96,0,0,0
1634.19,10,1,1,6.77,0,0,0
1965.49,9,0,1,4.79,0,0,0
927.87,20,0,0,3.2,3,1,1
1555.07,16,0,2,2.11,0,0,0
885.04,15,1,2,3.8,0,1,0
303.24,14,0,2,1.25,0,0,0
3019.84,16,0,2,11.08,1,1,0
3590.44,17,0,2,10.07,0,1,0
3151.98,15,1,0,3.34,0,1,0
16245.35,21,0,2,2.21,0,1,1
1588.61,22,0,3,5.02,0,1,0
6428.68,23,1,0,3.93,0,1,0
2402.59,16,0,1,0.82,0,1,0
2147.53,21,0,4,6.48,0,0,0
143.12,12,0,0,8.26,0,1,0
22248.9,19,0,3,5.56,0,1,0
20485.94,20,0,1,2.48,1,1,1
1688.37,20,1,0,6.55,1,0,0
2837.32,19,0,1,4.25,0,0,0
2500.69,12,0,0,10.58,0,0,0
3056.0,8,0,1,9.93,0,1,0
4692.55,11,0,1,4.79,0,1,0
5425.03,18,0,1,10.16,0,0,0
4112.11,9,1,1,2.21,0,0,0
10020.96,13,0,1,5.09,2,1,0
118.88,15,0,0,10.4,0,0,0
17535.79,15,0,2,8.91,0,0,0
84.29,21,0,1,7.93,0,0,0
3396.43,16,0,0,5.16,0,0,0
7365.86,18,0,0,8.79,0,0,0
952.89,15,1,2,9.15,0,0,0
8436.86,19,0,0,4.35,0,0,0
258.91,10,0,2,3.87,0,0,0
8779.13,9,0,1,8.56,0,1,0
19337.46,21,0,2,4.65,0,0,0
402.21,17,1,0,2.64,1,0,0
2188.9,16,0,2,3.97,0,0,0
1009.63,13,0,1,6.59,0,1,0
1132.94,12,0,0,19.03,1,1,0
1234.86,15,0,0,2.48,4,0,0
5258.99,8,0,0,2.15,0,1,0
16392.96,13,0,1,6.34,1,0,0
1253.47,13,0,1,5.61,0,1,0
3075.89,14,0,1,6.21,0,1,0
4089.8,16,1,0,12.2,0,1,0
1078.6,21,0,2,6.91,0,1,0
1767.73,16,0,0,1.99,0,0,0
475.93,19,0,1,1.11,0,1,0
699.53,15,1,1,5.77,0,1,0
3717.39,16,0,4,3.41,0,0,0
700.66,6,0,2,7.31,0,1,0
2443.31,8,0,0,3.87,0,0,0
4010.69,15,0,3,6.3,0,0,0
421.7,12,0,1,3.41,2,0,0
20224.06,18,0,1,13.25,0,0,0
1008.71,14,0,0,1.91,0,1,0
10603.56,19,0,0,2.23,0,1,0
2174.46,22,1,2,3.74,0,0,0
5307.55,8,0,1,6.03,0,0,0
2616.84,12,0,2,17.31,0,1,0
202.03,16,0,0,10.38,1,0,0
16858.27,11,3,0,1.8,0,0,1
9737.44,10,0,1,8.31,0,1,0
3005.05,18,0,0,1.8,0,0,0
5532.97,22,0,2,1.74,0,1,0
6959.03,18,0,1,5.57,0,1,0
888.4,14,0,2,2.32,0,0,0
822.61,13,1,1,7.63,0,0,0
3081.21,14,0,1,2.01,1,0,0
1754.01,13,0,0,3.4,0,0,0
23280.33,14,0,0,2.65,1,1,0
7429.01,9,1,0,4.77,0,0,0
18876.96,20,2,1,2.75,0,1,1
925.05,17,0,1,1.61,0,0,0
4912.86,16,0,0,6.23,0,0,0
1088.21,21,0,1,4.99,0,1,0
5594.17,10,0,0,6.32,0,0,0
1823.82,7,0,3,0.88,0,1,0
3584.05,18,2,0,4.86,0,1,1
381.32,23,0,1,9.85,0,0,0
3188.93,15,0,2,10.95,1,0,0
1983.38,6,1,0,4.3,0,0,0
2886.75,18,0,3,1.74,0,0,0
20644.12,6,0,1,1.72,0,0,0
4332.39,14,0,2,2.92,0,1,0
6416.14,10,0,0,7.04,0,0,0
841.73,20,1,1,1.42,1,1,0
381.95,13,2,2,6.48,0,0,0
136.55,20,0,1,6.18,0,1,0
3346.86,10,1,0,3.72,0,1,0
3049.39,12,0,0,3.82,0,1,0
2591.83,21,0,2,6.53,0,1,0
904.47,9,0,2,6.22,0,1,0
20446.96,15,0,1,2.38,0,0,0
2948.24,12,0,1,3.91,0,1,0
2257.45,18,0,0,3.6,0,0,0
14156.43,8,0,1,4.6,0,0,0
15525.83,13,0,2,1.4,0,0,1
3861.34,17,3,0,4.99,0,1,0
1717.76,12,2,0,3.86,0,0,0
21956.1,6,1,1,2.29,0,1,0
4106.15,17,0,1,3.12,0,1,0
3833.03,14,0,1,3.7,0,0,0
15226.04,0,0,2,3.41,0,0,0
499.74,15,0,1,2.89,1,0,0
411.8,20,0,2,3.17,1,1,0
4183.46,7,0,0,9.65,0,0,0
2823.74,15,0,0,3.97,0,0,0
1085.37,17,1,0,1.94,0,0,0
324.8,6,0,1,10.71,0,0,0
17932.5,2,0,0,6.43,0,1,1
7247.58,13,0,1,6.37,0,0,0
741.69,18,0,0,2.68,0,0,0
1310.03,8,0,0,5.88,0,0,0
882.5,19,0,0,3.16,0,0,0
1463.2,16,1,1,2.51,0,0,0
18141.28,11,0,2,15.3,0,0,1
2402.44,14,0,2,1.61,0,0,0
284.02,22,0,1,2.91,0,0,0
5215.91,9,0,1,2.59,1,1,0
911.83,14,0,1,7.24,1,1,0
2544.98,16,0,2,11.18,1,1,0
6846.95,8,0,3,4.52,0,0,0
3427.46,5,0,1,4.97,1,1,0
2496.27,0,0,1,0.97,0,0,0
15666.43,11,0,1,4.31,0,1,0
1355.9,6,0,3,4.13,0,0,0
3602.75,18,0,1,3.8,0,0,0
28000.0,23,0,1,9.21,0,0,0
3529.55,6,0,1,5.98,0,0,0
23118.78,13,0,0,4.3,0,0,1
23457.51,2,0,2,3.9,0,0,1
2062.79,8,0,0,2.44,0,0,0
258.49,11,0,2,2.88,0,0,0
2703.89,12,0,1,16.0,0,0,0
10175.85,21,0,2,18.37,0,0,0
676.77,12,0,0,1.24,0,1,0
3807.84,14,0,0,5.89,0,1,0
777.8,10,0,0,4.21,0,0,0
23042.02,0,0,1,1.22,1,0,0
385.36,20,0,2,12.0,0,1,0
1975.24,7,0,1,8.11,0,0,0
4576.02,22,0,0,8.52,0,0,0
16844.97,8,0,2,2.93,2,1,1
3558.76,15,0,0,4.24,0,1,0
5138.22,23,0,2,0.22,0,0,0
8443.15,8,0,3,5.58,0,0,0
915.72,12,0,1,11.48,0,1,0
1691.0,18,0,1,1.58,0,0,0
589.17,4,0,0,1.55,0,0,0
15710.1,17,0,0,13.68,0,0,0
8435.39,7,0,0,2.72,0,1,0
2544.59,10,0,1,0.8,0,0,0
5965.19,8,0,1,0.71,0,0,0
2415.09,20,0,4,3.16,0,0,0
3186.61,9,0,2,0.88,1,0,0
358.72,5,0,1,7.36,0,1,0
4564.32,15,0,0,2.9,0,1,0
497.24,11,0,1,10.24,0,0,0
5657.08,12,3,1,8.15,0,1,1
4934.85,8,1,2,4.43,2,0,0
4007.38,17,1,0,6.65,0,0,0
177.86,15,0,1,1.92,0,0,0
1215.69,11,1,2,4.43,0,0,0
20925.98,9,0,2,0.96,0,0,0
1488.8,15,0,0,6.05,0,1,0
353.52,18,0,0,7.82,0,0,0
8904.64,11,0,3,3.96,1,1,0
2642.38,2,0,1,12.86,0,0,0
1226.71,9,0,0,3.29,0,0,0
1678.58,16,0,1,5.28,0,0,0
18867.99,23,0,2,2.76,0,0,0
2996.89,0,1,0,0.81,1,0,0
2380.03,11,0,3,6.69,0,0,0
8118.1,6,0,1,12.36,0,0,0
2258.7,11,0,0,8.99,0,1,0
15574.44,12,0,2,5.82,0,0,0
6161.33,20,1,1,1.92,0,0,0
808.28,7,1,2,9.98,1,0,0
8596.96,18,0,0,5.0,0,0,0
455.88,12,0,3,1.01,0,1,0
5502.33,18,3,0,2.41,0,1,0
1592.93,14,2,1,4.78,0,1,0
21102.61,5,0,1,2.24,1,0,0
24891.63,21,0,3,6.36,0,0,1
5306.44,7,0,3,1.33,0,0,0
5054.54,15,0,1,15.68,0,0,0
1222.82,19,2,2,4.43,0,1,1
330.02,7,1,0,1.76,0,1,0
1710.58,15,0,1,1.63,0,0,0
669.87,18,0,2,1.24,0,0,0
3859.31,23,0,2,9.33,0,1,0
1419.36,17,0,2,1.58,0,1,0
11943.49,10,0,0,1.82,1,0,0
3337.94,17,0,2,16.49,0,0,0
5591.76,17,0,0,4.61,0,1,0
514.94,17,1,2,3.27,0,0,0
6397.94,19,1,1,2.02,0,1,0
8254.56,7,0,0,2.38,0,1,0
2196.32,7,0,1,4.32,0,0,0
3042.55,16,0,1,9.08,0,0,0
4691.55,21,0,0,13.0,0,0,0
674.96,13,0,3,0.92,3,0,0
20767.5,22,0,0,4.3,0,0,0
1687.52,21,1,1,10.02,0,0,0
566.44,20,0,1,8.71,0,1,0
1526.01,20,0,0,1.03,2,0,0
15581.34,20,0,1,2.23,0,0,0
143.68,18,0,1,7.05,0,0,0
524.7,17,0,1,1.46,0,1,0
10619.85,2,0,3,2.39,0,1,1
15831.83,8,0,0,13.25,2,0,1
10863.77,8,3,1,3.26,0,1,0
1872.83,2,0,1,5.39,0,0,0
1255.84,8,0,1,3.79,1,1,0
2317.62,20,0,1,1.84,0,1,0
1912.63,16,0,1,4.64,0,1,0
15016.14,11,0,0,1.47,0,0,0
3336.64,18,0,0,5.48,0,1,0
838.86,14,0,1,9.73,0,0,0
3152.8,8,0,1,3.6,0,1,0
3421.27,20,0,1,3.54,0,1,0
587.69,11,0,2,5.65,0,0,0
262.6,17,1,0,1.01,0,0,0
4916.31,10,1,0,6.99,0,1,0
18228.83,14,0,3,6.88,0,0,0
251.76,18,0,0,9.04,0,1,0
16930.18,8,2,1,3.22,0,0,1
250.45,22,2,1,5.91,0,0,0
3860.19,6,0,1,12.73,0,1,0
13228.95,14,0,1,9.31,0,0,0
15275.25,20,0,3,7.81,0,0,0
551.01,21,0,0,12.78,0,0,0
474.11,9,1,1,2.76,1,0,0
1216.37,8,0,1,2.01,0,0,0
400.87,17,0,1,1.25,1,0,0
3830.17,5,0,2,5.68,1,1,0
265.81,13,0,1,8.95,1,0,0
2338.95,18,0,1,0.37,0,0,0
18341.22,15,0,1,4.64,0,1,1
5441.92,9,0,1,12.5,0,0,0
3116.26,14,1,0,7.21,0,0,0
1230.08,20,0,2,6.16,1,0,0
3189.25,16,0,2,5.27,0,1,0
2455.99,17,1,1,9.54,0,0,0
1836.87,11,0,0,5.43,0,0,0
508.25,9,0,2,3.97,0,1,0
7025.99,10,0,1,4.92,0,1,0
1971.83,14,1,1,1.43,2,0,0
752.62,10,1,0,3.8,0,0,0
1527.15,14,0,2,11.17,0,1,0
1770.9,17,0,1,3.02,1,0,0
5684.25,17,1,1,4.92,0,1,0
18845.23,8,0,3,5.89,0,1,1
4753.31,17,0,0,3.48,0,0,0
95.5,16,0,2,6.83,0,0,0
17913.1,0,0,2,3.77,0,1,1
2160.85,6,0,1,11.73,0,0,0
122.01,16,0,0,6.71,1,0,0
1022.73,12,0,0,1.0,0,1,0
4630.64,8,3,0,10.22,0,0,0
531.9,5,0,2,4.36,0,1,0
23206.73,8,0,2,2.72,3,0,1
835.45,21,0,0,12.32,1,1,0
99.02,17,0,0,0.54,0,0,0
943.26,14,1,2,10.07,0,0,0
11978.26,21,1,0,9.23,3,0,0
5234.89,16,1,1,6.42,0,0,0
10326.71,17,1,1,5.73,0,0,0
2201.27,10,1,3,3.2,0,0,0
431.96,15,0,2,10.15,0,0,0
2600.75,8,0,2,6.89,0,1,0
21112.6,12,0,0,11.03,0,0,0
6012.61,4,0,0,5.35,0,0,0
15948.33,9,0,1,12.49,0,0,0
2203.69,6,0,0,1.4,0,0,0
580.24,12,0,1,3.58,0,0,0
1316.2,19,0,0,3.84,0,0,0
24951.1,12,0,2,8.88,0,0,0
2128.15,19,0,0,2.98,0,1,0
1568.56,16,1,0,0.23,0,0,0
1665.32,14,0,0,10.15,1,1,0
2028.52,10,2,3,8.87,0,1,1
4979.02,20,1,1,4.18,0,0,0
7184.51,6,0,0,3.67,1,0,0
10007.39,17,0,2,2.96,0,1,0
5007.23,16,0,0,4.17,1,0,0
1272.58,13,0,1,5.18,2,0,0
3788.59,10,0,2,9.47,0,1,0
1901.75,12,0,0,7.57,0,0,0
1000.57,19,0,1,0.55,0,1,0
5941.74,19,0,0,1.0,2,0,0
185.39,21,2,1,5.29,0,1,0
25650.33,11,0,2,6.51,0,1,1
2040.56,12,0,0,1.04,0,0,0
3304.5,1,0,2,10.15,0,0,0
3506.12,21,0,3,3.54,0,1,0
7275.73,11,0,0,1.45,0,1,0
3299.82,12,0,1,2.11,0,0,0
19749.18,20,0,1,8.15,0,0,0
280.73,14,0,1,12.44,0,1,0
2398.11,15,0,1,2.13,0,0,0
580.7,9,2,0,1.32,0,0,0
4339.21,14,0,1,7.18,0,0,0
2357.26,20,0,2,4.17,0,0,0
3708.47,15,0,1,8.79,0,0,0
196.21,10,0,1,5.35,0,0,0
343.53,4,0,2,2.42,0,1,0
4091.75,11,0,4,3.02,0,0,0
299.41,15,0,0,3.2,0,0,0
296.55,5,1,0,6.23,0,1,0
98.98,15,0,0,6.75,0,1,0
10092.08,14,0,1,10.82,0,1,0
21086.52,18,0,2,15.72,0,1,1
1454.55,3,0,1,3.69,0,0,0
1185.56,18,0,4,4.87,0,1,0
1437.04,14,0,0,5.28,1,0,0
21114.33,12,0,2,10.57,0,1,1
3525.12,22,0,1,7.34,0,0,0
715.38,8,0,2,5.85,1,1,0
672.14,14,0,1,1.64,0,0,0
15255.39,11,1,1,6.4,0,0,0
3515.04,14,0,1,3.08,1,1,0
20778.67,15,0,0,5.46,0,1,1
1045.43,7,0,2,7.41,1,0,0
127.74,16,0,3,7.78,0,1,0
334.38,16,0,1,2.19,0,1,0
11060.5,18,0,0,4.55,0,1,0
1180.6,7,0,1,3.22,0,1,0
4752.17,10,0,1,2.09,3,1,1
3195.78,16,0,3,4.99,0,0,0
18822.91,8,0,1,5.83,1,0,0
796.89,16,0,2,3.32,0,0,0
474.11,6,0,1,2.91,0,1,0
3114.55,11,0,1,6.97,0,0,0
4828.09,19,2,1,13.03,1,1,0
3364.18,18,0,4,5.57,0,0,0
2478.13,16,0,2,14.64,0,0,0
197.14,19,0,1,7.03,0,0,0
28000.0,17,1,1,3.33,0,1,0
24283.59,14,0,2,2.11,0,0,0
1168.71,22,1,4,3.79,0,1,0
12573.73,17,0,1,7.12,0,1,0
18877.6,15,0,2,1.19,0,0,0
2854.51,12,1,2,2.43,1,1,0
4471.57,20,1,0,3.65,1,1,0
5404.29,10,0,1,3.31,0,1,0
3479.22,0,0,0,2.44,0,0,0
498.64,9,0,3,5.55,0,1,0
1381.26,7,0,0,1.6,2,0,0
8483.2,11,1,2,10.69,0,1,0
874.07,18,0,1,5.16,0,0,0
20283.92,16,0,0,14.29,0,0,0
1870.46,8,0,0,6.17,0,0,0
1912.02,18,0,2,7.81,0,1,0
3097.36,14,0,0,5.12,0,0,0
9231.31,14,0,0,7.5,0,0,0
18565.85,11,0,1,7.69,0,1,0
474.53,19,1,0,8.15,0,1,0
763.96,11,0,4,2.59,0,0,0
7035.05,7,0,2,2.5,2,1,1
3381.36,10,0,1,7.56,0,0,0
21832.34,17,0,0,1.79,0,0,0
5476.1,16,0,0,3.48,0,0,0
6383.03,9,3,3,0.15,0,0,0
22139.55,7,1,0,2.54,0,0,0
8099.68,16,1,1,0.73,0,0,0
990.16,16,0,1,2.12,1,0,0
24771.07,11,1,2,4.02,1,1,1
2034.99,19,0,1,1.81,0,1,0
5964.48,22,0,0,2.2,0,0,0
4232.03,9,0,2,13.1,0,1,0
4853.95,15,0,1,9.99,0,1,0
3476.27,0,0,0,9.65,0,0,0
685.02,17,0,0,6.14,0,1,0
2580.05,12,0,4,3.74,0,0,0
13429.37,9,0,2,7.05,0,1,0
8926.56,17,0,1,3.05,0,0,0
201.23,18,2,0,7.82,0,1,0
636.33,7,1,0,1.96,0,1,0
512.0,5,0,0,2.37,0,0,0
4202.57,11,0,0,2.72,0,0,0
5508.22,16,0,0,1.67,0,0,0
828.57,18,0,0,8.49,0,0,0
2315.75,14,3,0,5.69,0,0,0
5938.35,15,0,0,2.26,0,0,0
4283.24,18,1,0,14.14,0,1,0
22125.63,14,0,1,1.14,0,1,0
2915.83,15,0,0,4.99,0,0,0
2332.03,14,2,0,4.46,0,0,0
1190.17,19,0,3,5.6,0,0,0
2723.87,10,0,0,1.56,0,1,0
3796.3,10,1,2,5.29,0,0,0
6671.57,8,0,2,6.33,1,1,0
3296.49,18,0,0,1.97,1,0,0
22743.08,12,0,1,2.36,0,0,0
618.2,11,0,0,1.88,0,0,0
2041.04,22,0,1,3.01,0,1,0
90.0,21,1,2,3.1,0,1,0
19202.56,22,0,0,3.23,0,0,0
4208.2,8,0,0,10.15,0,1,0
15435.47,20,0,1,1.06,0,0,0
394.23,11,0,0,0.3,0,0,0
1702.62,0,0,1,2.48,1,0,0
5211.34,12,1,2,0.43,0,0,0
790.24,14,0,2,3.21,0,0,0
2651.59,7,1,2,7.95,1,0,0
4286.48,14,0,0,1.21,2,1,0
3122.64,18,0,3,1.32,0,0,0
14403.71,12,0,1,3.85,0,1,0
1465.12,11,0,0,9.79,0,1,0
25562.64,11,0,0,4.5,0,1,1
2645.42,20,0,2,9.73,0,1,0
76.78,5,0,1,2.22,0,1,0
4640.01,13,0,0,8.92,0,1,0
175.04,10,0,1,2.69,0,1,0
4442.0,20,1,0,2.92,0,1,0
784.0,7,2,1,2.52,0,1,0
10209.88,12,1,0,5.38,0,0,0
15383.56,12,1,1,1.42,0,0,0
1326.91,20,0,3,3.66,0,1,0
575.88,9,1,1,14.15,0,0,0
1227.08,16,0,0,3.05,1,1,0
24262.62,8,2,1,3.56,1,1,1
18007.99,21,0,0,8.77,0,0,0
1529.94,15,1,2,3.54,0,0,0
1965.0,16,0,1,6.65,0,1,0
4157.25,13,0,1,0.58,0,1,0
7014.48,11,0,1,4.52,0,1,0
2936.96,9,1,0,5.79,0,0,0
1649.76,15,0,1,5.03,0,1,0
1762.68,21,3,2,2.75,0,0,0
3866.31,11,0,3,2.46,0,1,0
15710.88,19,0,1,4.31,0,0,1
3152.81,8,0,1,7.23,1,0,0
1465.66,21,0,0,2.44,1,1,0
5118.68,11,0,1,2.88,1,0,0
372.33,12,0,0,4.18,2,1,0
19337.93,13,0,1,5.67,1,0,0
20040.02,17,0,2,1.27,0,0,0
3350.02,17,0,0,0.88,0,0,0
274.57,13,1,1,5.0,0,0,0
2835.88,14,0,0,3.29,0,0,0
2697.95,3,0,1,4.07,0,1,0
22962.75,10,0,2,0.31,1,0,0
3020.15,11,1,0,3.98,0,0,0
3671.06,15,0,1,6.78,0,0,0
5291.04,15,0,1,2.1,0,0,0
1066.29,17,0,3,4.21,0,1,0
5638.41,17,2,0,6.11,0,0,1
2266.93,10,0,0,13.0,0,1,0
316.61,18,0,1,2.52,0,1,0
253.07,1,0,2,3.21,0,0,0
1361.84,17,2,1,3.79,0,1,0
21637.78,7,0,0,3.52,0,1,0
3995.71,17,0,0,3.25,1,0,0
5033.04,14,0,1,0.99,0,0,0
2390.55,13,2,0,3.94,1,0,0
22818.39,17,0,2,3.93,0,1,1
570.48,4,0,1,0.66,0,0,0
1332.91,9,0,0,0.93,1,0,0
1881.43,16,0,4,0.41,0,0,0
356.88,19,0,1,6.87,0,0,0
857.59,12,0,0,8.4,0,0,0
2977.96,10,1,0,5.47,0,0,0
4317.7,14,0,1,9.02,0,1,0
20557.51,16,0,2,2.5,0,0,0
8715.22,12,2,1,0.62,0,1,0
21094.66,19,0,0,7.49,0,0,0
1810.02,14,0,2,2.23,0,1,0
3295.48,4,0,2,1.57,0,0,0
4988.49,9,1,4,8.96,0,0,0
463.02,13,1,0,2.85,0,0,0
1747.91,17,0,2,8.31,0,0,0
5920.31,9,0,2,9.39,1,0,0
15893.99,22,0,1,2.14,0,1,1
2774.67,11,2,0,5.98,0,0,0
2895.75,14,0,2,6.29,1,1,0
712.56,1,1,0,7.79,0,1,1
1499.32,20,0,0,2.9,0,0,0
1363.15,18,0,4,1.02,0,1,0
144.95,9,0,0,4.06,0,1,0
138.37,21,0,2,2.59,0,1,0
5762.37,11,3,0,6.25,0,1,1
1080.56,17,1,2,5.21,0,0,0
2395.92,18,0,1,10.11,0,1,0
1195.54,17,0,1,4.6,0,1,0
9099.35,20,0,3,2.19,0,1,0
1020.5,19,1,0,6.36,0,0,0
1856.85,23,1,1,2.13,1,0,0
21176.7,9,0,2,5.58,0,0,0
5963.17,11,0,0,0.79,0,0,0
19447.83,16,0,4,2.59,0,0,0
5252.78,17,3,0,7.2,0,1,0
2021.07,14,0,2,5.32,0,0,0
2170.89,6,1,1,2.13,1,0,0
518.46,19,1,2,4.07,0,0,0
328.91,22,0,1,2.64,0,1,0
17628.72,12,1,1,6.65,0,0,0
2255.5,9,0,1,4.59,0,0,0
18740.21,1,0,1,1.2,0,0,1
18429.8,10,1,0,7.28,0,1,1
21166.88,17,0,1,10.97,0,0,0
613.77,20,0,1,3.03,0,0,0
3075.0,7,0,2,2.13,0,0,0
525.39,15,0,1,0.98,0,0,0
4513.79,17,2,0,2.65,0,1,0
3483.66,10,2,1,0.23,0,0,0
10100.42,15,0,0,7.03,0,1,0
288.64,17,0,1,5.9,0,0,0
247.99,19,0,1,1.42,0,1,0
1120.95,13,0,0,1.52,0,0,0
20030.26,17,0,0,5.57,0,1,0
17638.22,10,0,0,0.95,0,0,0
7634.95,9,0,2,10.92,0,0,0
978.65,9,0,3,0.43,0,0,0
1075.63,11,1,3,5.42,0,0,0
4618.76,4,0,2,2.5,0,0,0
1971.57,10,0,3,3.27,0,1,0
4857.72,16,0,1,4.66,0,0,0
276.32,16,0,0,0.64,0,0,0
2199.5,6,0,2,4.94,0,1,0
169.41,10,1,2,1.2,0,0,0
267.05,15,1,0,2.33,0,1,0
7641.2,11,0,1,7.6,0,0,0
539.83,12,1,0,7.23,0,0,0
2492.6,17,0,0,0.71,0,0,0
1754.37,0,0,1,2.19,0,1,0
1425.45,10,0,2,1.06,1,1,0
21730.55,8,0,1,5.06,0,0,0
130.61,8,0,2,16.88,0,0,0
3548.06,22,1,1,9.57,0,0,0
10644.18,12,0,0,4.33,0,1,0
2688.36,14,0,0,3.7,0,0,0
8897.78,17,0,1,2.33,0,0,0
231.75,5,0,2,1.24,0,1,0
1796.48,10,0,1,3.29,0,0,0
1024.22,19,0,2,3.43,0,0,0
4259.61,19,0,1,8.3,0,0,0
27808.45,12,0,3,1.4,0,0,0
16948.88,12,0,1,3.78,0,1,1
17014.32,17,0,1,5.38,0,0,0
766.46,10,0,1,4.13,1,0,0
2726.14,8,0,1,1.95,0,0,0
2055.18,10,0,0,8.13,0,0,0
11502.37,12,0,2,9.94,0,0,0
3061.09,5,0,0,4.31,0,0,0
1436.08,13,0,0,5.76,0,0,0
447.67,17,0,0,1.39,0,0,0
584.76,14,2,0,2.52,1,1,1
876.96,6,2,3,4.69,1,0,1
18659.41,13,0,0,7.42,0,0,1
24004.22,17,0,1,6.54,0,0,0
2696.04,6,0,3,2.29,0,0,0
2431.39,6,0,0,3.02,0,1,0
13947.32,12,0,1,4.49,0,1,0
6354.76,9,0,2,14.41,0,0,0
4165.82,21,0,0,5.53,0,1,0
16502.7,15,0,0,3.0,1,0,0
3997.4,10,2,1,3.04,0,1,0
2569.6,17,0,2,4.45,0,0,0
16644.83,12,0,2,4.8,0,0,0
2021.74,8,1,0,2.67,0,0,0
2181.6,10,0,0,5.29,0,1,0
640.01,16,2,0,4.81,0,0,0
9382.23,5,0,1,0.5,0,0,0
6130.26,10,2,0,3.31,1,0,0
3598.25,9,2,2,12.46,0,0,0
2045.43,9,0,2,1.16,0,0,0
1758.01,16,1,1,0.55,0,1,0
3428.34,18,0,4,1.32,0,1,0
2582.9,17,0,0,5.61,0,0,0
265.75,16,0,0,1.56,2,1,1
2359.11,20,0,4,3.08,0,1,0
5314.34,6,0,2,0.53,1,0,0
2027.29,8,0,1,1.45,0,0,0
230.74,12,1,2,2.25,0,1,0
4997.86,12,0,1,2.68,0,0,0
779.52,12,2,0,3.95,0,0,0
1017.58,9,0,0,2.07,0,0,0
635.91,8,0,0,5.13,0,0,0
1342.56,14,0,1,10.29,0,0,0
4583.75,21,1,1,1.41,1,0,0
2404.61,12,1,1,3.3,0,0,0
793.64,5,0,2,12.61,0,0,0
6787.5,17,0,0,1.18,0,0,0
6833.71,10,0,1,6.82,0,1,0
6602.98,10,0,1,4.74,0,1,0
933.13,11,0,1,1.24,0,0,0
17650.85,17,0,2,4.75,0,1,1
13496.85,18,0,0,4.48,0,0,0
4791.09,15,0,2,11.52,0,1,0
148.14,11,0,2,5.59,0,0,0
275.77,11,0,2,3.71,0,0,0
2055.18,8,0,0,7.89,0,0,0
7737.82,21,0,2,10.51,1,0,0
2535.87,16,0,0,2.62,0,0,0
2264.1,3,1,1,3.27,0,0,0
416.68,16,0,2,16.32,0,0,0
3482.03,13,1,0,3.08,1,1,0
23046.88,22,0,0,8.96,0,0,0
1591.88,18,1,2,0.3,0,0,0
4842.01,9,0,2,5.32,0,0,0
10740.21,17,1,1,6.98,0,1,0
789.16,13,0,1,3.67,1,1,0
2430.98,9,0,1,2.09,0,1,0
1143.1,17,0,2,6.79,1,0,0
5097.87,14,0,2,1.67,0,1,0
2817.72,3,0,3,2.73,0,1,1
3281.49,16,2,1,8.65,0,0,0
5177.0,16,0,1,1.96,0,0,0
1673.22,8,0,1,12.14,0,0,0
7951.73,11,1,0,1.51,0,0,0
2496.76,15,0,0,4.7,1,0,0
610.15,8,0,3,9.42,0,0,0
3869.27,19,3,1,0.52,0,0,0
5104.16,3,0,2,2.17,0,1,0
1278.92,7,0,2,4.45,0,1,0
6287.73,8,1,2,1.34,0,0,0
7631.15,14,0,2,4.9,0,0,0
1097.48,16,0,0,2.23,0,0,0
28000.0,12,0,1,2.6,0,0,0
545.28,10,0,1,4.13,0,0,0
782.13,18,0,3,4.13,0,1,0
711.57,6,2,4,1.63,0,1,1
7241.5,10,1,1,1.8,2,0,0
3458.92,5,0,2,6.0,0,1,0
587.99,0,0,3,2.16,0,1,0
1917.27,11,0,1,5.55,2,1,1
19448.19,9,0,2,5.9,0,0,0
338.89,10,1,2,2.01,0,0,0
26290.13,18,2,1,0.59,0,0,1
5268.38,8,0,2,6.5,0,0,0
2311.57,18,0,2,4.62,0,1,0
10988.29,16,0,3,2.76,0,0,0
1790.8,11,0,1,17.97,0,0,0
13314.67,14,0,0,11.06,0,0,0
3587.61,13,0,1,4.66,0,1,0
3282.26,8,1,0,6.55,1,1,0
14937.57,20,0,1,2.18,0,0,0
6896.67,15,0,2,2.5,0,0,0
1844.72,19,0,0,2.4,0,1,0
18579.37,18,2,3,0.75,1,0,1
100.6,7,1,2,1.03,0,1,0
2685.36,9,0,1,1.34,0,0,0
2458.42,8,1,0,2.38,0,0,0
4126.11,19,0,2,1.3,0,1,0
7130.8,19,0,2,2.91,3,1,1
324.76,14,0,2,4.15,1,0,0
21312.41,7,0,0,11.05,0,1,1
724.1,8,0,1,1.74,0,0,0
6310.16,18,0,2,5.01,4,0,0
5530.75,21,0,1,5.86,0,0,0
2550.42,9,0,0,2.03,0,1,0
4023.88,0,0,0,4.81,0,0,0
1267.64,11,1,1,5.41,0,0,0
2098.67,3,0,0,9.9,0,0,0
5576.59,18,0,0,5.03,0,1,0
2027.44,14,0,0,6.83,0,1,0
1477.13,16,0,1,3.54,0,0,0
2241.24,12,0,0,6.6,0,0,0
5697.48,11,0,0,4.53,0,1,0
1366.5,9,0,0,8.53,0,0,0
670.79,18,1,1,3.48,1,1,0
4043.5,17,0,0,5.21,0,0,0
5655.44,11,1,1,6.54,0,0,0
399.42,11,0,0,1.19,1,0,0
937.67,0,0,1,1.03,0,1,0
549.98,6,0,0,1.75,0,0,0
1428.39,16,0,0,1.72,2,1,1
1975.12,14,0,0,1.37,1,0,0
19921.73,13,0,1,3.5,0,0,0
22250.22,18,0,0,9.27,0,0,0
20573.6,14,0,1,8.61,4,0,1
1450.22,12,0,0,7.27,0,1,0
22772.24,8,0,0,6.55,0,0,0
2099.39,18,0,0,1.0,0,0,0
12438.38,15,0,0,7.67,0,1,0
3277.63,7,1,3,3.02,0,0,0
491.93,16,0,1,4.78,0,0,0
3668.19,12,0,2,6.46,0,0,0
1318.23,18,0,0,5.43,0,0,0
3770.1,20,0,1,4.83,0,1,0
18632.35,15,0,2,5.35,2,1,1
675.13,17,0,0,0.67,1,0,0
6255.58,6,1,0,4.89,0,0,0
884.67,15,0,2,1.85,0,0,0
5865.62,17,0,1,4.85,0,0,0
1108.0,14,0,4,4.24,0,1,0
3355.0,15,0,0,3.23,0,0,0
23269.24,20,0,1,5.72,1,0,0
2360.1,9,0,1,11.55,2,0,1
22007.08,7,0,1,2.49,1,0,0
825.04,17,0,1,2.46,0,1,0
168.01,18,0,0,3.82,0,0,0
1219.45,19,0,5,0.57,0,0,0
3448.48,16,0,1,3.16,0,0,0
8973.76,19,1,0,4.38,0,1,0
6618.49,17,0,2,5.7,0,0,0
4708.68,7,0,2,2.78,1,0,0
5030.5,18,0,3,5.79,0,1,0
3559.45,9,3,0,2.25,0,0,0
1024.78,10,0,1,3.35,0,1,0
25702.02,12,0,1,6.57,0,0,0
3614.83,11,0,1,11.22,0,1,0
2690.34,11,0,1,9.66,0,0,0
20431.99,9,0,0,6.27,0,1,1
14964.73,10,0,0,5.18,0,0,0
2033.92,1,0,0,1.19,1,0,0
6457.61,13,2,2,1.07,0,0,0
2591.48,18,2,2,7.88,0,1,0
1591.78,19,0,2,7.31,0,0,0
12103.57,18,0,1,0.33,0,0,0
435.5,12,1,2,1.33,0,0,0
1817.22,17,1,0,2.13,0,0,0
197.39,10,1,0,3.66,1,1,0
4369.46,6,0,1,2.75,0,1,0
8066.3,16,0,0,3.48,0,1,0
1111.38,16,0,0,5.0,0,0,0
6313.88,18,1,0,2.41,0,0,0
1165.98,16,0,1,1.85,0,1,0
25034.81,8,0,0,3.02,0,1,1
19264.44,19,0,1,6.55,0,1,1
5289.69,16,0,1,13.6,0,0,0
118.15,18,1,0,1.41,0,1,0
10593.52,18,0,3,8.65,0,1,0
4210.65,10,0,0,2.8,0,1,0
14976.69,6,3,0,13.89,1,1,1
22974.66,9,0,0,2.25,0,0,0
1117.98,7,1,0,4.04,0,1,0
6657.22,10,0,0,9.72,1,0,0
442.2,13,0,1,4.67,0,1,0
3952.27,20,0,1,3.5,1,0,0
2549.75,19,0,2,4.63,0,0,0
384.86,17,0,0,2.97,0,1,0
946.18,2,2,0,5.32,1,0,1
99.94,11,0,1,6.52,0,1,0
2084.18,16,0,0,1.78,1,0,0
1207.15,8,1,1,3.26,0,1,0
21953.63,18,0,0,1.78,0,1,0
17486.94,20,0,1,1.3,0,1,1
19561.85,11,0,1,3.4,0,1,1
21327.93,17,0,1,4.11,1,0,0
217.89,8,0,0,7.24,1,0,0
7522.28,17,2,0,4.17,0,0,0
6179.45,1,0,0,1.33,1,1,1
3586.5,8,0,0,14.72,0,1,0
2938.36,17,0,0,2.51,3,1,0
7190.97,17,0,0,3.78,0,1,0
715.91,16,0,1,2.84,0,0,0
323.24,13,0,2,1.06,0,1,0
936.14,16,1,2,0.29,0,0,0
5124.61,18,0,3,4.8,0,0,0
172.91,22,0,0,1.06,0,1,0
2857.46,20,1,0,3.57,0,1,0
17307.64,18,0,1,0.71,0,1,1
6254.67,17,0,0,11.64,0,1,0
18915.04,15,1,0,4.74,0,0,0
15592.47,8,0,1,2.63,0,1,1
5756.22,8,0,2,6.12,0,1,0
2983.97,18,0,0,5.21,1,1,0
450.69,18,1,1,1.09,0,1,0
16436.14,16,0,3,5.86,0,0,0
7752.18,13,1,1,10.72,0,0,0
3599.97,2,0,0,2.45,1,1,1
5716.87,11,1,1,8.17,0,0,0
6817.73,12,0,3,2.25,0,0,0
2773.92,13,0,0,5.27,0,1,0
2391.72,21,0,2,7.25,1,0,0
1861.18,7,0,2,0.41,1,1,0
1279.78,14,0,2,3.45,0,1,0
17683.05,11,0,2,4.86,0,0,0
4817.4,23,1,2,2.23,0,0,0
3007.55,19,0,2,3.86,0,0,0
7197.54,13,2,2,1.27,0,1,0
1934.79,23,0,1,4.34,0,1,0
3049.36,14,0,0,3.41,0,0,0
3252.94,8,1,0,2.18,0,0,0
2926.39,15,2,1,2.05,1,1,0
22110.43,9,0,1,1.9,0,1,0
927.41,16,0,0,3.92,0,0,0
2358.19,21,0,2,3.06,0,1,0
412.21,18,0,3,9.22,0,0,0
1613.08,10,0,0,6.59,0,0,0
2200.1,10,0,1,8.25,1,1,0
3439.83,6,0,2,6.53,0,0,0
9680.51,10,0,1,2.28,0,0,0
2997.34,7,0,1,2.11,0,0,0
4415.18,14,0,0,1.62,0,0,0
2318.43,17,1,2,7.23,0,0,0
3277.3,17,0,1,1.53,1,0,0
295.44,6,0,4,2.23,0,0,0
999.38,11,1,0,5.74,0,0,0
1497.4,10,0,2,4.88,0,0,0
2106.7,7,0,2,0.96,0,0,0
209.52,11,0,1,3.09,0,0,0
542.72,10,0,0,2.28,0,0,0
1097.09,16,0,1,2.53,0,0,0
25376.94,19,2,2,2.55,0,0,1
1347.97,13,2,2,5.3,0,0,0
2165.15,17,0,1,2.58,2,1,0
758.49,8,0,0,4.45,0,0,0
3079.55,20,0,0,5.21,0,1,0
14855.34,8,0,3,1.51,1,0,0
802.15,9,0,3,8.05,0,0,0
20666.04,7,0,0,5.22,0,1,1
77.67,11,0,0,5.13,2,1,1
84.62,15,0,2,11.57,0,1,0
851.26,23,0,0,10.53,0,0,0
17550.1,18,1,1,4.04,0,0,0
425.82,12,0,3,6.41,0,0,0
1384.13,15,0,0,8.08,1,0,0
5251.84,16,0,1,2.64,0,0,0
2775.99,18,0,1,6.79,0,1,0
18801.79,17,0,1,8.11,0,1,0
1171.73,15,1,0,1.06,0,0,0
8650.82,16,0,0,3.34,0,1,0
1678.76,17,0,2,4.19,0,1,0
351.59,8,1,2,3.8,1,0,0
3131.66,9,0,2,8.85,0,1,0
446.74,17,0,1,4.57,0,0,0
1415.07,19,0,1,2.11,0,1,0
2325.86,12,0,1,3.22,1,0,0
6694.37,22,0,2,3.76,1,1,0
2237.03,9,0,1,7.97,0,1,0
3936.9,12,0,0,0.64,0,1,0
15855.25,12,0,1,3.22,0,1,1
511.12,21,0,1,4.7,0,1,0
15307.43,10,0,1,5.17,0,0,0
17954.06,13,0,1,2.6,0,1,1
1813.23,9,2,1,5.49,0,1,1
21071.82,14,2,2,0.68,0,1,1
7681.59,19,0,0,3.6,0,0,0
24182.98,10,1,0,5.88,0,0,0
3056.01,18,0,3,8.7,0,1,0
1244.5,20,1,0,6.66,0,1,0
5615.46,6,0,5,1.64,0,0,0
9987.8,17,0,0,2.54,0,1,0
5568.73,10,1,0,7.03,0,0,0
65.01,9,1,1,3.07,0,1,0
3297.45,15,0,3,5.34,0,1,0
227.97,17,1,1,8.25,2,0,0
19633.82,12,0,1,7.54,1,1,1
13735.68,5,0,0,3.31,0,0,0
21385.92,20,0,3,3.34,0,0,0
3772.78,17,0,5,3.56,2,1,1
449.08,10,1,2,10.2,0,0,0
1609.59,14,3,1,6.09,0,1,0
2009.57,3,0,3,1.31,0,1,1
1533.71,11,0,0,3.26,0,1,0
472.8,14,0,1,2.4,0,0,0
1797.33,14,0,2,9.03,0,0,0
4511.26,9,0,1,2.21,0,0,0
295.7,18,0,0,1.05,0,0,0
327.45,10,0,1,8.23,1,0,0
1462.08,15,1,0,3.3,0,0,0
9156.3,10,0,1,8.48,0,0,0
18521.79,12,0,1,4.75,0,1,0
3692.92,9,0,1,2.71,1,0,0
1497.73,16,0,0,9.42,0,0,0
2941.81,12,0,2,12.55,0,0,0
92.59,1,0,1,14.17,0,1,1
18816.78,3,0,0,7.23,0,1,1
7884.48,13,1,1,1.52,0,0,0
3094.33,9,0,1,4.21,0,0,0
6681.07,15,1,0,1.89,1,0,0
18746.21,12,0,1,2.84,0,1,0
471.1,16,0,1,7.04,0,0,0
7507.76,21,0,5,1.91,0,0,0
280.01,14,1,0,2.4,1,0,0
2503.2,18,0,0,0.48,0,1,0
550.6,17,0,1,5.22,0,0,0
97.68,20,0,3,3.92,0,0,0
1814.37,9,0,2,2.44,0,0,0
1178.77,18,0,2,2.35,0,1,0
2189.71,20,0,2,2.9,0,0,0
22020.78,12,1,1,6.53,0,0,0
203.12,11,2,1,3.57,0,0,0
480.01,21,0,1,2.06,3,1,0
2677.28,16,0,0,4.25,0,0,0
1405.04,12,0,2,2.06,0,0,0
4240.09,18,0,0,3.91,1,0,0
3440.45,10,0,3,4.88,0,0,0
6038.36,9,0,1,1.4,0,1,0
3833.62,14,1,2,0.5,0,0,0
1858.39,15,0,0,6.09,0,0,0
3636.62,18,0,2,0.4,0,0,0
1090.75,13,2,1,4.72,0,0,0
1230.35,18,3,2,3.66,0,0,0
5038.65,11,0,2,5.17,0,0,0
1952.31,15,0,0,4.98,1,1,0
23373.21,9,0,0,8.8,0,0,0
5590.71,12,0,2,2.72,0,0,0
6296.32,19,1,1,1.53,0,0,0
8010.49,9,0,1,5.42,0,0,0
1864.32,18,1,2,3.92,0,1,0
1288.79,10,0,1,1.32,0,1,0
2852.8,4,0,1,2.95,1,0,0
1544.47,7,0,3,2.45,0,1,0
3000.74,17,0,0,9.72,0,0,0
3972.86,10,0,1,7.05,1,0,0
3791.36,16,0,3,2.18,0,1,0
19456.4,17,0,2,6.34,0,0,0
644.17,11,0,2,0.92,0,0,0
20205.53,13,0,0,3.54,2,1,1
552.3,12,0,2,8.95,0,0,0
7126.1,21,0,0,1.06,0,1,0
1418.27,11,0,1,4.62,0,0,0
596.89,9,0,1,10.51,1,0,0
15036.66,11,1,1,15.08,0,1,1
3381.46,16,0,3,5.87,0,0,0
19859.02,17,1,0,2.83,1,0,0
19458.61,20,1,0,4.71,0,1,1
298.12,19,0,0,6.07,0,0,0
19839.16,10,0,2,5.7,0,0,0
1253.06,13,0,0,2.19,0,0,0
3677.52,17,0,2,6.87,1,0,0
22373.52,20,0,1,3.19,0,0,0
16808.0,11,1,1,2.43,2,0,1
846.44,13,0,1,6.8,0,0,0
14222.72,20,4,2,5.35,0,0,0
1996.45,11,1,1,11.51,0,0,0
3790.02,13,0,0,2.68,0,1,0
544.69,20,0,2,2.67,0,1,0
2187.15,18,0,0,4.14,0,0,0
149.35,10,0,0,9.3,0,0,0
2313.18,11,0,2,12.57,0,1,0
10699.1,11,1,1,16.51,0,0,0
1611.5,20,0,0,1.56,0,0,0
187.29,23,0,1,10.57,0,0,0
160.62,18,1,2,17.66,0,1,0
1631.2,13,0,0,8.06,0,0,0
618.03,0,0,0,0.67,0,1,0
135.61,17,0,0,3.96,0,0,0
4576.68,12,0,0,4.94,0,0,0
21185.74,16,1,0,14.92,0,1,1
1152.57,15,2,1,3.29,0,0,0
7430.94,13,0,0,3.03,0,0,0
455.06,21,0,1,6.35,0,0,0
26570.99,2,0,2,2.66,2,0,1
1265.85,17,0,0,16.0,0,1,0
25438.56,12,0,0,1.2,0,0,0
3015.76,17,0,2,8.57,0,0,0
5668.88,16,0,3,2.8,0,1,0
28000.0,0,2,1,4.67,0,0,1
1148.79,10,0,1,8.09,0,1,0
10452.56,9,0,2,4.53,0,0,0
1639.03,8,1,1,2.53,2,0,0
1618.29,17,0,1,11.44,0,0,0
1391.53,10,0,1,0.61,0,0,0
2554.7,13,0,2,1.41,0,0,0
595.7,10,2,1,0.86,0,0,0
2641.73,15,0,1,4.37,1,0,0
2556.77,17,0,3,11.35,0,0,0
4652.23,11,0,0,1.13,0,1,0
5799.72,15,1,0,9.2,0,1,0
1917.94,18,0,1,2.73,0,0,0
1212.04,7,0,0,3.55,3,0,0
1020.66,17,0,2,13.94,0,1,0
752.63,11,0,1,1.54,0,1,0
250.0,8,1,0,7.69,0,0,0
1401.54,14,0,3,2.54,0,1,0
1068.16,9,0,1,5.59,1,0,0
10919.99,18,1,2,8.83,0,0,0
2670.52,5,1,0,5.47,0,1,0
1425.13,7,0,0,9.36,0,0,0
2839.57,14,0,2,3.56,0,0,0
539.65,15,0,2,7.69,0,0,0
1938.61,17,2,2,6.04,0,0,0
23798.09,10,1,0,3.85,0,0,0
2207.79,19,0,0,10.46,1,1,0
1704.14,21,2,1,3.33,0,0,0
16351.33,14,1,1,4.45,0,1,0
6853.25,18,1,1,1.43,0,0,0
3185.08,14,0,3,6.14,1,0,0
17190.49,6,1,1,2.99,2,0,1
3161.84,11,1,0,2.49,0,0,0
779.31,7,0,0,2.91,0,0,0
1668.81,23,2,0,2.39,0,0,0
188.83,9,0,3,6.98,0,1,0
2125.27,16,0,0,4.95,0,0,0
2566.0,10,1,0,1.27,1,0,0
887.03,16,0,3,6.06,0,0,0
10700.12,9,1,2,0.84,0,0,0
26146.13,18,0,2,6.99,0,1,1
4158.08,7,0,1,3.4,0,0,0
2499.21,20,0,1,8.88,2,1,1
6587.95,19,0,0,2.56,0,0,0
508.04,16,0,1,1.56,0,0,0
5061.85,6,0,1,4.38,0,0,0
486.65,9,0,0,6.51,0,1,0
5118.89,19,0,3,0.45,0,0,0
18704.74,8,1,1,2.44,0,0,0
6768.18,8,0,1,4.76,0,1,0
23667.95,14,0,1,1.08,0,0,0
575.53,10,0,0,6.12,1,0,0
15575.74,9,0,2,4.22,0,1,1
12740.49,15,1,0,4.74,0,0,0
21566.76,12,0,3,12.11,0,0,0
6433.69,8,0,0,5.52,0,1,0
2903.23,14,0,0,2.42,0,0,0
1565.7,12,0,3,2.11,0,0,0
1137.02,17,0,0,3.16,0,1,0
786.98,7,1,3,9.78,0,1,0
4650.84,16,0,2,3.48,0,1,0
15883.26,13,0,0,3.64,0,0,0
2351.06,12,0,2,5.6,0,0,0
2229.33,9,1,1,12.46,0,0,0
2815.34,3,2,2,9.96,3,0,1
6481.65,19,0,1,3.47,0,1,0
12699.01,11,0,0,1.55,0,1,0
1735.35,16,0,0,3.87,0,0,0
5683.9,21,0,0,5.96,2,0,0
4687.72,15,0,2,7.54,0,1,0
17279.13,12,1,2,3.93,0,1,1
10058.84,10,1,0,12.58,0,1,0
21603.43,21,2,2,4.97,0,0,1
430.26,16,0,0,6.85,2,1,0
6216.44,16,2,1,6.96,0,1,0
1910.56,12,0,1,6.0,0,0,0
6066.76,19,0,1,12.61,0,1,0
7214.46,17,0,1,10.74,0,0,0
266.38,10,0,0,3.3,0,0,0
6938.6,15,2,1,7.38,2,0,1
20701.4,12,0,3,5.82,0,0,0
2345.55,0,0,2,1.71,0,1,0
3212.27,18,0,1,1.04,0,0,0
8408.4,8,2,3,1.45,0,1,0
121.76,14,2,2,16.39,0,1,1
2133.2,11,0,2,2.31,0,1,0
3784.36,11,0,0,4.15,1,0,0
4164.58,13,1,2,4.24,0,0,0
3834.03,23,0,1,10.8,0,0,0
521.99,12,2,1,5.37,1,0,0
1198.6,9,1,3,5.58,1,1,0
1481.7,16,0,4,6.27,0,1,0
5282.0,10,0,0,4.4,0,0,0
1105.71,7,0,0,10.37,0,0,0
817.17,5,1,1,8.87,0,1,0
10162.49,2,0,0,3.53,0,0,0
88.49,13,2,4,3.89,0,0,0
19672.23,12,2,1,5.09,0,0,1
3674.56,9,0,1,1.41,1,1,0
5701.58,18,0,0,7.55,0,1,0
16180.75,8,0,0,9.52,0,0,0
106.14,20,1,2,2.43,0,0,0
4344.52,15,1,2,13.85,0,1,0
5809.24,3,2,1,2.51,1,0,1
4376.5,22,0,0,1.67,0,0,0
553.26,11,0,1,5.83,0,1,0
4540.32,13,0,0,10.5,0,0,0
4748.01,10,0,0,6.11,0,1,0
3498.48,17,0,1,3.53,0,0,0
4709.38,13,1,2,7.08,0,1,0
6044.94,8,0,1,3.16,0,0,0
3102.86,7,1,2,8.98,1,1,0
356.89,17,0,2,0.82,0,0,0
2199.85,10,0,0,2.49,0,1,0
318.66,8,0,1,1.12,0,0,0
1735.13,14,0,2,1.58,0,0,0
1732.77,18,1,3,5.41,0,0,0
278.53,10,0,3,2.77,0,0,0
1432.7,10,0,3,9.8,0,1,0
18164.09,19,1,1,3.88,0,0,0
5344.75,8,4,0,7.39,0,0,0
9501.7,16,0,2,1.92,1,0,0
300.21,21,0,1,5.76,0,0,0
9991.7,19,0,2,7.69,0,0,0
2425.92,6,0,0,2.77,0,0,0
1199.37,11,0,3,4.2,0,0,0
315.93,8,1,1,3.64,0,0,0
19554.96,21,0,0,4.79,0,0,0
5123.63,23,0,1,2.84,0,0,0
23745.0,10,0,0,4.24,0,0,0
224.9,16,1,1,4.25,1,1,0
302.23,19,0,1,12.08,2,1,1
1710.0,9,0,2,4.32,0,1,0
1179.9,9,0,0,7.66,1,1,0
906.29,0,0,3,6.33,0,1,0
1115.68,12,0,1,5.6,0,1,0
5266.42,20,0,0,2.65,0,1,0
8534.54,20,0,2,9.09,0,0,0
1721.97,8,0,0,3.26,0,0,0
7630.05,9,0,0,5.91,0,0,0
1301.17,12,2,1,2.49,0,1,0
2130.71,18,0,1,1.82,2,0,0
879.91,15,1,0,8.0,0,1,0
3333.52,14,0,1,1.96,0,0,0
12419.47,15,1,4,2.23,0,0,0
3020.2,7,0,0,1.43,0,1,0
1477.21,13,0,2,5.65,0,1,0
3399.54,23,1,1,1.44,0,1,0
479.71,7,1,2,9.91,1,1,0
25919.07,14,4,1,5.79,2,0,1
2297.87,10,1,0,1.78,1,1,0
1969.3,14,0,1,5.46,4,1,1
2881.0,15,0,1,1.58,0,1,0
3196.81,15,0,3,7.42,0,1,0
298.34,19,0,1,4.53,1,1,0
3732.47,12,1,3,0.99,0,0,0
946.34,14,0,1,1.18,1,0,0
23718.88,0,2,4,2.88,1,0,1
5592.74,18,0,1,8.06,0,0,0
5274.17,10,0,1,2.0,1,1,0
2633.06,18,0,0,3.19,0,1,0
2409.83,10,0,2,16.76,0,1,0
553.35,0,1,1,3.09,1,1,0
4838.22,8,3,0,1.1,0,0,0
1073.26,23,0,1,9.64,0,1,0
2256.99,11,1,1,1.1,2,0,0
1130.27,7,0,1,6.3,0,0,0
519.75,8,2,0,2.8,0,0,0
3237.78,11,0,1,9.22,1,1,0
238.76,4,0,0,3.29,0,1,1
19170.9,14,0,0,3.71,0,1,1
1282.78,9,0,0,5.67,0,1,0
60.43,14,0,1,2.82,0,0,0
2350.1,8,0,0,7.48,1,1,0
213.55,12,0,1,3.03,0,0,0
1094.23,15,0,2,9.53,1,1,0
3988.01,6,0,1,5.39,1,0,0
267.17,12,0,2,14.0,0,0,0
5911.06,10,1,0,2.84,0,0,0
72.25,10,0,2,6.86,0,0,0
967.06,15,0,2,3.35,0,0,0
4381.78,15,0,1,6.34,0,0,0
1276.62,16,0,1,1.77,1,1,0
403.89,8,0,1,3.18,0,0,0
1489.29,10,0,1,7.05,0,1,0
1068.8,9,0,4,1.89,0,1,0
5978.96,14,0,0,6.62,0,1,0
1262.97,13,0,0,2.87,0,1,0
5037.85,11,2,1,4.58,0,0,0
7178.21,18,4,2,19.97,0,1,1
1880.28,7,0,2,4.22,0,0,0
7763.41,22,0,2,3.15,0,0,0
1575.9,8,1,3,2.53,0,0,0
10704.53,18,1,2,6.32,0,1,0
359.3,11,1,1,3.04,0,0,0
3777.16,19,0,1,7.0,0,0,0
2238.72,6,0,1,3.85,0,0,0
19751.19,12,0,3,6.39,0,0,0
3265.15,11,1,0,3.73,0,1,0
3954.12,23,1,0,3.14,0,0,0
73.99,23,0,1,2.77,0,0,0
644.53,9,0,1,1.84,0,0,0
4054.99,16,0,0,3.61,2,0,0
3572.86,14,1,0,7.87,0,0,0
10884.94,8,0,2,7.13,0,0,0
4640.64,8,0,0,3.69,1,0,0
9696.18,23,0,2,2.23,0,1,0
3939.93,13,0,1,4.33,1,0,0
1192.47,8,0,0,7.95,0,0,0
416.29,9,1,1,1.72,0,0,0
4931.85,10,0,3,4.71,0,1,0
3366.38,14,0,1,1.12,0,0,0
218.03,11,0,1,6.28,0,0,0
1488.37,13,0,0,7.1,0,0,0
10114.11,8,0,0,3.99,1,0,0
2280.64,11,0,0,3.73,0,1,0
1874.14,6,1,4,11.6,0,0,0
2018.19,20,1,0,2.62,0,1,0
809.79,9,0,0,5.21,0,0,0
1531.95,17,0,0,5.28,0,0,0
1537.57,11,0,3,0.86,0,0,0
232.08,13,1,1,0.51,0,1,0
4729.3,10,1,2,8.99,0,1,0
1783.9,17,0,0,0.65,0,1,0
5586.35,19,0,0,4.04,0,1,0
6138.22,10,0,1,12.14,0,0,0
822.4,10,0,1,17.41,0,1,0
3487.38,16,0,1,13.41,0,0,0
2105.42,9,0,0,1.83,0,0,0
6849.03,16,0,1,10.05,0,0,0
837.65,7,0,0,1.46,0,0,0
3684.4,16,1,3,0.22,0,1,0
16376.68,14,0,0,0.59,0,1,1
1179.95,8,1,4,6.41,0,0,0
530.01,16,0,1,9.4,0,1,0
3434.46,13,0,1,5.33,0,1,0
4353.42,9,0,1,17.4,1,0,0
1273.61,11,0,0,6.56,0,0,0
3372.53,14,0,1,10.17,0,0,0
1668.78,7,0,1,11.82,0,0,0
17608.31,21,0,2,6.72,0,1,1
770.92,16,1,2,3.21,0,1,0
7129.54,7,0,1,2.14,0,0,0
19852.53,18,0,2,2.33,1,0,0
1527.29,11,2,0,6.54,0,0,0
251.51,15,1,0,2.72,0,0,0
438.35,10,0,0,1.7,4,0,0
2381.23,17,0,0,14.83,0,1,0
1056.54,17,0,1,1.65,0,1,0
19030.48,15,0,2,3.86,0,0,0
107.37,10,0,3,10.75,0,1,0
19223.16,10,0,4,5.04,0,0,1
1376.81,12,1,0,7.69,0,0,0
122.45,8,0,1,2.45,0,0,0
484.99,11,0,1,1.31,0,0,0
1768.24,17,0,3,3.13,0,1,0
2232.73,19,0,1,5.14,1,0,0
1717.6,11,0,1,10.82,0,0,0
2482.46,9,0,2,1.76,0,1,0
2953.42,19,0,0,9.04,0,1,0
91.91,20,1,1,9.04,0,1,0
2056.16,12,0,0,3.24,0,0,0
10653.35,3,0,1,4.15,0,1,0
2402.26,17,2,3,1.41,0,1,0
23404.95,18,3,1,5.63,0,1,1
1256.06,1,0,1,2.97,0,0,0
4818.98,15,2,0,4.78,0,0,0
4803.87,15,0,0,6.15,0,0,0
2417.35,12,0,2,2.48,0,1,0
28000.0,17,0,0,2.89,1,0,0
489.31,12,0,0,5.11,1,1,0
114.7,16,0,1,1.77,0,0,0
4765.17,14,0,2,7.14,0,1,0
5326.79,10,1,1,3.69,1,0,0
469.82,15,0,0,8.77,0,1,0
1047.77,17,0,2,2.62,0,1,0
116.67,22,0,2,3.62,0,0,0
14529.64,12,2,1,0.55,0,1,0
4806.98,6,1,1,0.99,0,0,0
21105.91,23,0,0,7.37,1,1,1
1429.14,16,1,1,3.83,1,1,0
1547.36,21,1,0,4.09,0,1,0
64.33,7,2,3,1.0,0,0,0
21637.94,11,0,1,3.81,0,0,0
3387.22,8,0,1,7.91,0,0,0
11762.93,19,0,1,5.8,0,0,0
6068.69,19,2,0,3.36,0,0,0
136.41,14,3,0,0.81,0,0,0
7382.54,9,1,1,4.85,0,1,0
23689.44,8,0,4,3.66,0,0,1
4910.68,15,0,2,7.69,0,1,0
2019.94,14,0,0,9.19,0,1,0
1684.02,17,0,3,1.82,0,1,0
1214.72,11,0,1,6.22,1,1,0
277.45,12,0,2,1.73,1,0,0
889.04,1,3,3,4.01,0,0,1
966.12,15,0,1,3.85,0,0,0
2177.75,12,1,1,7.32,0,0,0
4463.6,20,0,0,2.68,0,0,0
19742.27,16,0,0,4.84,0,0,0
250.67,12,0,2,3.96,0,0,0
10188.3,10,4,3,4.73,2,0,1
9211.61,20,1,0,6.3,0,0,0
19821.83,1,0,0,7.66,0,0,1
28000.0,11,0,0,8.31,0,0,0
2576.23,21,0,1,0.62,0,0,0
10589.91,16,0,0,8.79,0,0,0
311.57,14,0,1,8.59,0,1,0
1516.65,9,0,3,4.33,0,1,0
877.23,19,0,2,5.47,0,1,0
757.43,9,0,2,3.7,2,0,0
545.62,10,2,1,1.4,0,0,0
21734.04,9,0,1,1.66,0,0,0
4924.49,8,1,1,6.2,1,0,0
2823.06,21,0,1,3.76,0,1,0
568.65,15,0,1,2.5,0,1,0
20241.53,16,0,1,4.77,0,0,0
3293.53,21,0,3,5.27,0,1,0
1632.14,9,2,1,2.33,0,1,0
3648.02,0,2,1,3.04,0,0,0
1023.13,15,1,1,12.57,0,1,0
1414.92,14,0,1,3.44,0,1,0
8043.31,13,1,3,4.61,0,0,0
1158.24,6,0,0,1.93,2,1,0
2091.54,13,0,2,9.76,0,1,0
7127.39,10,0,2,1.85,0,0,0
3996.15,10,0,1,1.19,0,0,0
20130.81,9,0,0,9.17,0,1,1
569.92,11,0,1,3.25,0,0,0
85.19,11,0,0,1.51,0,0,0
19980.5,11,0,2,11.25,1,0,0
1959.57,22,0,0,3.87,0,1,0
521.4,21,0,0,1.12,0,0,0
10199.26,15,0,1,1.98,0,0,0
2473.76,22,0,0,1.83,0,1,0
946.18,23,1,3,1.98,0,1,0
2281.94,11,0,0,2.22,0,1,0
20947.48,13,0,0,17.35,0,1,0
313.77,22,1,1,13.6,0,0,0
1087.76,15,0,0,7.71,0,0,0
5323.64,9,1,0,2.67,0,0,0
2029.81,17,0,3,1.16,0,0,0
2590.98,9,0,2,2.23,0,0,0
1874.63,11,0,1,10.62,0,0,0
203.66,9,0,2,3.33,0,0,0
19671.4,10,0,2,7.9,0,0,0
1947.24,0,0,2,4.76,0,0,0
811.01,19,0,1,7.78,0,1,0
224.07,10,0,0,5.94,1,0,0
5998.1,7,1,2,3.83,0,0,0
12775.2,7,1,1,7.64,0,1,0
5102.33,15,0,1,8.31,0,1,0
6212.57,23,0,0,1.42,0,0,0
946.53,8,0,1,4.42,0,1,0
10410.96,7,0,2,6.64,0,1,0
761.79,13,1,1,0.28,0,0,0
28000.0,15,0,2,1.08,0,0,0
16901.0,10,3,1,5.55,0,0,1
4040.26,10,1,0,5.83,0,0,0
12766.91,12,1,1,7.37,0,1,0
2757.28,11,0,2,2.37,0,0,0
1021.56,20,1,0,1.57,0,0,0
1898.3,5,3,1,2.9,0,1,0
2941.03,9,1,1,8.71,0,1,0
302.85,18,0,1,5.03,0,0,0
3176.06,19,0,1,3.36,0,0,0
12772.7,7,0,0,5.88,1,0,0
734.73,22,2,0,5.6,0,0,0
5093.86,17,1,1,17.23,0,0,0
7691.58,10,0,0,10.84,0,1,0
9266.68,13,1,0,3.54,0,1,0
10371.27,10,1,3,4.97,0,0,0
20559.65,8,0,0,2.41,0,0,0
12174.36,10,0,1,3.4,1,1,0
4591.11,15,0,2,2.65,0,0,0
624.3,18,1,2,2.85,0,1,0
2133.55,11,0,1,4.77,0,0,0
4114.47,11,0,2,5.62,0,0,0
969.25,13,0,2,4.82,0,0,0
3334.76,16,0,0,9.05,1,1,0
3574.92,17,0,1,0.57,0,0,0
628.23,11,0,0,7.94,0,0,0
2724.34,15,0,3,3.35,0,0,0
4785.68,12,0,3,2.77,0,0,0
2271.01,17,0,4,3.87,0,0,0
98.97,8,0,0,4.32,1,0,0
20596.51,10,0,0,8.54,0,1,1
1473.3,12,0,0,2.78,0,0,0
8400.21,20,0,0,8.98,0,0,0
21749.26,15,0,0,7.49,0,0,0
3279.57,22,0,1,2.32,0,0,0
863.6,7,0,2,2.98,0,0,0
1301.99,13,0,0,3.92,0,0,0
26664.37,12,4,0,4.91,0,0,1
4236.4,15,0,0,1.75,0,1,0
380.84,18,0,4,4.16,0,0,0
1851.5,19,0,3,5.26,0,1,0
154.73,16,1,1,0.1,1,0,0
2158.05,16,1,0,8.94,0,0,0
3535.18,21,0,1,0.99,0,1,0
463.63,12,0,1,6.69,1,0,0
1150.95,19,0,0,1.59,0,1,0
1683.12,20,0,0,3.73,0,1,0
8123.63,14,2,4,4.42,0,1,1
16056.66,17,0,0,8.54,0,1,1
207.04,12,0,0,10.6,0,0,0
4640.24,8,1,1,1.81,0,1,0
1547.28,15,0,0,3.98,0,0,0
1654.67,9,0,0,2.51,0,1,0
4551.2,13,0,3,3.75,0,0,0
8080.0,19,0,3,4.02,0,0,0
9706.33,7,1,0,6.73,0,1,0
2814.15,3,0,0,3.82,0,1,0
1473.76,15,0,2,6.18,0,1,0
5016.94,11,0,0,1.26,0,0,0
984.86,12,0,1,8.36,1,1,0
2716.91,12,0,2,4.3,0,0,0
1481.02,7,0,1,2.7,0,1,0
3480.64,0,1,1,3.69,0,1,0
939.88,20,1,2,1.32,0,0,0
740.61,9,0,1,4.15,0,0,0
8072.66,12,0,0,7.94,0,0,0
403.57,22,0,2,14.37,0,0,0
2316.43,18,0,1,3.82,1,1,0
858.58,7,1,1,4.42,1,0,0
187.07,14,1,3,4.62,0,1,0
177.39,17,2,0,6.78,0,1,0
676.45,17,1,3,1.76,1,0,0
6510.18,18,0,1,1.27,0,0,0
1122.25,13,0,0,9.13,2,0,1
28000.0,9,1,1,7.11,0,0,0
2848.39,13,1,2,3.06,0,0,0
1896.13,16,1,0,7.48,0,0,0
21481.68,15,0,1,3.39,0,0,0
2386.77,6,0,2,3.42,0,0,0
4610.5,6,0,2,3.55,0,1,0
19428.93,22,0,2,2.04,0,0,1
1453.56,8,0,1,6.73,0,1,0
7244.66,10,2,0,3.5,0,0,0
9427.24,18,1,0,2.65,0,0,0
7198.58,12,1,0,6.82,0,0,0
1800.08,9,0,0,6.68,0,1,0
4910.53,13,0,0,7.44,0,1,0
2130.09,15,0,0,10.02,0,0,0
16092.37,13,0,0,5.6,0,1,1
792.83,20,0,1,2.02,0,1,0
2921.95,10,1,1,7.25,0,0,0
15890.95,16,0,3,4.6,0,0,0
1349.01,7,0,0,0.36,0,0,0
6239.94,12,0,1,21.78,1,1,0
802.49,17,2,1,4.68,0,0,0
296.21,9,1,1,1.78,3,0,0
288.81,15,2,2,7.33,0,1,0
9105.03,8,0,4,3.04,0,0,0
2322.67,7,0,2,4.38,0,1,0
14790.74,14,2,1,6.23,1,0,0
5389.17,16,0,1,4.52,0,1,0
5841.85,8,0,1,0.36,0,0,0
1352.01,20,0,0,5.55,0,0,0
3845.35,9,1,1,7.48,0,0,0
18877.9,8,1,1,1.67,0,0,0
3462.24,9,0,3,4.32,0,1,0
17099.91,9,0,2,6.52,0,0,0
20909.19,7,1,2,10.44,0,1,1
2538.6,18,0,0,5.56,0,0,0
1122.22,14,1,2,5.84,1,0,0
22045.41,12,0,1,4.89,0,0,0
182.54,21,0,1,4.04,0,0,0
19943.4,12,0,1,2.84,0,0,0
4701.6,8,0,3,1.84,0,1,0
13632.93,10,0,0,2.55,2,0,0
1784.24,10,1,0,4.99,0,0,0
2425.48,14,0,0,5.5,2,0,0
239.79,10,1,0,8.94,1,1,0
11627.42,14,0,2,10.69,3,0,0
880.31,16,0,0,3.19,1,1,0
16211.92,18,0,2,4.34,1,1,1
20772.01,17,0,3,5.43,0,0,0
898.1,9,0,0,2.18,0,1,0
64.72,8,0,1,9.01,1,0,0
4242.11,14,3,1,4.94,2,0,1
10961.05,9,0,1,4.58,1,1,0
872.74,7,0,0,5.41,0,0,0
22965.37,14,0,0,5.77,1,1,0
4394.06,11,0,1,1.63,0,0,0
6097.37,17,0,2,2.16,0,0,0
1817.67,11,0,1,2.13,0,1,0
1214.79,22,0,2,3.55,0,0,0
1319.14,18,0,2,6.63,0,0,0
4050.25,6,0,1,6.37,0,0,0
5490.61,14,0,0,4.18,0,0,0
701.35,15,0,0,5.13,0,0,0
1543.3,17,0,2,5.01,0,0,0
7490.97,14,0,1,3.31,0,1,0
5319.13,13,0,0,4.55,2,0,0
13468.99,11,0,1,0.85,0,0,0
25114.59,10,0,0,0.94,0,1,1
1658.55,21,0,0,12.83,0,0,0
23898.48,11,1,0,9.12,0,0,0
3521.75,6,0,1,11.83,0,1,0
321.45,8,0,1,6.69,0,1,0
2576.33,19,0,2,5.3,0,1,0
24823.87,15,2,1,6.76,0,1,1
645.94,18,3,0,3.94,0,0,0
4914.41,18,0,2,0.72,0,0,0
2864.88,18,0,0,2.91,0,0,0
9791.79,15,0,0,14.53,0,1,0
198.71,9,0,2,3.14,1,0,0
1046.65,8,0,0,5.94,0,1,0
3004.59,15,0,1,2.11,0,0,0
17466.78,11,0,1,2.92,0,1,0
4070.39,15,0,0,3.66,2,1,0
19616.16,14,0,1,4.05,1,0,0
406.11,15,2,1,4.61,0,1,1
21435.27,4,0,2,4.97,0,1,1
2335.48,4,0,1,3.4,0,0,0
1534.86,17,0,0,2.93,0,1,0
8706.21,9,0,2,5.27,0,0,0
5683.66,16,1,0,6.05,0,0,0
3883.08,14,0,0,11.86,1,0,0
4069.3,22,0,0,0.36,3,1,0
2041.98,19,0,0,1.66,0,0,0
8182.36,12,0,0,11.34,0,0,0
3855.58,16,0,2,3.44,0,0,0
4237.81,8,0,1,3.89,0,0,0
6390.45,12,0,0,2.3,0,1,0
1084.97,17,0,2,2.08,0,0,0
5325.38,16,0,2,1.06,0,0,0
755.08,13,0,0,5.18,0,0,0
1415.66,9,1,0,6.96,1,0,0
1368.44,18,0,1,7.12,0,0,0
27745.02,10,0,1,3.46,0,0,0
6273.37,18,2,1,4.33,0,1,1
3925.22,15,0,1,7.03,0,0,0
4215.17,12,0,1,7.7,0,0,0
2702.25,5,0,0,6.16,0,0,0
9465.36,9,0,3,6.38,0,0,0
2254.22,20,0,1,13.32,0,1,0
1592.39,18,0,3,2.8,0,1,0
629.51,15,0,1,1.59,0,0,0
4996.77,13,0,3,7.06,0,0,0
4302.97,16,0,3,5.44,0,0,0
21063.47,13,0,1,4.64,2,1,1
141.65,16,1,1,7.6,0,1,0
5904.27,11,0,0,8.38,0,1,0
96.75,19,0,1,7.9,1,0,0
3952.42,17,0,1,1.94,0,0,0
11308.53,11,0,0,5.14,0,1,0
1902.08,19,0,3,6.33,0,0,0
917.1,14,1,1,4.17,0,1,0
3965.1,9,0,4,11.43,0,0,0
5496.7,7,0,2,2.71,0,1,0
2589.94,17,0,1,9.25,0,0,0
10979.42,19,0,2,6.11,0,0,0
229.76,18,0,2,3.7,0,0,0
2308.91,16,0,0,2.76,0,0,0
4115.87,8,0,0,11.2,1,0,0
6412.49,7,0,0,0.87,0,0,0
692.14,11,0,0,4.22,0,1,0
5210.26,19,0,1,2.9,0,0,0
2634.53,22,0,0,3.61,2,1,0
1676.31,10,0,3,4.05,0,0,0
511.95,18,0,2,1.39,0,0,0
6474.96,15,0,1,2.33,0,0,0
607.56,4,0,2,5.43,0,0,0
18518.06,14,0,1,4.14,0,1,0
1156.17,18,0,1,3.41,0,1,0
6623.7,10,0,0,2.39,0,0,0
3634.04,20,0,0,2.69,0,0,0
5157.54,10,0,0,2.04,0,0,0
982.58,7,0,2,7.41,1,1,0
22549.0,8,0,0,3.06,0,0,1
2773.72,19,0,2,1.15,0,1,0
5783.99,12,0,1,7.62,0,1,0
7629.24,18,0,0,4.31,0,1,0
99.14,14,0,1,3.2,0,0,0
3646.94,13,0,2,3.46,3,0,0
230.33,18,0,0,14.15,0,1,0
17814.16,12,0,2,6.47,1,0,0
1145.32,18,0,1,10.36,0,1,0
1232.49,7,1,0,1.88,0,0,0
1453.1,16,0,0,4.49,0,1,0
3167.17,17,2,1,4.33,1,0,0
1360.93,20,1,2,0.38,0,1,0
4282.02,9,1,2,3.1,1,0,0
1718.88,15,1,1,0.93,0,1,0
286.56,13,0,0,3.24,0,0,0
4960.37,12,0,4,6.68,0,0,0
1136.91,7,0,3,11.37,0,0,0
1874.35,8,0,2,2.2,0,1,0
20825.32,19,0,1,11.65,0,0,0
1353.28,17,1,1,5.9,0,1,0
17758.59,12,0,2,8.18,0,0,0
1558.49,19,0,1,3.51,2,0,0
9309.43,7,0,2,1.17,1,0,0
3344.74,16,0,3,2.93,0,0,0
3622.1,19,0,1,5.37,0,0,0
3261.41,19,0,3,12.89,2,1,1
770.03,12,1,3,10.86,0,0,0
1793.95,17,0,2,14.63,0,0,0
25053.06,12,0,2,11.82,0,0,0
402.04,19,0,1,5.29,0,0,0
1101.68,14,1,3,5.12,0,1,0
1094.9,18,0,1,2.63,0,0,0
1870.13,7,0,2,2.35,0,0,0
12638.02,15,2,3,9.6,0,0,0
283.64,15,0,1,12.97,0,0,0
2400.05,15,0,2,2.04,1,1,0
692.56,17,0,2,1.6,0,0,0
26486.76,20,0,3,4.54,0,1,1
444.81,18,1,0,1.43,2,0,0
1713.91,9,0,1,5.36,0,0,0
4344.71,18,1,2,3.51,0,1,0
3961.67,8,0,2,7.46,1,1,0
1818.22,16,0,0,7.48,1,0,0
1421.44,19,0,0,2.55,0,0,0
1681.93,7,0,0,7.05,0,0,0
1042.08,19,0,2,6.1,0,0,0
795.46,18,0,3,3.65,0,0,0
2171.33,14,0,0,2.92,0,1,0
21554.16,11,1,0,9.17,0,0,0
1144.55,12,0,1,3.35,0,1,0
3481.8,22,0,3,2.09,0,0,0
11128.65,9,0,1,4.28,0,0,0
3021.36,15,0,1,8.83,1,0,0
316.33,7,0,0,18.3,0,0,0
311.5,9,0,0,1.11,0,1,0
9738.75,18,2,2,12.13,0,0,0
20627.87,10,1,0,5.94,1,1,1
369.07,23,0,1,1.71,2,1,1
21831.65,14,1,0,3.84,2,0,1
3187.14,14,0,3,3.68,0,1,0
22700.75,4,1,1,2.44,0,1,1
1055.71,21,0,0,15.66,0,1,0
17952.12,9,0,0,3.69,0,1,1
10789.11,14,3,3,1.5,0,0,0
984.4,12,0,2,8.51,0,1,0
3666.7,12,0,0,3.72,0,0,0
3984.22,16,0,3,3.01,0,1,0
3073.21,16,0,2,4.19,0,0,0
1260.92,8,0,0,6.41,0,0,0
16024.52,14,0,1,4.68,0,1,0
2973.53,18,4,1,4.63,0,0,0
6494.01,13,0,1,10.03,0,1,0
23959.81,8,1,3,8.75,0,0,1
418.22,11,0,2,1.5,1,0,0
20529.02,9,0,0,7.76,0,1,1
9326.04,8,0,1,5.5,0,0,0
4328.27,12,1,0,0.95,0,0,0
6925.69,14,0,3,0.94,0,0,0
784.61,6,0,0,1.16,0,0,0
21695.44,15,0,0,7.96,0,0,0
3924.89,23,1,1,2.53,0,1,0
18412.94,22,0,0,0.71,0,0,0
1738.42,19,0,2,1.85,0,0,0
18030.39,10,1,1,9.24,0,1,1
2858.37,2,0,3,6.25,0,0,0
993.84,19,2,0,0.22,0,0,0
1974.56,6,1,0,6.04,0,1,0
10172.51,9,0,0,2.37,0,1,0
1689.5,14,0,3,1.56,0,1,0
5920.3,9,0,1,2.93,0,1,0
728.55,19,3,1,0.86,0,0,0
3631.67,18,0,1,1.64,0,1,0
12132.2,17,1,0,0.57,0,0,0
403.89,18,0,3,17.32,0,1,0
86.74,9,0,1,3.49,0,0,0
18459.33,17,0,1,10.41,0,0,0
371.04,11,0,2,7.04,0,0,0
18744.77,16,0,2,7.52,0,0,0
7931.39,8,0,1,2.33,0,1,0
1881.43,17,0,1,1.78,0,0,0
1017.97,22,0,1,2.82,0,0,0
1883.6,5,0,3,2.16,0,0,0
21428.0,7,0,2,9.95,0,0,0
89.11,8,0,1,5.89,0,0,0
2908.86,12,0,0,0.77,0,1,0
3100.27,10,1,1,4.28,0,0,0
3308.8,18,0,1,4.0,0,0,0
946.72,13,2,1,4.16,0,0,0
4066.23,13,0,1,13.71,0,0,0
15618.84,17,1,1,5.21,1,0,0
771.14,11,0,2,2.54,1,1,0
6778.08,11,0,0,5.53,0,1,0
4354.96,17,0,1,2.28,0,0,0
104.29,18,0,0,11.77,0,1,0
14743.62,1,0,0,0.98,0,0,0
832.21,8,0,1,4.55,0,1,0
1070.61,9,0,1,3.47,0,0,0
17705.85,11,0,3,4.3,0,0,0
266.61,10,0,0,12.75,0,0,0
2025.52,16,0,3,2.82,0,0,0
4282.43,19,0,2,3.21,1,0,0
3046.44,9,0,1,1.55,0,0,0
3635.69,15,0,1,8.35,0,0,0
330.82,11,0,0,1.61,0,0,0
9743.2,14,0,2,2.51,0,1,0
5894.24,16,0,0,8.04,0,0,0
5292.7,20,0,2,5.48,0,0,0
5600.84,9,0,3,7.24,0,0,0
8696.0,7,4,0,2.48,0,0,0
20295.49,16,3,0,5.25,0,0,1
775.19,12,0,0,1.59,0,0,0
16504.55,8,0,1,3.51,1,1,0
20623.04,8,0,0,0.69,0,0,0
4345.11,15,0,2,14.12,0,0,0
2418.38,10,0,2,5.52,0,0,0
286.93,23,0,1,2.46,0,1,0
1544.17,12,0,3,5.41,0,0,0
8173.14,9,1,1,7.29,1,1,0
2870.08,16,1,3,8.49,0,1,0
2533.31,10,3,0,2.06,0,0,0
1062.05,14,0,4,5.61,0,1,0
1530.64,13,1,2,5.26,0,0,0
7282.71,13,0,1,12.21,1,1,0
3573.61,18,0,2,2.62,0,1,0
5014.5,9,1,3,1.66,0,1,0
17059.76,20,2,1,1.91,0,0,1
3243.75,18,0,0,6.01,0,0,0
973.69,11,0,0,3.52,0,0,0
3971.5,9,0,2,10.48,1,0,0
1845.34,10,0,0,3.5,1,0,0
1930.0,11,1,0,7.67,0,0,0
3413.24,15,0,1,1.81,0,1,0
8870.45,5,0,4,5.52,0,1,0
271.67,20,0,2,11.78,0,0,0
5632.81,7,0,2,7.58,0,0,0
1166.73,10,1,1,2.09,0,1,0
1937.89,7,0,2,1.58,0,1,0
130.9,10,0,0,5.23,1,0,0
1206.15,19,1,2,5.31,0,1,0
2294.96,16,0,2,6.75,0,1,0
245.01,9,1,1,7.32,2,0,0
2221.59,19,1,0,1.33,0,0,0
21685.4,18,0,1,0.94,0,0,1
416.39,17,0,1,5.4,0,1,0
4686.54,19,0,1,4.27,1,1,0
1746.64,16,0,0,0.87,0,1,0
3467.09,14,0,0,2.59,0,1,0
15029.86,12,0,0,0.5,0,0,0
616.0,9,0,4,11.84,0,0,0
619.69,15,0,0,4.49,0,0,0
293.92,20,0,0,10.76,1,0,0
717.16,15,0,1,1.16,0,0,0
3552.15,20,0,4,2.68,0,0,0
6890.25,11,0,0,7.02,0,0,0
5444.59,17,0,2,7.2,0,0,0
17870.22,16,0,0,1.4,0,0,0
14897.46,16,0,0,7.47,0,0,0
1152.31,16,1,1,6.91,0,0,0
1246.51,9,0,1,0.8,0,0,0
980.4,8,0,2,2.56,0,0,0
21802.6,22,0,2,4.52,0,1,1
2514.11,5,0,1,4.86,0,1,0
1472.59,13,0,1,5.04,0,0,0
1457.21,12,0,0,7.69,0,1,0
5703.19,11,0,0,2.59,0,0,0
5043.32,18,0,0,5.4,0,0,0
1237.2,17,0,1,4.71,0,1,0
24418.98,20,0,1,0.45,0,0,0
9831.77,12,1,0,2.38,0,0,0
1326.01,15,1,2,7.92,0,0,0
1460.36,20,0,1,1.28,1,0,0
2314.33,23,1,2,4.76,1,0,0
9123.26,22,0,1,0.45,0,1,0
6748.17,17,0,0,0.64,2,0,0
406.3,8,0,1,9.85,0,0,0
1656.11,2,0,3,3.02,0,0,1
2639.29,18,0,1,3.29,1,0,0
2298.18,19,0,0,2.63,0,0,0
749.61,17,0,2,0.69,0,0,0
6324.63,10,0,4,3.74,0,0,0
3675.74,16,1,0,9.82,0,1,0
5882.7,11,0,2,2.39,0,0,0
6323.44,13,0,0,1.63,0,1,0
4475.17,12,0,0,13.76,0,0,0
16087.6,20,1,0,1.01,0,0,1
16880.01,9,0,1,3.96,0,1,1
619.32,15,0,3,5.75,0,0,0
3643.27,11,1,2,1.94,0,0,0
692.13,16,0,0,3.1,0,0,0
19232.34,15,0,4,7.67,0,0,1
894.7,20,0,1,3.6,0,0,0
460.17,7,0,0,5.68,0,0,0
638.13,9,0,0,2.11,0,0,0
19450.51,18,0,1,6.57,0,0,0
4119.12,11,0,1,3.42,0,0,0
4278.45,8,3,2,7.53,0,0,0
2375.1,14,0,1,9.11,0,0,0
623.13,16,0,1,3.67,0,0,0
339.21,5,1,2,3.54,0,1,0
121.81,10,0,3,8.44,1,0,0
16555.58,18,0,1,6.42,1,1,1
21427.44,14,0,1,5.78,0,0,0
944.68,4,0,1,0.88,0,1,0
1459.6,10,0,0,1.85,2,0,0
416.22,16,0,2,1.15,0,0,0
864.78,9,1,0,6.2,0,0,0
2403.54,18,0,2,0.92,0,0,0
3054.76,16,0,0,1.06,0,1,0
960.81,13,0,3,6.98,0,0,0
250.29,20,1,1,7.49,0,1,0
17880.1,12,0,1,2.16,0,1,1
913.88,10,0,2,10.71,1,1,0
853.25,16,0,3,0.31,3,1,0
10349.45,15,0,2,0.88,0,1,0
3125.27,11,0,1,6.91,0,1,0
20107.01,11,0,2,2.21,0,1,1
1779.9,12,0,0,1.53,1,0,0
1852.86,10,0,2,3.19,0,1,0
2551.19,17,1,0,10.17,0,1,0
3874.86,16,0,0,2.89,0,0,0
3935.69,13,0,2,1.82,0,0,0
662.79,12,1,2,4.81,1,1,0
2278.79,11,0,2,4.34,0,0,0
1759.06,10,0,1,8.07,0,1,0
6601.7,7,0,0,15.21,0,1,0
3253.9,10,0,1,9.48,0,0,0
15729.84,11,0,1,7.48,0,0,0
452.36,15,0,0,3.96,0,1,0
3037.55,18,2,0,3.28,0,0,0
458.92,12,0,3,2.36,0,0,0
1376.13,21,1,0,1.5,0,0,0
553.23,18,0,1,2.94,0,0,0
3829.26,23,0,0,6.43,0,0,0
799.17,19,1,1,3.62,0,0,0
1651.52,16,0,1,2.71,0,1,0
7292.77,15,1,1,4.14,0,0,0
791.37,8,0,0,2.51,0,0,0
2328.42,17,1,1,4.16,0,1,0
1799.11,15,0,1,3.23,0,0,0
118.53,14,0,2,5.85,0,0,0
5096.38,17,0,0,3.14,1,0,0
288.94,13,1,2,7.8,0,0,0
2117.4,14,0,2,2.35,0,1,0
2692.07,12,3,0,4.54,0,0,0
3228.03,17,0,2,18.46,0,0,0
21814.83,19,0,0,4.74,0,1,1
17155.38,19,0,1,0.44,0,0,0
92.09,18,0,1,3.52,0,0,0
4173.09,0,0,0,2.02,0,1,0
2514.82,20,0,1,6.04,0,0,0
5847.54,10,1,0,5.09,0,1,0
5572.13,20,0,3,2.4,1,1,0
5991.49,9,0,0,6.47,0,0,0
2184.07,13,0,1,4.21,0,1,0
1358.9,17,2,1,0.88,0,1,0
5077.91,16,0,2,2.98,0,1,0
1980.62,12,0,0,13.22,0,1,0
708.5,16,0,2,2.54,0,0,0
6238.7,15,1,2,2.54,0,0,0
6913.85,10,3,0,8.02,0,1,1
2069.41,16,2,1,0.17,0,1,1
311.9,9,1,3,3.69,2,1,1
1630.36,17,0,1,3.68,0,0,0
5267.31,0,0,1,6.25,0,1,0
7485.55,15,0,1,2.16,0,0,0
787.98,12,0,0,3.4,0,1,0
281.83,10,0,0,4.6,0,0,0
6774.96,14,0,3,5.7,0,1,0
1638.63,16,0,2,2.72,2,0,0
2557.17,22,0,2,12.61,0,1,0
11081.05,19,0,0,0.25,0,0,0
280.43,17,0,0,2.32,0,1,0
3404.09,13,1,0,3.67,0,0,0
306.38,12,0,2,4.57,0,0,0
1566.41,4,2,0,9.2,0,0,1
5271.82,11,0,1,6.05,0,1,0
1878.33,19,0,0,1.43,1,0,0
18849.93,12,0,2,5.1,0,1,1
2680.3,13,0,0,9.6,0,0,0
1299.59,10,1,4,4.01,0,0,0
855.53,10,0,2,9.36,0,0,0
14518.88,6,1,1,0.33,2,0,0
1551.41,16,0,0,6.29,0,1,0
287.8,13,0,0,8.27,0,1,0
1536.35,15,0,1,2.83,0,1,0
20448.13,14,0,0,0.8,0,0,0
4164.93,18,0,2,7.28,0,1,0
3481.56,17,0,2,1.41,0,1,0
4007.61,18,1,1,2.66,0,0,0
18785.98,14,0,1,7.56,0,1,1
845.52,11,0,1,5.26,0,0,0
3528.08,21,1,0,22.47,0,0,0
20207.93,6,0,1,3.79,0,1,1
77.05,8,0,5,4.79,0,1,0
5282.94,12,0,1,7.24,0,0,0
4802.29,16,1,1,1.41,0,1,0
2604.0,0,0,2,3.45,0,0,0
280.08,17,0,5,1.19,0,1,0
20450.28,15,3,0,0.9,0,1,1
2864.42,13,1,0,8.48,0,0,0
4933.85,12,0,1,4.1,3,1,0
4518.58,14,1,1,4.29,0,1,0
5258.6,8,0,0,5.54,0,1,0
2395.45,7,0,1,1.73,1,1,0
543.84,10,0,0,7.21,0,0,0
3618.96,17,0,1,5.28,0,1,0
20397.1,15,0,2,5.72,0,0,0
4398.49,13,0,0,1.81,0,0,0
655.8,15,0,1,4.73,0,1,0
754.02,15,1,2,6.56,0,1,0
7135.22,11,0,0,3.01,0,1,0
4495.86,7,0,1,3.67,0,1,0
23800.31,20,0,0,3.59,0,0,1
4609.69,15,0,1,2.77,0,0,0
2969.45,17,4,2,5.01,0,1,0
22062.41,13,0,0,3.62,0,1,1
7098.01,17,0,0,2.82,0,0,0
2826.92,15,3,1,12.62,0,0,0
3262.36,6,0,1,3.76,0,1,0
18273.18,20,0,1,1.4,0,0,0
2115.37,11,0,2,4.74,0,1,0
4092.58,8,0,2,4.57,0,0,0
1071.21,7,0,1,4.95,0,0,0
783.09,17,0,1,12.76,1,0,0
1265.2,17,0,4,0.38,2,0,1
944.52,17,1,0,6.83,0,0,0
14488.67,20,0,1,2.23,0,0,0
1830.0,11,0,1,3.5,0,0,0
7689.48,15,0,1,1.23,0,0,0
2323.57,16,0,1,7.34,0,0,0
726.1,22,0,3,3.78,0,0,0
316.31,11,1,1,5.31,0,0,0
3871.97,21,0,0,9.66,0,0,0
1604.19,8,0,1,1.59,1,0,0
5580.07,18,0,1,5.24,0,0,0
3507.59,16,0,1,16.36,0,0,0
5150.62,18,1,3,8.82,0,0,0
19220.36,3,1,1,1.7,0,1,1
22330.14,7,0,0,10.56,0,1,0
17006.77,6,1,0,4.18,0,0,0
9013.61,15,0,3,12.19,0,0,0
23303.5,15,0,4,7.96,0,0,0
1315.42,20,1,1,3.4,1,0,0
1064.94,13,0,2,7.94,1,0,0
20482.08,6,0,3,0.99,0,0,0
3856.05,9,0,0,1.84,0,0,0
849.81,0,0,0,7.37,0,0,0
2954.78,18,0,1,1.26,0,0,0
1043.64,18,1,0,3.47,0,0,0
3530.78,23,0,1,5.36,0,0,0
19859.97,12,0,2,5.66,3,1,1
4876.61,1,0,2,8.99,0,1,1
4638.14,10,0,0,2.59,0,1,0
725.32,15,1,4,8.17,0,1,0
356.12,22,1,2,7.51,0,0,0
3901.52,7,2,0,2.48,0,0,0
1530.13,8,0,0,0.66,0,0,0
1871.98,17,3,1,2.98,0,0,0
20395.39,16,0,3,2.49,1,0,0
1021.71,10,0,2,1.45,0,0,0
169.62,18,1,3,4.47,1,1,0
6823.2,8,0,0,16.29,0,0,0
952.53,20,0,3,4.58,1,0,0
2667.83,9,1,1,14.24,0,0,0
187.23,7,1,2,18.52,0,0,0
3577.29,11,0,1,2.32,0,0,0
1308.4,9,1,0,2.72,0,1,0
7362.37,14,1,3,7.94,1,0,0
7069.0,17,1,1,3.71,0,0,0
1319.11,14,0,0,1.8,0,1,0
7459.17,16,0,1,4.42,0,0,0
17857.37,11,1,0,6.71,0,0,0
5645.11,3,0,0,8.03,0,0,0
6023.2,22,0,1,6.14,0,0,0
976.36,18,0,0,5.29,0,1,0
2810.98,6,0,1,3.81,0,0,0
282.8,13,4,2,2.13,0,0,0
379.13,16,0,1,10.73,0,1,0
21838.4,9,0,0,3.0,0,0,0
1325.52,15,1,2,3.79,0,0,0
4472.98,14,0,0,7.48,0,0,0
5318.66,9,0,5,2.22,1,1,0
6306.69,8,0,4,13.76,1,1,0
19401.27,18,0,2,4.33,0,0,0
944.51,11,2,0,2.34,0,1,1
191.8,10,0,0,5.6,0,1,0
1754.89,17,0,2,6.72,0,1,0
505.94,17,2,0,3.36,0,0,0
132.58,10,0,2,4.07,0,0,0
1490.25,19,0,3,5.0,1,0,0
4960.05,17,0,1,4.17,0,0,0
2732.41,11,3,2,1.03,0,0,0
1260.31,12,0,3,1.6,0,0,0
3459.38,17,0,0,4.34,0,1,0
904.77,9,0,0,1.94,0,1,0
106.35,13,0,0,9.32,0,0,0
4685.35,16,2,2,15.1,0,0,0
3187.95,14,0,3,6.47,0,0,0
4657.62,15,0,1,0.91,0,1,0
187.09,14,0,0,0.26,0,1,0
5867.17,9,1,0,2.63,1,1,0
3152.28,12,1,1,5.62,0,1,0
2711.93,14,0,1,7.38,0,1,0
19722.34,18,0,0,0.87,0,1,0
6454.53,16,2,0,4.14,0,0,0
2889.29,12,1,2,1.27,2,1,0
2843.25,22,0,0,0.38,0,1,0
15021.61,7,0,1,4.91,0,0,0
4583.47,9,1,2,4.5,0,0,0
1928.55,11,0,1,5.81,0,0,0
3992.6,9,0,0,4.28,1,0,0
20427.71,16,3,5,0.59,0,0,1
891.7,5,2,1,5.57,0,1,1
22479.82,9,1,0,3.01,0,0,0
8487.59,10,0,1,2.66,1,1,0
25571.44,17,3,0,3.37,2,1,1
1398.9,19,0,1,0.34,0,0,0
2460.3,18,0,0,7.01,0,1,0
820.94,9,0,0,3.83,1,0,0
17446.39,15,1,5,9.04,0,1,1
12762.53,3,0,2,6.92,0,1,0
3414.94,11,1,1,2.62,0,0,0
5281.62,18,1,0,12.05,0,0,0
4077.98,13,0,0,9.24,0,0,0
2937.86,8,1,2,2.3,0,0,0
235.44,13,2,1,3.59,0,1,0
2000.92,9,0,1,6.89,0,0,0
3654.47,12,0,2,2.01,0,1,0
3681.6,14,0,2,2.56,0,1,0
1554.41,11,0,2,0.65,0,0,0
9154.45,21,0,1,0.98,0,1,0
646.08,15,0,1,1.39,0,1,0
2280.37,19,2,3,3.96,0,0,0
20009.74,18,3,1,7.59,0,0,1
3882.31,16,0,2,2.15,0,0,0
3407.01,14,0,0,6.64,0,0,0
1090.34,0,0,0,2.08,0,0,0
603.51,16,0,0,5.45,0,1,0
3293.4,11,0,2,3.15,0,1,0
2986.55,8,0,1,1.1,0,0,0
692.53,13,0,0,6.99,0,0,0
3968.01,17,0,0,7.02,2,1,1
2003.31,22,1,2,0.27,0,0,0
3586.08,12,0,3,4.7,0,0,0
5872.03,14,0,0,5.1,0,1,0
655.21,19,0,3,4.3,1,0,0
20445.47,11,0,1,2.68,0,0,0
4892.18,8,0,0,1.4,0,0,0
3070.67,10,0,1,3.98,1,1,0
18755.7,20,0,1,0.25,0,0,0
5887.57,8,0,1,1.6,0,1,0
20311.26,11,0,1,4.97,0,0,0
10434.87,13,0,0,7.76,0,0,0
2516.74,19,0,1,10.15,1,0,0
2205.28,21,0,1,1.22,0,0,0
1704.72,12,0,2,1.95,0,1,0
593.99,21,0,2,5.96,0,1,0
2780.17,8,1,0,7.1,0,0,0
1097.96,8,1,2,12.02,0,0,0
8195.06,21,1,1,5.84,1,0,0
2860.41,14,0,1,4.66,0,0,0
2935.36,9,0,2,4.38,0,1,0
1462.84,14,0,1,1.49,0,1,0
16123.81,18,1,0,0.64,0,0,0
163.23,18,1,2,5.78,1,0,0
1821.58,19,0,0,5.43,0,1,0
342.74,15,0,1,0.61,0,1,0
3047.38,19,0,1,1.59,0,0,0
6870.9,14,0,1,12.69,3,0,0
6923.53,15,2,1,0.91,1,0,0
3503.22,18,0,0,0.75,0,1,0
819.31,12,0,2,1.02,4,1,1
6420.8,6,1,1,5.0,0,1,0
26887.33,11,0,0,5.2,0,1,0
21271.01,16,0,0,9.58,0,0,0
4339.11,9,0,3,5.86,0,0,0
1140.32,8,0,0,2.25,0,1,0
5252.73,10,0,3,0.43,0,1,0
18913.64,4,0,0,3.66,0,1,1
157.56,17,0,1,12.37,0,1,0
7345.07,10,0,1,2.2,1,1,0
3178.5,8,0,0,5.92,1,0,0
11663.81,17,1,0,2.49,0,1,0
2061.62,19,0,0,5.49,0,1,0
6075.54,1,0,0,4.42,1,1,0
266.16,9,0,0,5.41,0,0,0
1366.84,21,0,0,2.19,0,1,0
281.98,12,0,0,2.08,0,1,0
11908.64,21,1,0,1.36,0,0,0
5494.0,10,0,1,3.21,0,0,0
6185.6,9,0,1,5.36,0,0,0
23716.73,9,0,0,4.48,0,0,0
20255.58,7,1,1,2.92,0,0,0
1618.74,20,3,1,5.58,0,1,0
295.79,22,0,1,6.0,0,0,0
817.53,21,0,3,7.02,0,1,0
15959.36,19,0,0,2.59,0,0,0
2086.22,19,1,1,2.79,0,1,0
1060.78,16,0,1,9.31,0,1,0
400.63,18,0,0,8.32,0,0,0
646.6,9,0,1,6.74,0,1,0
21334.95,12,0,1,0.96,0,0,1
11627.25,16,0,2,3.42,0,0,0
4617.35,19,0,2,7.81,0,0,0
11050.7,16,1,2,7.02,0,0,0
1913.94,19,0,1,4.33,0,1,0
18883.23,13,0,2,4.13,2,0,1
5183.01,17,0,1,1.74,1,0,0
1323.69,22,0,3,1.44,0,1,0
14255.23,8,0,2,1.9,0,0,0
906.8,21,1,0,1.82,0,1,0
504.46,14,0,0,3.01,1,0,0
1008.28,16,1,1,7.3,0,0,0
1464.8,19,0,2,1.13,0,1,0
3646.69,12,0,2,1.19,0,0,0
266.74,12,0,0,3.57,0,1,0
816.37,14,1,0,9.5,0,0,0
5357.94,1,0,1,1.92,0,0,0
13841.53,14,0,1,3.34,1,1,0
1402.5,10,0,3,5.4,0,0,0
6459.86,21,0,1,3.06,0,1,0
598.66,7,0,0,4.75,0,0,0
336.35,13,0,1,6.38,0,1,0
2180.61,21,0,2,6.43,2,0,0
15392.32,20,0,1,1.53,0,1,1
2712.02,17,0,3,3.64,0,1,0
5271.67,15,1,2,1.45,0,0,0
532.04,10,0,3,5.57,0,1,0
17341.92,11,0,0,9.73,0,1,1
21454.48,7,1,1,3.54,0,1,1
557.85,18,0,3,6.15,1,0,0
3190.12,11,0,0,4.03,0,0,0
1083.07,16,0,0,3.84,0,1,0
2201.14,11,0,0,0.82,0,0,0
334.73,13,0,1,8.88,1,0,0
2029.33,15,0,1,5.5,4,0,0
1231.04,18,0,0,3.74,0,1,0
5589.97,9,0,0,4.77,0,0,0
247.73,12,4,3,3.29,0,0,0
1795.45,8,0,1,2.47,1,1,0
2022.51,7,1,1,8.0,0,1,0
4191.22,15,0,2,2.54,0,1,0
2792.77,9,0,0,5.09,0,0,0
3580.8,6,0,0,1.25,0,0,0
4862.57,20,0,0,4.27,0,0,0
6402.32,14,0,0,12.49,2,0,0
1265.43,8,1,1,1.52,0,0,0
2531.17,6,0,2,2.78,1,0,0
5926.42,8,0,0,4.73,0,0,0
14625.56,13,0,2,3.43,0,1,0
7109.33,16,0,1,1.33,0,0,0
1545.97,16,0,1,5.8,0,0,0
754.78,8,0,1,17.9,0,0,0
2210.89,16,0,3,1.53,0,0,0
4390.9,12,0,1,7.9,0,0,0
2230.86,13,0,1,6.62,0,0,0
2172.2,18,4,0,0.68,0,1,1
5889.06,11,0,0,4.93,0,0,0
1495.15,8,0,1,8.45,0,1,0
6346.87,19,0,1,1.1,0,0,0
16513.27,9,0,0,2.11,0,0,0
1333.1,10,1,0,5.08,0,1,0
1996.38,17,0,1,3.78,0,0,0
4659.57,17,0,3,7.53,0,0,0
21244.1,18,0,1,1.61,0,1,1
18848.66,9,0,1,3.36,0,0,0
9740.17,11,0,1,7.16,0,1,0
677.5,8,1,1,3.25,0,0,0
2743.84,14,0,1,4.15,0,1,0
2830.78,10,0,2,0.75,0,1,0
20752.49,17,1,1,1.08,0,1,0
3371.74,0,0,1,5.59,0,0,0
15638.18,6,0,1,6.72,0,1,1
2634.21,13,3,2,5.75,0,1,1
1549.57,21,0,2,6.98,2,1,1
3527.92,20,2,2,4.0,0,1,1
547.19,23,0,1,9.3,2,0,0
2767.24,12,0,1,2.11,0,0,0
715.68,5,0,0,0.41,0,0,0
1105.19,11,0,1,2.78,3,0,0
849.79,16,0,4,9.27,1,0,0
706.14,8,0,1,4.62,0,0,0
5650.53,10,3,1,2.59,0,0,1
1136.68,6,1,1,4.27,0,0,0
8440.78,13,0,0,5.21,0,1,0
11273.16,9,0,1,2.93,0,0,0
2770.1,7,0,3,5.6,1,1,0
553.82,12,0,0,10.0,0,0,0
1561.7,11,1,1,9.47,0,1,0
5174.12,14,0,1,7.29,3,0,0
1525.29,17,0,1,11.26,3,1,1
351.32,7,0,1,1.33,0,1,0
2663.84,18,0,0,5.05,1,1,0
6028.35,3,0,3,2.2,0,0,1
5145.68,13,0,1,3.25,0,1,0
676.07,15,0,0,11.34,1,1,0
3634.64,21,0,0,7.46,0,0,0
857.15,15,0,0,1.45,0,1,0
847.73,8,1,2,10.97,0,0,0
6690.54,14,0,1,6.63,0,1,0
979.17,12,0,0,8.12,0,0,0
1037.61,13,0,0,3.57,0,1,0
62.09,9,0,2,5.28,0,0,0
6605.22,14,1,1,1.32,0,0,0
5093.86,8,1,0,3.09,0,0,0
23360.24,17,2,2,9.1,0,0,1
4499.55,15,2,0,2.56,0,0,0
587.78,7,1,1,2.28,0,1,0
2021.88,20,0,2,5.41,0,1,0
1444.51,16,0,2,4.17,0,0,0
375.1,11,0,1,2.89,0,1,0
20533.03,5,3,2,2.64,0,0,1
8172.06,16,0,2,3.42,0,0,0
20106.07,12,0,0,0.42,0,0,0
1162.56,20,2,0,1.84,0,0,0
804.37,4,0,1,6.79,0,0,0
930.4,5,0,2,5.14,0,0,0
7710.24,21,1,3,4.0,0,1,0
2079.97,22,1,1,1.63,1,0,0
2069.34,3,1,1,4.49,0,0,0
4634.46,17,1,1,4.96,0,1,0
597.02,9,0,0,2.64,0,1,0
2197.59,17,0,1,0.78,0,1,0
1858.7,19,0,1,4.78,0,1,0
2967.51,7,1,2,2.29,0,0,0
24775.29,10,0,1,3.82,0,0,0
25407.15,2,0,1,2.85,0,1,1
1683.28,5,0,0,1.04,0,1,0
5684.53,3,0,1,0.83,0,1,1
658.99,18,0,0,6.01,0,0,0
159.0,10,1,0,4.07,0,1,0
791.9,14,0,0,8.25,0,0,0
1391.65,18,0,1,7.82,0,0,0
2346.51,14,0,3,1.5,0,1,0
3115.51,12,0,2,2.1,0,0,0
7787.04,0,0,1,3.45,0,0,0
2341.77,15,0,1,0.64,0,0,0
16291.37,8,2,1,2.29,2,0,1
224.96,18,1,0,10.44,0,1,0
173.71,10,1,3,7.43,0,0,0
2623.48,16,0,2,6.48,0,1,0
1905.03,16,1,3,11.0,0,0,0
5907.91,16,1,0,0.22,0,0,0
14393.22,10,2,2,6.58,1,0,0
140.92,10,0,0,6.6,0,1,0
21394.75,19,0,1,4.4,0,1,1
927.6,0,0,2,1.09,0,0,0
222.84,9,1,2,14.31,0,0,0
4186.48,15,0,1,7.71,0,0,0
438.64,18,0,1,10.46,0,0,0
3059.39,11,0,3,6.05,1,0,0
1115.88,16,1,1,1.83,2,1,1
669.76,15,1,1,1.46,0,0,0
1588.43,6,0,0,8.32,0,1,0
5233.42,16,0,2,2.03,3,0,0
1652.75,18,0,2,4.24,0,0,0
4506.01,23,0,1,2.66,0,1,0
20418.09,3,1,0,6.02,0,0,1
22471.85,16,1,0,3.69,0,0,0
925.31,12,0,0,14.2,0,0,0
3680.23,0,0,1,15.17,0,0,0
2729.46,16,0,5,5.3,3,0,1
8530.77,8,0,1,1.62,0,1,0
17555.74,12,0,2,1.89,0,0,0
279.06,10,0,0,2.13,0,1,0
121.89,11,2,1,1.52,0,0,0
5671.67,14,0,1,4.5,0,0,0
2440.43,11,0,2,1.31,1,0,0
4836.77,15,0,4,3.49,3,0,1
19135.85,10,1,3,4.17,1,1,1
1414.39,16,0,1,3.39,0,1,0
157.81,19,0,2,16.21,0,0,0
10482.07,9,0,3,4.23,0,0,0
3587.11,14,0,0,3.6,0,0,0
8719.61,16,0,1,8.12,0,0,0
1047.39,15,0,1,4.75,0,0,0
3085.18,11,0,2,8.72,0,0,0
19136.54,16,0,2,2.87,0,1,1
1282.61,3,0,1,6.03,0,1,0
20997.79,11,2,1,4.89,0,0,1
9469.65,14,1,1,2.91,0,0,0
6977.01,1,0,1,2.11,0,0,0
4359.17,14,0,0,5.45,0,1,0
18005.13,16,0,1,13.06,0,1,1
1118.4,18,0,0,11.9,0,0,0
10641.2,8,4,2,8.21,1,0,0
14822.31,23,0,0,7.38,1,0,0
4088.66,15,1,2,4.17,0,0,0
20849.67,11,2,0,1.77,0,0,1
3179.0,10,0,2,0.85,0,0,0
28000.0,15,0,0,5.52,0,0,0
1256.13,19,0,2,12.53,0,1,0
21107.79,14,0,2,4.62,0,0,0
323.13,16,1,2,8.5,0,1,0
1931.45,11,0,1,5.06,1,1,0
1028.07,12,0,2,4.26,0,0,0
1406.11,10,1,0,2.38,0,0,0
26350.54,17,3,1,2.46,0,0,1
8830.72,11,0,2,4.02,0,0,0
20168.13,9,1,1,3.1,0,0,0
1551.28,11,0,0,7.61,0,1,0
24345.64,19,1,1,8.22,0,0,0
264.16,17,0,0,5.93,0,0,0
370.11,11,2,2,13.26,0,0,0
628.58,20,0,0,9.01,3,0,0
2954.06,6,0,0,4.47,0,0,0
581.84,5,0,1,3.04,0,0,0
11082.11,8,0,2,5.67,0,0,0
1954.02,8,0,1,10.75,0,0,0
2287.8,7,1,0,1.63,0,0,0
966.36,16,0,1,9.73,0,0,0
2097.41,15,1,0,2.1,0,0,0
3530.25,16,1,2,3.07,0,0,0
4511.24,17,3,0,7.98,0,1,1
4546.04,17,0,3,8.21,0,0,0
2819.97,9,0,2,3.82,0,1,0
7570.92,16,1,2,4.99,0,1,0
5501.6,15,0,0,12.54,0,0,0
4587.65,21,4,1,12.22,0,1,1
243.08,9,0,0,4.31,0,0,0
82.09,6,0,2,3.8,1,0,0
824.24,16,0,0,2.8,0,0,0
3545.53,17,0,2,1.24,0,0,0
21251.29,10,0,1,4.19,0,0,0
22090.83,15,2,1,4.27,1,0,1
27545.85,6,0,0,3.14,0,0,0
7289.34,22,0,0,3.61,0,1,0
7736.24,7,0,1,1.26,2,0,0
1265.44,6,0,0,4.45,0,1,0
3818.7,5,0,1,2.14,0,0,0
1074.24,12,0,1,6.34,0,0,0
736.72,7,0,0,3.66,0,1,0
713.17,17,0,1,6.82,0,0,0
1399.88,20,0,0,18.69,0,0,0
20324.13,10,1,0,1.35,0,0,1
20439.11,16,0,1,1.55,0,1,0
13786.5,5,0,0,8.5,0,1,0
4308.79,12,0,0,5.24,0,1,0
2485.99,10,0,1,6.42,0,0,0
15324.32,9,0,1,0.6,0,0,0
22956.82,16,0,3,2.11,0,1,1
1201.1,8,3,2,7.12,0,0,0
2960.94,19,0,2,6.67,0,0,0
1880.43,16,0,2,0.77,1,1,0
634.76,17,0,1,5.38,0,0,0
456.67,21,0,2,2.32,0,1,0
2591.81,21,0,2,2.71,0,1,0
24203.21,15,0,0,3.28,1,0,0
1408.9,14,1,3,1.29,0,0,0
4285.62,11,0,2,3.35,0,0,0
3499.62,17,0,1,8.35,2,0,0
8641.52,14,1,0,2.7,0,1,0
5564.84,21,0,0,3.99,0,1,0
2735.54,10,0,1,5.8,0,0,0
23324.25,11,0,1,5.42,0,1,1
7377.05,11,0,2,2.7,0,1,0
18412.43,18,1,0,3.69,0,0,0
1326.26,7,0,0,4.76,0,0,0
94.78,13,0,1,3.26,0,0,0
5665.99,12,0,3,4.06,0,0,0
5225.93,6,0,3,16.61,0,1,0
413.03,12,0,1,8.08,0,1,0
2812.15,14,0,0,11.68,0,0,0
2055.48,6,1,0,5.0,0,0,0
464.38,14,0,0,5.58,0,0,0
12670.71,22,0,1,2.48,0,1,0
833.39,22,0,1,9.42,1,1,0
282.72,14,0,4,0.68,0,0,0
2951.17,14,4,1,15.1,0,1,1
4356.72,10,0,2,5.8,1,0,0
165.54,23,1,2,2.64,0,0,0
3500.14,10,0,2,7.08,0,0,0
2491.71,13,1,0,1.87,0,0,0
408.78,0,0,1,4.25,1,1,0
18952.54,11,0,0,2.61,0,1,1
15938.79,6,1,2,3.13,0,0,0
1184.75,17,1,1,4.32,0,1,0
8974.32,15,0,2,9.56,0,0,0
5525.04,15,0,1,4.16,0,0,0
13207.12,10,0,0,1.42,0,0,0
1022.11,18,0,0,2.45,0,1,0
26250.56,0,0,0,2.29,2,0,1
1865.72,11,0,1,15.46,0,0,0
1426.31,16,0,1,2.28,1,0,0
225.32,20,0,0,5.11,0,0,0
233.47,10,0,1,4.09,0,0,0
20318.77,14,2,1,3.11,0,1,1
20064.59,14,0,0,2.0,0,0,0
881.94,19,0,2,1.58,1,0,0
3105.89,5,1,1,6.47,0,0,0
992.8,12,0,2,8.88,0,0,0
2818.01,9,0,0,1.48,1,0,0
1484.16,2,0,1,4.45,0,0,0
5611.14,8,0,4,3.82,0,1,0
19931.92,22,0,0,1.28,0,1,0
2136.3,9,0,0,2.49,0,0,0
20558.95,21,2,2,7.53,0,0,1
1500.94,9,0,0,12.88,1,0,0
5302.97,21,1,1,13.72,0,0,0
1332.84,16,0,1,3.61,0,1,0
16725.74,8,0,0,5.32,0,0,0
343.17,15,0,0,3.81,0,0,0
2071.71,11,0,1,8.41,0,1,0
2165.71,12,1,3,6.94,0,0,0
5942.49,13,0,0,7.22,2,1,1
20399.64,12,0,0,2.15,1,0,0
1594.83,16,0,1,3.49,0,1,0
5347.6,18,0,2,7.67,0,1,0
5612.43,11,1,1,13.08,0,0,0
15397.36,20,1,1,9.96,0,1,1
2026.61,21,1,1,1.73,0,0,0
1216.42,5,0,2,1.0,1,0,0
8688.61,1,0,2,8.17,0,0,0
464.14,12,0,0,2.2,0,1,0
8745.8,15,0,1,16.05,2,0,1
3745.09,10,0,0,7.97,0,0,0
2486.79,10,2,1,6.37,0,0,0
166.25,16,2,1,3.38,0,0,0
2125.58,15,1,2,5.87,2,0,0
1736.23,8,0,1,2.23,0,0,0
19060.63,20,0,0,4.88,0,0,0
3478.58,16,1,5,8.91,0,0,0
11406.17,11,0,1,3.32,0,0,0
2703.1,17,0,2,4.09,0,0,0
4074.08,7,0,1,0.71,0,0,0
286.9,13,1,1,4.41,0,0,0
1790.28,8,0,1,5.36,0,0,0
455.85,5,0,3,7.47,0,0,0
3096.17,11,1,0,11.69,0,1,0
8982.97,8,0,2,3.47,0,1,0
3528.97,16,0,1,1.33,1,1,0
315.72,16,0,0,3.79,1,0,0
1461.56,8,0,2,7.71,0,0,0
2619.95,2,0,1,0.12,0,0,0
17058.42,18,0,1,1.76,1,0,0
5799.6,0,0,5,2.09,0,0,0
24817.06,11,0,1,2.29,0,0,0
3088.21,14,1,3,2.64,0,0,0
1556.13,18,0,1,2.72,0,1,0
1003.43,19,1,0,5.97,0,0,0
418.11,17,0,3,7.39,1,1,0
17680.07,10,0,0,12.5,0,0,0
1765.68,17,0,2,6.28,0,0,0
3664.69,10,0,2,1.08,1,1,0
3494.92,9,1,0,3.68,0,0,0
292.6,14,0,1,7.03,0,0,0
1669.46,16,2,0,3.57,0,0,0
19024.79,6,0,1,1.49,0,0,0
605.81,6,1,2,9.15,3,1,0
5679.88,18,0,4,5.25,0,1,0
197.02,19,0,0,8.84,0,1,0
1798.62,15,0,0,6.2,0,1,0
649.34,12,0,2,6.4,2,0,0
27301.47,19,0,1,4.06,0,0,0
15830.7,17,0,1,3.2,0,1,0
902.11,15,0,1,2.05,0,1,0
15382.58,11,0,0,5.93,0,1,1
4267.53,9,1,1,2.41,0,0,0
10213.28,12,0,2,1.56,2,1,0
856.91,10,0,1,1.2,0,0,0
7014.09,11,0,0,6.54,0,0,0
8772.7,14,1,1,1.27,0,0,0
8002.26,8,0,0,6.89,0,1,0
3288.78,18,0,1,7.71,0,1,0
3240.06,8,0,2,6.03,0,0,0
1711.81,13,0,1,1.1,0,0,0
23689.22,17,0,0,7.19,0,1,1
2484.89,13,0,0,4.55,0,1,0
3680.67,11,0,1,2.64,1,1,0
1850.13,13,0,0,2.15,1,0,0
4267.65,19,0,2,3.75,0,1,0
5627.85,23,0,2,7.14,0,0,0
566.67,16,0,0,4.77,0,0,0
5785.89,18,0,2,6.73,0,0,0
20718.1,1,0,2,3.02,0,0,1
21362.8,19,0,1,3.52,0,1,0
1866.1,21,0,2,2.16,0,0,0
1584.77,15,0,2,2.87,1,1,0
7950.62,17,0,2,7.8,0,0,0
985.58,14,0,1,3.03,1,1,0
6009.64,10,0,0,3.69,0,1,0
19132.58,19,0,3,5.04,0,0,0
2369.58,15,0,1,3.66,0,0,0
1240.31,15,1,2,12.2,1,1,0
2783.42,16,0,0,2.95,0,1,0
1318.74,19,0,1,2.31,0,1,0
188.2,17,0,1,4.81,0,1,0
1075.85,9,1,1,7.67,1,1,0
80.48,13,1,3,3.47,0,0,0
25660.99,22,0,0,4.03,0,1,0
10856.76,15,0,1,0.66,0,0,0
1668.91,21,0,0,1.9,0,0,0
4230.62,18,0,1,7.28,0,0,0
1417.92,16,0,1,1.2,0,1,0
3618.34,11,0,1,0.54,0,1,0
5298.28,10,0,0,5.35,0,1,0
9445.2,16,0,2,1.19,0,0,0
1695.77,13,0,1,8.34,0,1,0
4953.54,18,0,1,7.91,0,1,0
1049.28,18,1,1,3.82,0,1,0
28000.0,11,0,0,2.48,0,0,0
143.54,17,0,0,8.05,0,1,0
3020.49,14,1,2,3.56,0,1,0
3507.54,11,0,1,10.86,0,0,0
3787.67,12,1,2,0.92,0,1,0
470.48,20,1,1,2.06,0,0,0
25381.42,11,0,3,1.44,0,1,1
699.66,10,0,1,0.71,1,0,0
3179.54,11,1,1,5.24,1,1,0
20538.43,9,0,2,6.37,0,0,0
1234.52,14,0,3,13.97,0,0,0
19427.48,8,1,0,2.9,0,0,0
1787.68,18,0,2,3.02,1,0,0
618.79,9,0,1,5.44,1,0,0
659.87,15,0,1,4.08,0,0,0
1792.91,8,0,1,2.54,0,0,0
4590.75,22,0,2,8.83,0,0,0
7363.79,13,0,0,3.43,0,0,0
341.21,18,0,0,0.62,0,0,0
1658.07,18,0,1,3.19,0,0,0
398.03,17,1,1,7.01,0,1,0
113.54,18,0,6,7.37,0,0,0
3528.41,7,0,0,8.57,0,0,0
3011.79,16,0,2,4.88,0,0,0
629.45,10,1,2,4.03,0,0,0
912.25,18,0,1,12.68,1,1,0
136.78,21,0,1,4.89,3,0,1
23515.67,20,1,1,6.09,0,0,0
11825.05,8,1,1,9.07,0,0,0
525.78,11,0,3,1.45,0,1,0
902.5,11,0,1,5.03,1,0,0
6549.79,8,1,0,2.75,0,1,0
8411.93,7,1,2,2.87,0,0,0
1801.07,12,0,1,4.33,0,1,0
226.24,23,0,1,2.2,1,0,0
20178.63,15,0,4,1.83,0,0,1
2790.23,16,0,2,2.38,1,1,0
1656.97,13,0,3,2.79,0,0,0
153.03,16,0,1,7.54,0,0,0
2860.88,21,0,0,6.18,0,0,0
96.37,15,0,0,9.15,0,1,0
5014.27,6,0,0,2.21,0,1,0
1230.9,14,0,0,8.2,1,1,0
191.49,23,0,0,6.12,1,1,0
2900.28,12,0,1,4.42,0,0,0
1682.32,15,2,3,1.88,0,0,0
11714.44,7,0,1,7.21,0,0,0
18044.79,8,0,0,4.02,0,0,0
1090.12,19,0,1,8.4,0,0,0
4015.01,10,0,3,1.62,1,0,0
1073.62,11,0,0,9.32,0,0,0
7567.02,12,0,3,8.06,0,0,0
1562.59,22,0,2,6.49,0,1,0
2614.29,7,0,1,9.59,0,1,0
226.07,18,0,2,8.57,0,1,0
1837.08,11,0,0,8.19,1,0,0
5775.06,19,1,1,2.31,0,1,0
5301.88,23,1,0,3.66,1,0,0
872.84,11,0,3,4.97,0,1,0
880.11,8,1,3,4.41,0,1,0
5499.8,8,3,2,5.05,0,0,0
8587.9,18,0,1,4.71,1,0,0
380.7,8,0,1,8.29,0,0,0
1973.42,10,1,1,2.91,0,0,0
1377.33,9,0,1,3.21,0,0,0
6605.7,11,0,2,1.7,0,0,0
339.11,6,3,1,9.26,0,1,0
818.88,19,0,2,5.23,1,1,0
4527.89,19,1,0,5.79,1,0,0
228.5,12,1,1,6.38,0,0,0
2230.65,15,0,1,8.61,0,0,0
20533.08,16,0,0,0.74,0,1,1
1362.62,17,0,2,17.64,0,1,0
1665.82,14,0,0,3.01,0,0,0
2475.67,14,0,0,4.72,0,0,0
623.14,16,0,1,16.19,0,1,0
22668.93,17,0,0,1.6,0,0,0
19919.25,11,0,1,5.74,0,0,0
4628.92,11,0,0,6.61,0,0,0
16446.6,10,0,3,6.21,0,1,1
577.24,15,1,0,4.79,0,0,0
1059.08,11,0,1,2.87,0,0,0
1493.5,14,0,1,11.02,0,1,0
22578.54,12,4,0,4.27,0,1,1
3703.16,19,0,2,1.68,2,1,1
246.72,6,0,0,0.8,2,0,0
21038.67,15,0,1,5.84,0,1,1
1651.79,15,0,0,4.15,1,0,0
3882.6,12,0,2,6.58,0,0,0
747.91,12,0,0,1.88,0,1,0
3342.69,18,0,1,4.43,0,1,0
1022.79,10,0,0,3.82,0,0,0
7011.4,19,0,0,9.31,0,0,0
7293.24,20,0,0,2.62,0,1,0
1188.98,16,0,2,0.82,0,1,0
896.34,18,0,2,12.96,0,1,0
1755.5,15,1,0,0.15,0,0,0
940.44,14,0,1,5.11,0,1,0
18416.76,22,0,0,6.84,1,0,0
5657.03,10,0,0,5.29,0,1,0
3637.85,8,1,0,1.86,0,0,0
5625.65,10,0,1,3.15,0,0,0
1678.64,16,0,1,3.85,0,0,0
603.93,9,0,1,4.21,0,1,0
4345.52,20,0,1,1.76,0,0,0
1490.49,12,0,0,6.87,0,1,0
3620.07,19,1,0,4.27,0,1,0
1069.9,10,0,1,13.28,2,0,0
331.1,11,0,1,3.1,0,0,0
15752.22,6,0,2,0.43,0,0,0
603.49,10,0,0,2.44,0,0,0
14327.4,14,0,0,0.41,0,0,0
12170.42,21,0,1,9.65,0,0,0
5112.79,12,0,1,4.28,0,0,0
3506.76,16,0,3,3.74,0,0,0
2819.34,12,0,1,9.55,2,0,0
20025.72,5,0,0,4.42,0,0,0
1153.44,14,0,1,6.65,1,1,0
17245.01,6,0,3,6.28,0,1,1
3151.14,19,1,1,6.91,0,0,0
1754.89,17,0,1,13.13,0,1,0
1844.7,12,0,2,3.9,0,0,0
1342.89,16,1,2,13.05,0,1,0
2718.06,7,0,1,0.76,0,0,0
6143.06,17,1,1,5.43,0,0,0
780.18,18,0,1,5.03,0,0,0
8778.99,18,0,3,4.98,0,1,0
3798.38,10,0,1,4.82,0,0,0
5606.08,10,0,1,7.03,0,0,0
2659.55,14,0,2,2.93,2,1,0
4898.19,22,1,0,2.31,0,1,0
112.27,20,0,1,3.07,0,1,0
5518.69,11,0,3,7.75,1,1,0
191.09,18,0,0,2.19,0,0,0
7120.76,20,0,2,8.06,0,0,0
28000.0,10,0,1,7.19,0,1,1
1174.35,19,0,1,1.61,1,0,0
17343.65,10,0,0,9.13,0,0,1
22649.55,11,0,0,5.25,0,0,0
993.52,9,1,1,13.23,0,0,0
26677.32,14,1,0,1.06,0,1,1
407.28,19,0,1,6.91,0,1,0
16133.58,14,0,1,6.79,0,0,0
12445.52,8,0,0,11.04,0,0,0
23445.04,10,2,1,4.08,0,0,1
19812.89,15,0,2,9.07,0,0,0
1314.56,15,0,1,16.7,0,1,0
3671.22,15,0,0,2.39,0,0,0
2946.39,7,0,2,2.85,0,0,0
3017.43,17,1,3,3.22,0,0,0
3731.62,20,0,2,3.93,0,0,0
2800.84,14,0,2,2.0,0,0,0
1853.52,17,0,0,3.06,0,1,0
14428.14,20,0,3,4.82,1,1,0
4743.29,16,0,0,10.05,0,1,0
17913.27,16,1,1,5.19,0,1,1
3832.18,17,1,1,1.62,0,0,0
910.25,10,3,4,11.53,0,1,1
3201.47,15,0,0,7.72,1,1,0
4458.96,19,0,1,9.23,0,0,0
849.8,10,1,1,4.0,0,0,0
257.81,20,0,0,5.33,0,0,0
509.22,16,0,1,8.83,0,1,0
3040.47,12,0,3,5.03,0,0,0
6119.0,16,2,0,7.07,0,1,1
207.33,12,0,2,1.67,1,1,0
4299.45,19,0,1,1.95,0,0,0
1396.05,13,0,0,9.36,0,0,0
2143.52,20,1,1,14.18,0,0,0
8517.92,14,1,0,1.84,0,1,0
1350.96,16,0,3,1.98,0,0,0
2063.58,23,0,3,5.63,0,1,0
104.09,8,0,0,5.63,1,0,0
332.39,17,0,1,6.09,0,0,0
1017.45,8,2,1,2.94,0,0,0
150.39,19,0,0,5.13,0,0,0
3253.52,15,0,2,8.45,0,0,0
15315.92,21,0,0,4.66,0,0,0
2602.06,19,0,2,7.34,1,1,0
16814.14,6,0,1,8.1,0,0,0
1182.82,8,1,1,8.44,0,0,0
3548.39,15,0,1,1.93,0,1,0
10815.5,14,0,0,7.3,0,0,0
225.54,8,0,0,1.44,0,0,0
27308.7,8,1,2,7.38,0,0,0
2812.33,15,0,1,7.36,0,0,0
2715.77,5,0,1,19.82,0,1,0
2279.85,19,0,3,4.42,1,0,0
290.14,18,0,1,4.0,0,1,0
361.36,18,0,3,2.1,0,1,0
2999.43,1,0,1,1.74,0,0,0
1394.3,5,1,0,6.14,0,0,0
8034.88,15,0,0,5.41,0,1,0
1729.99,23,2,3,2.71,0,0,0
554.87,11,0,1,7.48,0,0,0
4073.7,11,0,4,3.51,0,1,0
1171.12,8,0,1,3.69,0,1,0
2445.38,16,0,0,7.08,0,1,0
3889.68,16,0,1,1.01,2,0,0
7436.74,7,0,1,8.79,0,1,0
5087.64,13,0,0,0.39,0,0,0
3670.01,16,0,2,1.0,0,0,0
3702.52,14,1,2,3.43,0,0,0
9395.61,16,2,1,0.63,0,0,0
1182.33,18,0,2,1.4,0,0,0
63.56,17,1,4,2.99,0,0,0
1075.65,16,0,0,1.19,0,0,0
846.44,19,0,1,3.41,0,0,0
3529.5,20,0,2,4.74,0,0,0
18205.73,12,2,0,5.9,0,0,1
2940.24,9,0,0,3.88,0,1,0
112.41,18,0,0,0.1,0,0,0
4235.42,9,0,1,5.55,0,0,0
1310.78,21,0,3,9.49,0,0,0
3560.13,2,0,1,2.79,0,0,0
21310.16,20,0,3,7.22,0,0,0
1402.92,15,0,0,2.26,0,1,0
522.52,18,0,2,4.62,0,0,0
377.37,12,0,1,6.95,1,1,0
5758.97,23,0,1,2.27,0,1,0
8078.87,9,0,0,4.26,0,0,0
18836.42,10,0,0,5.37,2,0,1
409.39,5,0,0,4.49,0,0,0
1705.47,21,0,1,3.87,0,0,0
4237.32,13,0,2,2.75,0,1,0
4902.6,16,1,0,11.0,0,0,0
462.6,17,0,2,11.66,0,0,0
60.1,19,0,0,6.92,0,1,0
4044.87,16,2,1,2.22,0,1,0
1471.14,15,0,1,5.65,0,1,0
999.76,17,0,2,4.7,1,0,0
101.54,17,2,0,1.99,0,0,0
2546.98,9,0,1,1.07,0,0,0
19514.79,7,0,0,2.49,0,0,0
10176.33,6,0,1,2.46,3,1,1
2729.19,12,0,0,7.1,0,0,0
2371.99,14,0,1,6.4,0,0,0
344.46,16,0,0,23.65,0,1,0
2607.22,21,1,1,8.19,0,0,0
1589.61,11,2,0,5.75,0,0,0
3049.73,18,0,0,3.45,1,0,0
1635.07,14,1,1,5.03,0,1,0
939.46,9,0,2,1.13,0,1,0
379.3,16,0,1,1.0,0,0,0
1270.3,22,2,0,6.59,2,1,1
385.25,8,0,0,2.72,0,1,0
18136.48,14,0,1,6.35,1,0,0
14040.81,5,0,1,5.67,0,1,0
1938.95,11,0,2,3.22,0,0,0
2488.84,16,0,1,10.0,0,0,0
6679.04,19,0,0,0.79,0,0,0
17401.14,17,1,1,0.58,0,0,0
2856.75,13,0,1,2.25,0,1,0
5416.28,20,0,1,9.4,0,1,0
1326.95,10,0,1,2.33,0,1,0
1227.73,17,0,0,3.58,0,0,0
1709.09,13,2,1,2.75,0,0,0
3632.13,20,2,2,7.98,0,0,0
3728.18,18,0,1,6.96,0,0,0
1271.8,20,0,1,3.51,0,0,0
517.47,9,1,0,2.2,0,0,0
3262.4,16,0,0,2.03,0,1,0
499.49,17,0,1,1.6,0,1,0
2824.54,17,0,0,1.63,0,0,0
3843.31,14,1,0,11.0,0,0,0
3919.24,0,0,0,10.9,0,1,0
4540.9,10,0,0,4.43,0,0,0
26338.71,11,0,2,0.62,0,0,0
2277.81,19,0,1,8.64,0,1,0
4252.82,19,1,1,12.82,0,0,0
3149.31,7,0,0,2.5,2,1,1
721.06,21,0,3,3.39,0,0,0
143.28,9,0,0,11.57,0,0,0
17407.21,12,1,1,1.17,3,1,1
1932.8,9,0,0,10.0,0,0,0
3131.99,19,0,2,18.33,0,1,0
6129.92,17,0,2,8.29,0,1,0
759.08,11,0,3,5.89,0,0,0
489.31,16,1,3,4.01,3,1,1
10651.66,9,2,1,3.33,0,0,0
425.89,12,0,0,6.23,3,0,0
20081.64,12,0,1,11.11,1,1,1
2878.68,10,0,0,23.88,0,0,0
2554.47,19,0,1,1.73,0,1,0
347.87,16,0,3,7.96,0,0,0
247.9,10,0,0,3.85,0,1,0
416.71,10,1,2,6.94,0,1,0
23079.05,1,1,0,1.26,0,1,1
2575.26,11,1,1,13.83,0,1,0
911.95,14,0,0,1.87,0,1,0
3309.56,10,0,3,3.32,0,0,0
5548.56,17,0,2,7.83,0,0,0
19513.45,12,0,1,1.27,1,1,1
2266.12,11,1,1,3.23,0,0,0
3800.68,21,4,1,3.73,0,0,0
990.46,10,1,1,1.71,1,0,0
1237.08,12,1,1,3.58,0,0,0
3103.14,12,0,1,2.48,0,0,0
7362.87,10,0,2,8.34,0,1,0
5373.07,9,1,0,5.27,0,1,0
17410.95,10,0,1,0.62,0,0,0
4252.5,19,0,3,2.26,0,1,0
1512.32,18,1,0,1.35,0,0,0
3337.88,16,1,1,2.12,0,0,0
20935.71,13,0,0,5.32,0,0,0
734.06,14,1,3,11.01,0,0,0
3931.31,10,0,1,2.05,0,1,0
19676.67,6,2,1,7.48,1,0,1
1481.23,11,0,0,1.92,0,0,0
7813.4,14,0,3,0.23,0,0,0
127.7,6,1,2,3.6,0,0,0
1274.29,7,1,0,3.68,0,1,0
19215.14,10,1,0,1.33,0,0,0
4715.01,11,1,1,2.3,2,0,0
3935.27,12,0,2,4.5,0,1,0
1347.99,8,0,2,9.33,1,1,0
3663.11,9,1,2,3.44,0,0,0
1673.05,10,2,0,8.79,0,0,0
4577.21,6,0,1,2.28,0,1,0
1997.51,11,0,1,4.27,0,0,0
1760.81,6,0,2,5.43,0,1,0
8793.51,17,0,1,4.11,0,1,0
984.34,12,1,3,3.77,0,1,0
470.69,11,0,1,8.42,0,1,0
2870.8,8,0,0,5.45,0,0,0
28000.0,9,1,0,8.98,0,0,0
1578.58,9,0,2,4.55,1,0,0
264.94,23,0,2,2.56,0,0,0
15409.95,19,0,3,0.21,0,0,0
2316.26,1,0,0,0.8,0,0,0
18184.54,16,0,3,7.5,0,0,0
3494.38,10,0,3,5.02,0,0,0
19568.97,7,0,2,2.37,1,0,0
18920.29,17,1,1,7.34,0,0,0
18605.24,8,0,1,8.5,0,0,0
1698.4,13,0,2,4.0,0,0,0
451.47,16,1,3,3.02,0,0,0
6933.35,15,0,2,6.83,0,1,0
1774.71,22,2,1,5.19,0,1,1
1627.48,18,0,0,2.72,0,0,0
3509.28,18,0,2,5.26,2,0,0
1927.06,11,0,1,4.43,1,1,0
3403.32,0,0,0,0.46,1,0,0
262.93,17,0,2,6.98,0,0,0
5437.67,23,0,1,12.11,0,1,0
9089.91,12,0,0,5.49,0,0,0
3408.16,23,1,1,5.4,0,0,0
9952.78,8,1,0,3.99,0,0,0
585.46,10,0,2,2.01,0,0,0
2136.7,9,0,2,1.95,0,1,0
3006.62,13,0,1,3.28,0,1,0
2849.26,18,0,3,2.17,0,0,0
1702.45,11,2,0,4.02,0,1,0
1380.38,20,0,3,0.11,0,0,0
493.98,14,0,0,2.47,0,0,0
1650.9,13,0,2,1.4,0,1,0
628.08,18,0,0,8.65,0,1,0
4302.03,7,1,1,13.74,0,0,0
809.58,18,0,1,0.92,0,1,0
253.12,10,0,1,10.58,1,0,0
2632.09,10,0,2,3.72,0,0,0
2954.19,15,0,1,6.66,0,1,0
6636.15,20,0,1,4.65,0,0,0
2813.09,15,1,1,12.8,0,1,0
21447.55,16,0,0,2.19,0,0,0
25417.45,18,0,0,6.71,1,0,0
2546.83,10,0,2,5.23,0,0,0
324.32,18,0,1,6.09,0,1,0
2729.97,12,1,1,9.64,0,1,0
7695.74,9,0,1,6.09,0,1,0
1675.04,11,0,0,2.22,1,1,0
1184.61,10,0,2,5.84,0,0,0
555.57,9,0,2,3.13,0,0,0
585.51,10,1,5,7.89,1,0,0
1874.38,9,0,1,5.31,1,0,0
2957.75,16,0,0,1.04,0,0,0
328.96,15,0,1,1.18,0,1,0
9039.99,16,0,2,6.37,0,1,0
4562.54,11,0,0,10.1,0,0,0
2886.87,18,1,3,7.38,1,0,0
5701.01,8,0,0,2.97,1,1,0
327.47,15,0,1,9.2,1,0,0
2133.17,10,0,1,2.87,0,0,0
3242.41,14,0,0,2.65,1,0,0
5705.0,11,0,0,6.65,1,0,0
4956.08,18,1,2,0.98,1,0,0
1098.21,20,1,0,11.21,0,1,0
9110.2,17,0,3,3.32,0,0,0
17113.21,9,1,0,8.6,0,0,1
6717.64,10,0,0,12.39,0,0,0
11382.88,20,0,2,2.41,0,0,0
683.95,13,0,1,10.87,1,1,0
4157.19,21,0,2,1.75,2,0,0
191.58,12,0,2,2.46,0,0,0
1723.7,21,0,1,2.47,0,0,0
2384.02,20,0,0,6.17,2,0,0
2840.92,16,0,4,2.34,0,0,0
8853.25,0,0,3,1.41,1,1,0
3629.62,12,0,2,3.42,0,1,0
2160.44,20,1,1,2.45,0,1,0
5368.87,20,0,2,11.65,1,0,0
9680.63,9,0,1,2.98,0,1,0
131.4,12,0,0,7.24,0,0,0
28000.0,19,0,0,1.2,0,0,0
348.22,15,0,1,3.8,1,1,0
5449.09,19,0,4,11.85,0,1,0
1112.7,18,2,0,7.33,1,1,1
513.67,20,0,0,17.28,0,0,0
1914.59,8,0,2,2.42,0,1,0
3364.65,8,0,0,7.89,0,0,0
1594.63,7,0,2,0.1,3,1,1
239.55,21,0,2,8.0,0,0,0
2987.82,13,0,1,3.91,1,0,0
7506.12,6,0,1,2.27,0,0,0
1606.35,11,0,1,1.54,0,0,0
840.07,11,0,3,4.32,0,0,0
19051.68,18,0,5,13.82,0,0,1
218.63,17,1,0,3.86,2,1,1
5556.03,17,1,1,3.87,0,1,0
5662.11,2,0,0,3.53,0,0,0
2897.55,20,0,0,2.04,0,0,0
1453.82,9,0,2,11.66,0,0,0
5206.74,16,0,0,8.49,0,0,0
19805.44,6,0,0,4.42,1,1,1
5654.6,7,1,0,0.66,0,0,0
23857.35,0,0,3,4.53,0,0,0
23165.14,15,1,1,3.05,0,0,0
2980.65,16,1,1,1.83,0,1,0
16990.62,5,1,2,4.15,0,1,1
10200.15,10,0,3,2.22,0,0,0
2552.65,19,0,0,4.07,0,0,0
3033.11,7,0,0,3.53,0,1,0
18109.37,9,0,1,1.51,0,0,0
3204.21,12,0,1,6.82,0,0,0
2772.69,19,0,1,6.85,0,0,0
713.98,10,0,0,0.39,0,0,0
256.6,23,2,0,4.81,2,0,1
3027.2,11,0,0,1.51,2,0,0
4676.39,12,0,0,3.91,0,1,0
2431.46,8,0,0,9.38,0,1,0
18900.77,16,3,1,0.53,0,1,1
3574.17,10,0,0,8.76,0,1,0
327.19,16,0,1,0.13,0,1,0
1925.91,9,0,3,4.51,0,1,0
630.78,12,1,0,2.53,0,1,0
18830.67,19,0,1,3.09,0,0,0
783.25,17,1,1,2.14,0,1,0
1624.52,8,0,2,5.42,0,1,0
228.02,15,0,1,9.91,0,1,0
1682.9,16,0,1,2.67,1,1,0
20035.92,7,1,1,2.98,0,0,0
2172.9,13,0,2,1.28,0,0,0
1604.12,10,1,2,2.35,3,0,1
5907.24,13,0,1,7.08,0,0,0
562.52,18,0,1,6.16,0,0,0
2314.74,8,0,2,3.38,1,1,0
14686.85,8,0,1,3.83,0,1,0
296.21,10,0,0,10.86,1,0,0
2789.6,21,1,3,9.46,0,0,0
2731.21,17,1,1,1.77,0,0,0
6792.83,1,0,1,10.96,0,1,1
2671.71,12,0,1,3.86,0,1,0
23612.47,10,0,2,6.18,0,0,0
219.75,16,2,1,12.74,0,0,0
390.08,13,1,0,15.03,0,0,0
15906.96,22,0,2,4.59,0,1,1
715.7,9,0,0,8.4,0,0,0
2553.74,15,3,1,2.65,0,0,0
3379.2,17,0,1,8.87,0,1,0
209.3,18,2,1,4.16,0,0,0
9398.34,12,0,2,7.08,0,0,0
5967.86,17,0,0,4.19,0,1,0
1185.91,10,0,1,1.35,0,1,0
317.05,13,0,1,1.06,0,1,0
17076.0,20,1,1,3.2,1,1,0
494.42,21,0,0,5.65,0,0,0
481.03,17,0,0,2.98,0,1,0
2399.13,12,1,2,2.37,0,0,0
962.91,18,0,1,5.32,0,0,0
1478.83,2,0,0,0.1,0,0,0
14642.04,7,0,2,5.97,0,0,0
3749.63,16,0,2,8.47,0,0,0
9581.76,10,0,0,6.93,0,0,0
552.16,21,0,0,8.78,0,0,0
1600.78,13,0,2,0.97,0,1,0
2649.05,12,0,1,4.76,0,0,0
315.56,16,0,2,6.16,0,1,0
73.43,18,0,1,6.07,0,1,0
3611.93,13,0,3,4.72,2,1,1
3345.5,9,0,2,10.42,0,1,0
1752.71,18,0,1,13.41,0,0,0
2212.47,11,0,0,5.44,0,1,0
1778.08,9,0,1,4.03,0,0,0
137.75,16,1,0,6.74,0,0,0
1367.29,7,0,1,5.06,0,0,0
683.68,22,0,1,8.95,0,0,0
391.56,16,0,2,5.57,0,0,0
10108.24,23,0,1,4.01,0,1,0
2987.01,11,2,2,7.34,1,1,1
4233.98,22,0,2,4.11,0,0,0
1272.38,8,0,0,1.05,1,0,0
1658.3,5,0,1,7.01,0,0,0
925.27,4,0,0,10.56,0,1,1
386.38,13,0,0,4.77,0,0,0
691.27,7,1,2,9.08,0,1,0
5170.67,14,0,2,3.35,0,0,0
3681.74,11,0,2,10.03,0,0,0
2593.46,11,0,0,2.64,0,0,0
2122.49,16,1,0,5.59,0,1,0
8241.22,8,0,0,1.85,0,1,0
301.65,18,1,0,5.48,0,0,0
1113.88,15,0,1,4.28,0,0,0
1438.2,20,3,0,0.4,0,1,0
4940.69,11,1,2,6.24,0,1,0
15723.37,23,0,2,2.86,0,0,0
941.02,15,0,2,2.27,0,0,0
6696.53,22,0,0,8.14,0,0,0
5742.01,3,0,0,3.56,0,0,0
874.24,17,0,0,2.75,0,0,0
1691.08,18,0,2,5.85,0,0,0
15241.08,6,0,1,3.93,0,0,0
12305.74,15,0,1,3.23,0,1,0
698.53,18,0,0,0.8,1,0,0
5196.76,15,2,0,1.52,0,0,0
1361.62,6,0,1,2.34,0,1,0
4260.2,17,0,1,3.05,0,0,0
1803.19,6,0,2,0.92,0,0,0
2823.53,18,0,1,4.26,0,0,0
25299.54,5,0,0,8.44,0,0,0
5277.55,8,1,0,3.22,0,0,0
22254.47,10,0,1,3.08,0,1,0
256.7,16,0,1,4.55,0,0,0
3829.02,22,0,1,10.16,0,0,0
542.59,8,0,2,5.67,0,0,0
1780.14,8,0,1,3.49,0,1,0
2605.2,11,0,1,4.28,0,1,0
22018.35,19,0,0,15.4,0,1,1
2406.11,13,0,2,4.42,2,1,1
18180.12,11,0,5,18.85,0,0,1
524.89,15,0,3,2.27,0,0,0
3661.07,10,0,1,3.52,0,0,0
15908.67,12,1,0,5.9,1,0,0
516.73,11,0,2,2.68,0,0,0
613.12,18,0,2,5.64,0,0,0
9600.16,20,0,1,3.37,0,1,0
6834.23,18,1,1,12.14,0,0,0
7661.94,13,1,1,6.17,0,1,0
15328.97,14,1,0,2.5,1,0,0
807.49,8,0,0,12.15,0,1,0
1465.4,17,1,1,5.84,0,0,0
3600.16,15,1,1,4.85,0,1,0
2176.05,20,0,2,16.78,0,0,0
15249.73,9,3,1,21.57,0,0,1
1477.19,18,1,1,12.27,0,1,0
2942.76,17,2,1,2.82,0,1,1
2802.6,10,1,1,2.74,0,0,0
623.49,16,1,1,1.25,0,0,0
2102.13,20,2,0,3.31,0,0,0
19498.54,20,0,2,3.53,1,0,0
2762.84,17,1,0,6.0,0,0,0
814.75,5,0,2,1.27,0,1,0
4398.71,19,0,2,5.36,0,0,0
141.67,16,1,3,2.04,0,1,0
1462.38,11,0,0,3.47,0,1,0
4908.3,9,1,2,1.82,0,1,0
2715.58,8,0,2,1.97,0,0,0
15541.6,5,0,2,2.68,0,1,1
3859.33,17,0,0,0.76,0,0,0
2741.35,10,0,1,3.15,0,0,0
5150.66,2,0,1,4.3,0,0,0
24809.18,12,0,0,3.42,0,0,0
3074.03,13,0,1,13.95,0,0,0
2203.29,9,0,1,3.96,0,1,0
13599.79,5,0,3,3.38,0,0,0
1029.31,9,0,2,0.92,0,1,0
1798.16,16,0,0,6.36,0,0,0
2986.53,7,0,2,4.69,0,0,0
2367.03,15,0,1,11.27,1,0,0
1147.8,8,0,2,7.53,0,1,0
80.75,9,0,1,1.23,0,0,0
2254.09,12,0,2,1.28,0,0,0
1136.32,7,4,2,8.25,0,1,0
4304.95,9,0,0,1.61,0,1,0
137.56,11,0,1,4.03,0,0,0
2873.0,11,0,2,1.48,0,1,0
25443.48,17,0,2,3.38,0,0,0
673.3,6,0,0,7.87,0,0,0
2101.59,19,0,2,8.43,0,0,0
366.8,18,1,1,6.25,0,0,0
3204.48,18,0,0,3.69,0,1,0
2619.01,11,0,1,3.97,0,0,0
1734.17,18,0,3,7.98,1,1,0
2417.89,9,0,2,0.63,0,1,0
7320.5,8,0,1,1.83,0,1,0
759.27,5,1,1,4.2,3,0,0
20547.02,21,0,1,5.08,0,0,0
6389.84,11,0,1,10.1,0,1,0
2814.11,20,0,1,2.86,0,0,0
7142.49,10,0,0,11.02,0,0,0
2967.78,20,0,3,7.47,0,1,0
5377.05,20,0,0,3.16,0,1,0
1856.95,20,3,0,1.76,0,1,0
4494.35,14,0,1,1.26,0,1,0
7875.44,19,4,1,6.68,0,0,0
18851.89,21,0,1,7.44,0,1,1
698.11,11,0,3,2.5,0,1,0
1061.81,12,1,4,2.55,3,0,0
768.64,17,0,2,7.31,0,0,0
967.2,10,0,1,2.9,0,0,0
1230.82,17,0,1,2.41,0,1,0
2651.94,6,2,1,9.7,2,1,1
2897.48,14,0,0,1.26,0,0,0
1839.19,8,1,3,1.0,0,1,0
3117.94,10,0,0,22.18,1,1,0
332.3,10,0,4,0.3,0,0,0
354.03,19,0,0,3.52,0,0,0
14408.19,9,2,1,9.9,0,1,1
2395.91,18,0,1,3.96,1,0,0
830.53,18,0,1,0.75,0,1,0
1125.84,14,0,1,3.68,0,0,0
1696.31,9,0,0,4.99,0,1,0
5405.92,9,0,2,8.56,0,0,0
104.67,13,0,0,4.02,0,1,0
18836.92,0,0,1,0.75,0,0,0
3596.84,14,0,1,4.34,0,1,0
22172.85,21,3,2,2.5,0,0,1
8698.02,8,0,1,13.48,0,0,0
125.1,15,0,0,4.95,1,0,0
594.34,22,1,2,4.51,1,0,0
7013.79,19,0,1,5.11,0,1,0
2023.03,19,0,0,1.82,0,0,0
2720.7,18,1,2,3.31,0,1,0
3540.81,11,0,0,5.63,0,0,0
3696.87,20,0,1,8.12,0,1,0
8650.2,21,0,2,8.36,0,1,0
18595.75,14,0,0,6.76,3,0,1
18616.5,11,0,1,11.33,0,0,0
1143.47,12,0,2,4.15,1,1,0
6838.25,11,0,2,5.52,1,0,0
221.52,9,0,1,4.05,0,0,0
900.86,16,1,1,6.15,0,1,0
7345.69,15,0,0,7.29,0,0,0
1007.11,13,0,1,1.39,0,0,0
857.75,7,0,1,2.65,0,0,0
535.67,18,1,2,5.29,1,0,0
6331.32,9,0,0,1.93,0,0,0
2278.44,8,0,0,1.91,3,0,0
3655.52,16,0,1,2.42,0,0,0
934.27,12,1,1,1.31,0,0,0
4600.75,6,0,0,1.51,2,0,0
21359.34,11,0,1,1.88,0,0,0
1259.48,18,0,0,1.88,0,1,0
1752.13,16,0,0,1.35,0,0,0
813.06,11,3,2,5.79,0,0,0
28000.0,9,1,1,4.87,0,1,0
3379.48,16,0,0,9.14,0,0,0
8784.4,20,1,2,2.67,0,0,0
1216.87,16,0,2,1.42,0,1,0
4932.83,18,1,2,1.98,0,0,0
4705.86,14,0,0,8.88,0,0,0
3824.92,17,0,0,8.85,0,0,0
10846.66,20,2,0,6.1,0,0,0
1660.45,18,1,2,2.03,0,1,0
508.28,20,2,0,2.78,1,0,0
23605.28,13,0,1,4.93,2,1,1
4241.7,20,0,0,3.57,1,0,0
2798.59,16,0,2,6.0,0,1,0
801.45,19,0,1,9.06,0,1,0
2306.72,5,0,1,6.7,0,0,0
1257.58,16,0,1,3.6,0,0,0
1844.59,19,0,1,12.95,0,1,0
16770.1,9,0,2,9.68,0,0,0
4435.47,16,0,2,0.25,0,0,0
905.63,18,0,1,1.44,0,1,0
1723.17,10,0,1,2.01,0,0,0
1063.4,12,0,2,3.35,0,1,0
768.59,15,3,2,8.71,0,1,1
4954.86,14,0,1,1.96,0,1,0
7738.96,5,0,1,3.08,0,1,0
1539.69,7,0,1,5.62,1,1,0
4512.55,7,1,1,3.3,0,1,0
7333.54,10,0,1,9.21,0,0,0
6049.15,10,2,0,4.72,0,0,0
706.04,17,0,0,4.57,0,0,0
10076.71,15,0,3,3.77,1,1,0
1572.61,18,0,0,1.84,1,0,0
1385.97,6,1,1,4.76,0,0,0
266.29,13,0,1,1.3,0,0,0
2190.78,11,0,0,5.85,0,0,0
14716.59,19,0,0,9.14,0,0,0
974.36,17,0,1,4.68,1,1,0
1279.76,19,4,3,5.52,0,0,0
5354.63,5,0,0,3.1,0,0,0
6726.75,17,0,1,8.99,1,0,0
16414.98,14,0,1,3.74,0,1,1
6321.94,18,0,2,5.86,0,1,0
6288.89,14,0,0,3.42,0,1,0
4689.39,14,0,1,5.29,0,1,0
567.64,5,0,0,2.99,0,1,0
3811.12,16,1,0,6.34,0,1,0
9342.75,10,0,3,0.41,0,0,0
3731.7,1,1,1,6.37,0,0,0
1349.26,6,2,2,12.78,0,0,0
2281.78,21,0,0,7.38,0,1,0
3380.58,11,0,0,3.95,0,0,0
2346.45,19,1,0,3.54,0,1,0
468.9,22,0,1,6.24,0,0,0
1256.99,21,0,0,2.52,0,0,0
5248.77,19,0,2,3.76,0,0,0
24143.07,20,0,1,1.87,0,0,0
532.6,10,0,1,7.93,2,0,0
9802.86,8,0,1,4.0,0,1,0
1335.91,16,0,0,4.98,0,1,0
19422.0,14,1,0,1.72,0,0,0
4519.59,7,0,2,6.14,2,1,1
5407.29,16,0,2,3.12,0,0,0
9385.27,15,0,0,4.55,0,0,0
1260.97,19,0,2,3.87,0,0,0
6317.6,15,0,2,9.43,0,1,0
511.85,15,0,1,1.73,0,1,0
3966.94,13,1,1,11.97,3,0,0
4395.07,13,1,1,3.11,0,1,0
3683.5,21,0,2,1.11,0,1,0
990.47,8,0,1,4.33,0,1,0
6664.51,13,1,1,4.1,0,0,0
651.86,16,0,1,1.67,0,0,0
19988.73,13,2,2,20.27,1,1,1
22838.02,10,0,1,8.91,0,1,1
2124.84,10,0,0,9.47,0,0,0
6111.6,9,1,1,9.14,0,0,0
1607.3,11,1,0,3.15,0,0,0
649.62,19,1,1,17.16,1,0,0
5853.88,14,0,0,6.26,0,0,0
16411.13,10,1,2,4.63,0,0,0
731.13,12,0,0,2.47,0,0,0
22134.34,7,0,1,4.41,1,0,0
2350.0,20,1,0,3.65,0,1,0
3026.82,12,0,0,5.79,1,0,0
2037.12,22,0,2,2.79,0,0,0
5706.05,11,0,0,8.82,0,0,0
5722.04,19,0,2,3.36,0,1,0
4014.46,10,1,2,4.15,0,1,0
416.42,7,0,1,3.19,0,0,0
5901.42,4,1,1,4.91,0,0,0
3617.56,15,1,1,6.69,0,1,0
3881.13,11,0,0,14.44,0,1,0
1503.07,13,0,0,3.43,0,1,0
6825.69,18,0,2,3.56,0,0,0
4195.48,10,1,0,4.27,1,0,0
442.24,11,0,0,1.92,0,1,0
1736.4,19,1,0,0.9,0,0,0
7019.68,14,0,4,2.21,0,0,0
214.71,18,0,3,1.27,0,0,0
10475.79,12,0,2,3.05,0,0,0
17601.93,12,0,0,3.89,0,1,1
3253.53,8,0,2,1.4,0,1,0
1069.53,20,1,2,3.78,0,0,0
975.43,20,0,2,4.87,0,0,0
24214.9,23,0,2,6.92,0,0,0
1193.47,12,0,0,3.05,0,1,0
4840.49,18,0,1,2.28,1,0,0
1658.17,12,0,1,1.91,0,1,0
539.86,13,0,2,4.02,0,1,0
94.47,19,0,1,5.64,1,0,0
2574.65,9,0,0,4.31,0,0,0
11965.69,9,1,1,3.44,0,1,0
1534.13,11,0,0,14.8,0,0,0
1474.11,18,0,3,5.34,0,0,0
1409.55,12,0,0,2.83,0,0,0
2412.33,11,1,1,3.87,0,0,0
1919.22,23,0,0,1.14,0,0,0
6842.57,12,0,0,6.5,0,1,0
2313.6,10,3,2,3.09,0,0,0
2328.11,16,0,1,3.66,0,1,0
536.58,18,0,3,5.98,0,0,0
27472.84,6,0,0,6.1,0,1,0
980.47,16,0,1,7.3,0,1,0
14688.32,4,0,2,0.67,0,1,1
3541.94,14,0,2,3.0,0,1,0
2955.27,10,0,1,1.92,0,1,0
1776.46,11,0,1,5.74,0,0,0
19746.41,13,0,1,6.02,0,1,1
4979.73,21,0,0,3.02,0,0,0
756.96,17,0,1,7.92,0,0,0
5551.86,21,0,1,4.43,2,0,0
3408.0,16,0,3,11.35,0,0,0
1797.45,0,0,1,0.77,0,0,0
2020.13,10,0,1,4.21,0,0,0
1009.07,20,0,2,3.88,0,0,0
4523.32,16,0,1,2.13,0,0,0
2361.55,22,0,1,6.49,0,1,0
1298.14,8,0,1,7.8,0,1,0
2960.69,10,1,1,0.58,0,0,0
17522.99,11,0,0,8.07,0,1,1
1888.46,11,0,2,12.01,0,1,0
8170.11,10,0,1,5.25,0,1,0
1414.07,13,0,0,1.73,0,1,0
240.12,16,0,0,7.45,0,0,0
791.07,11,0,1,1.7,0,1,0
1795.94,7,1,3,9.36,0,0,0
853.58,17,0,1,1.3,0,0,0
60.73,13,0,2,9.18,0,1,0
25457.23,15,0,0,1.11,0,0,0
20411.03,13,1,2,3.51,0,0,0
4398.97,20,1,1,6.88,0,0,0
647.84,15,2,0,7.96,0,1,0
470.39,20,0,1,7.67,0,1,0
21205.38,14,0,0,12.61,0,0,0
4179.87,10,0,1,7.43,0,0,0
8515.6,11,0,0,1.69,0,0,0
1861.79,14,1,2,1.85,0,0,0
465.94,14,0,3,5.12,0,0,0
2358.38,17,0,0,2.85,1,1,0
1432.76,9,0,3,7.33,1,1,0
1563.12,16,0,1,4.17,0,1,0
3167.49,18,0,0,6.7,0,0,0
4118.87,16,0,2,2.88,0,1,0
435.08,13,0,0,8.28,1,1,0
175.96,23,0,0,3.99,1,0,0
16612.38,12,0,3,6.61,1,0,1
907.73,7,1,1,5.39,0,0,0
237.07,18,0,0,4.59,0,1,0
733.81,9,0,2,2.38,0,1,0
16561.85,17,0,1,1.7,0,0,0
1651.26,9,0,1,12.07,0,0,0
5248.86,1,1,1,5.79,0,0,0
1395.69,8,2,2,2.88,0,0,0
1939.41,12,0,1,2.37,0,0,0
3662.36,7,0,1,3.13,0,0,0
2335.51,9,0,2,4.32,0,0,0
6384.78,18,0,0,7.33,0,0,0
6492.58,18,1,0,1.08,0,1,0
91.87,18,0,0,1.35,0,0,0
4876.92,19,0,1,3.17,1,0,0
2036.15,12,0,2,4.11,1,1,0
14445.5,19,0,1,4.61,0,0,0
15949.07,14,0,0,9.92,0,0,1
13931.47,13,1,0,3.18,3,0,0
4555.17,17,0,3,0.39,0,1,0
974.64,9,3,0,3.71,1,0,0
2533.75,18,0,0,8.96,0,0,0
15565.32,12,0,0,6.2,1,1,0
6295.61,8,0,0,2.23,0,1,0
387.81,8,0,0,0.44,0,0,0
3981.41,8,0,0,8.24,0,0,0
1416.82,20,0,0,10.11,0,0,0
82.42,23,0,0,1.26,0,0,0
1713.26,11,0,3,5.7,0,0,0
916.19,10,0,1,7.36,0,0,0
5527.32,9,0,0,0.34,0,0,0
1376.73,18,1,1,6.69,0,1,0
5683.99,9,0,3,6.54,0,0,0
61.91,20,0,2,9.8,0,1,0
1237.31,16,0,1,3.09,0,0,0
943.11,20,1,0,1.72,0,1,0
911.23,15,1,1,6.51,0,1,0
285.99,17,0,1,7.85,0,1,0
722.97,16,1,0,3.39,0,1,0
16619.49,19,1,2,6.98,2,0,1
1162.11,19,0,0,5.88,0,0,0
1788.79,15,0,1,8.47,0,1,0
1573.58,16,0,3,2.35,0,0,0
6737.46,20,0,0,4.93,0,0,0
7602.5,21,0,1,5.73,1,0,0
2233.31,16,0,0,4.17,2,0,0
1342.27,0,0,2,6.39,0,1,0
421.43,7,0,0,7.68,0,0,0
27543.04,19,1,0,9.22,0,1,1
258.77,7,0,1,4.01,0,0,0
1190.64,9,0,1,4.87,0,0,0
1192.53,9,4,3,2.97,0,0,0
1296.01,15,0,3,3.83,0,1,0
634.3,15,0,0,18.69,0,0,0
4951.53,10,0,2,1.97,0,0,0
21310.72,9,1,1,8.75,0,1,1
3284.33,18,0,0,4.56,0,0,0
483.08,21,0,2,3.59,0,0,0
294.07,6,1,2,3.79,0,0,0
7745.21,8,0,1,0.39,0,0,0
734.82,16,0,1,3.74,0,0,0
5569.66,18,0,0,1.84,0,1,0
2577.27,18,0,1,2.53,0,0,0
319.37,17,0,0,6.58,0,0,0
10015.53,20,1,1,5.5,0,0,0
967.64,9,0,0,8.04,0,0,0
23919.07,7,0,0,4.79,0,1,1
651.67,16,0,0,5.54,0,0,0
6216.02,18,0,0,4.84,0,1,0
102.61,15,0,1,3.83,0,1,0
2354.37,22,0,1,9.15,0,1,0
4755.22,18,1,0,9.03,0,1,0
28000.0,17,0,1,8.11,0,1,1
7737.18,6,3,0,4.05,1,0,0
22093.76,7,1,2,4.18,0,0,0
7071.09,18,0,1,7.9,0,0,0
770.94,9,0,1,7.15,1,0,0
1129.86,3,0,3,1.57,1,1,1
1151.32,20,0,1,10.5,1,0,0
1574.55,20,0,1,5.85,0,0,0
18145.94,9,0,0,2.57,3,0,1
2576.74,18,0,0,3.03,2,0,0
17617.53,5,0,0,8.59,1,1,1
3820.68,10,0,1,6.36,0,1,0
19226.29,16,0,2,11.87,0,0,1
17189.76,18,0,1,11.72,0,1,1
2299.55,0,0,1,10.49,0,0,0
5153.75,11,2,0,4.61,1,0,0
24275.2,9,0,2,8.45,0,0,1
3378.86,23,1,2,16.08,0,1,0
601.87,16,0,1,3.32,0,0,0
2594.28,12,0,0,5.72,0,0,0
13587.08,6,0,3,1.46,0,0,0
1576.13,15,1,1,6.22,0,0,0
1767.55,16,0,1,0.37,0,1,0
16708.12,18,2,0,0.8,0,0,1
1084.6,10,0,3,11.45,0,1,0
10030.02,22,0,1,1.29,0,0,0
9887.71,13,0,0,7.45,0,1,0
1449.98,10,0,2,5.05,0,0,0
200.98,11,2,1,4.34,0,0,0
691.51,14,0,0,4.19,0,1,0
1653.4,21,0,3,3.21,0,0,0
9507.31,17,0,1,5.78,0,1,0
547.1,15,0,1,2.82,0,0,0
4674.0,8,0,0,2.83,0,1,0
428.17,8,0,2,4.16,0,0,0
12786.29,14,0,1,2.27,0,1,0
18686.0,17,1,0,0.32,0,1,1
4836.63,17,0,2,7.45,0,0,0
1402.24,9,1,0,10.03,0,1,0
3221.51,7,1,5,6.53,0,0,0
742.28,12,1,0,1.41,0,0,0
565.12,20,0,0,0.13,0,1,0
26817.56,14,0,2,2.33,2,0,1
8049.58,11,0,1,4.46,4,1,0
7050.48,11,3,1,0.75,1,0,0
3202.35,8,0,1,8.16,0,1,0
5345.31,13,0,1,1.48,0,1,0
288.91,18,0,0,7.2,0,0,0
1364.48,22,0,1,2.46,0,1,0
1264.62,14,0,1,3.85,0,0,0
3290.81,8,0,1,5.83,0,1,0
1467.97,16,0,2,2.51,0,0,0
574.44,17,2,3,4.59,1,0,0
2963.99,6,0,2,12.01,1,0,0
5449.04,19,0,1,3.63,0,1,0
1600.69,19,0,0,3.79,0,0,0
513.99,13,1,1,3.62,0,1,0
15969.41,15,1,1,4.92,0,0,0
927.62,17,2,0,6.5,2,0,1
1200.89,16,0,2,8.13,1,1,0
3354.23,1,1,1,6.33,0,0,0
19419.54,8,0,0,2.96,1,1,1
3871.17,8,0,2,3.73,0,0,0
1500.65,17,0,1,2.31,0,0,0
5619.23,13,0,1,2.06,0,1,0
790.45,14,0,1,1.12,0,0,0
2085.82,18,0,2,3.14,0,0,0
5225.26,11,1,0,3.24,0,0,0
695.66,17,0,1,4.93,0,0,0
432.42,13,0,2,6.28,1,0,0
6944.62,12,0,1,4.93,0,1,0
1403.89,11,0,1,2.73,0,0,0
3745.13,22,0,1,8.85,0,0,0
142.16,18,0,1,0.3,0,0,0
3808.27,1,3,0,2.67,0,1,1
1275.83,21,1,0,7.6,0,1,0
243.53,18,0,1,2.49,0,1,0
19947.91,8,0,2,2.88,0,1,1
941.58,7,0,2,0.99,0,0,0
1625.04,11,0,0,9.51,0,1,0
328.84,16,0,1,3.81,0,1,0
19064.68,16,0,2,4.4,0,1,1
1192.13,10,0,0,4.49,0,0,0
360.95,13,0,0,3.27,0,1,0
7794.94,9,0,1,6.5,0,0,0
79.41,5,1,3,5.94,0,0,0
2176.41,14,4,0,4.57,0,0,0
480.9,11,2,1,1.79,0,1,1
1236.66,14,3,2,1.57,0,0,0
8394.39,21,0,0,5.61,0,0,0
624.39,8,0,0,1.45,0,0,0
10864.72,0,0,2,4.4,0,0,0
19985.67,7,1,0,3.57,0,0,0
4389.97,13,1,2,4.69,0,1,0
21494.3,17,0,1,2.24,0,1,0
6966.56,15,0,1,9.74,0,1,0
2643.75,14,0,1,14.01,0,1,0
2507.27,11,0,1,1.51,1,0,0
755.94,11,3,0,1.23,0,0,0
16374.41,12,1,1,1.14,0,0,0
8004.89,15,0,0,1.41,0,0,0
1331.22,8,0,3,1.28,0,1,0
1549.11,18,0,1,9.75,0,0,0
4624.42,15,3,0,3.1,0,1,0
1383.95,10,1,0,1.03,0,0,0
9781.14,14,0,0,1.86,0,1,0
4345.23,22,0,2,7.01,0,1,0
2971.63,1,0,1,3.64,0,1,0
6868.8,9,0,2,4.64,0,1,0
222.81,13,2,2,4.5,1,0,0
1010.86,16,0,0,0.7,0,0,0
2061.78,9,0,0,2.18,0,0,0
883.84,21,0,1,2.94,0,1,0
25414.67,16,0,1,1.48,0,0,0
8110.81,19,0,0,9.83,0,1,0
1824.0,11,0,0,2.91,0,0,0
1400.01,19,1,1,1.7,0,0,0
10486.93,12,1,1,14.81,0,0,0
21732.59,10,0,2,3.22,0,1,1
2208.74,20,0,3,1.3,0,0,0
1446.64,7,0,2,0.27,0,1,0
7749.41,21,0,1,6.05,0,0,0
2752.94,13,0,1,3.61,0,0,0
4655.9,23,2,0,8.88,0,0,0
5404.91,14,1,1,4.3,0,1,0
1398.63,17,0,0,15.45,0,1,0
16959.78,0,1,2,5.35,0,0,0
6098.35,14,0,0,5.13,0,0,0
1504.44,17,3,0,0.81,0,0,0
5114.61,18,0,2,2.37,0,0,0
23677.13,8,0,1,15.09,2,1,1
3183.42,12,0,0,11.08,0,1,0
4390.73,12,0,0,7.47,0,0,0
20804.99,7,0,0,4.88,0,0,0
6026.68,13,0,1,2.32,0,0,0
1668.37,18,0,2,7.25,1,0,0
16847.16,10,0,1,1.11,0,1,1
1704.66,13,0,0,0.95,0,0,0
3644.35,22,0,2,9.91,0,1,0
1975.12,4,2,1,1.61,0,0,1
4482.9,15,0,3,5.73,0,0,0
1473.07,17,2,1,6.34,0,1,1
3282.9,18,0,1,12.79,0,1,0
720.19,17,0,4,4.29,0,0,0
4488.08,17,0,1,3.65,0,0,0
2584.76,6,0,1,2.28,0,0,0
790.36,14,0,2,9.04,0,1,0
1164.59,18,0,1,2.27,0,0,0
4478.38,7,0,1,10.47,0,1,0
2168.61,0,4,0,4.68,0,0,0
838.84,18,1,0,6.68,0,1,0
11002.4,17,0,1,0.74,0,1,0
4078.26,12,0,1,4.73,0,0,0
10139.03,21,2,3,19.02,0,0,0
1842.57,18,2,0,5.67,0,1,0
2122.55,22,1,2,1.75,0,1,0
7363.5,21,1,1,15.71,0,1,0
2442.54,13,0,1,1.58,0,1,0
3991.31,17,1,1,7.06,3,0,0
989.87,16,0,0,2.28,0,1,0
1954.09,18,0,1,3.13,1,1,0
481.64,18,0,2,5.59,1,0,0
798.07,8,0,2,7.6,0,1,0
19869.42,9,0,0,4.31,0,0,0
188.18,10,1,3,4.24,0,1,0
12170.97,18,1,1,5.78,0,0,0
948.12,18,0,1,2.13,0,1,0
3543.5,14,0,3,4.37,0,0,0
5906.31,15,3,1,1.76,0,0,0
2619.92,18,0,0,9.82,0,0,0
19818.82,11,0,4,13.67,0,0,0
4227.62,5,0,1,3.81,0,0,0
2994.14,13,2,2,6.69,1,0,0
4264.72,20,0,3,4.15,0,0,0
4759.44,18,3,0,1.87,0,0,0
28000.0,11,0,0,5.58,0,0,0
2787.33,6,0,2,7.64,0,0,0
1397.62,16,0,0,2.5,0,0,0
18581.08,19,0,1,9.59,0,1,1
286.87,16,0,3,2.06,0,0,0
7346.05,12,0,0,6.92,0,0,0
466.82,8,0,1,6.61,0,0,0
1331.24,20,0,0,7.72,0,0,0
5472.6,10,1,1,1.29,0,1,0
20718.39,9,1,1,1.14,0,0,0
1660.88,18,0,1,2.97,0,0,0
2112.42,22,2,1,12.93,1,0,0
6229.3,16,0,0,0.39,1,0,0
1389.67,16,0,1,7.35,0,1,0
6580.1,11,0,1,8.62,0,1,0
355.24,1,0,1,8.86,0,0,0
4858.98,9,0,1,2.13,0,0,0
6078.89,15,1,1,0.32,0,1,0
702.14,8,1,2,14.46,3,0,0
1860.73,19,0,0,1.7,0,0,0
638.95,9,0,0,8.44,0,1,0
3983.94,14,0,1,5.12,0,0,0
2512.69,14,3,1,9.56,0,0,0
18553.97,15,0,1,4.41,0,0,0
760.04,11,0,0,4.8,0,1,0
821.39,19,3,2,2.72,1,1,0
195.63,13,3,2,5.5,0,0,0
15176.05,17,0,0,3.11,1,0,0
2685.28,16,0,1,1.67,0,0,0
6304.7,8,0,0,2.02,0,1,0
3578.06,16,1,2,7.13,0,0,0
1889.22,15,0,1,4.61,1,0,0
9852.53,20,2,1,8.73,0,1,0
22598.46,19,0,0,1.6,0,1,1
8577.19,8,0,1,7.7,0,0,0
2459.69,7,0,2,2.09,0,0,0
1018.8,10,0,0,11.65,1,1,0
233.67,23,0,0,3.83,0,0,0
4203.8,2,0,0,1.34,0,1,1
473.81,16,1,1,2.71,0,0,0
1214.07,15,0,0,2.26,0,0,0
2492.94,16,0,1,10.35,0,0,0
2719.42,9,0,1,4.99,1,0,0
2996.8,9,0,1,7.8,0,1,0
641.85,12,2,0,7.09,1,1,0
1588.36,7,0,1,13.8,0,1,0
17276.71,6,0,0,5.89,0,0,0
11261.72,7,0,1,3.69,1,1,0
4221.91,15,0,1,1.92,1,0,0
8248.21,12,0,0,1.92,0,0,0
4656.4,10,1,1,1.08,0,1,0
2926.54,11,0,0,1.31,2,0,0
742.31,9,0,2,2.55,0,0,0
3575.74,12,0,0,1.88,4,1,1
21526.44,9,0,1,8.25,0,0,0
3011.94,17,0,0,1.53,0,0,0
2213.36,8,0,1,4.62,0,1,0
2466.94,21,0,0,2.81,0,0,0
1362.82,7,1,1,6.85,0,0,0
20587.84,21,1,1,2.35,0,1,1
764.3,19,0,1,3.29,0,1,0
24776.07,16,0,0,1.09,0,1,1
717.67,20,1,0,3.86,2,0,0
14460.58,8,0,4,5.42,0,1,0
1894.04,9,4,2,2.35,2,1,1
22764.14,10,0,2,5.35,0,1,1
1902.4,10,0,0,1.42,0,0,0
1096.82,11,0,1,3.28,0,0,0
2673.86,15,0,0,5.28,0,0,0
22417.99,3,0,2,2.82,0,0,1
8703.49,12,0,4,8.4,0,1,0
8249.93,10,0,0,4.47,0,0,0
2293.29,15,0,0,3.39,0,1,0
21139.78,23,0,1,6.0,0,0,0
4335.54,14,0,1,9.07,0,0,0
179.69,12,0,0,2.01,0,0,0
2120.53,11,0,3,5.52,0,1,0
1371.87,18,0,1,5.37,0,0,0
8163.84,6,0,1,5.93,1,0,0
98.64,22,0,0,3.64,0,1,0
2635.3,12,2,0,10.27,1,0,0
4378.81,11,1,1,3.32,1,0,0
2183.59,22,0,2,4.06,1,0,0
345.67,21,0,3,8.53,0,0,0
11554.93,16,0,0,1.83,0,0,0
2395.46,1,0,0,9.39,0,0,0
3107.68,17,0,1,12.13,2,0,0
923.96,11,0,3,1.7,0,0,0
2174.16,12,0,0,0.11,0,0,0
1854.01,8,0,1,5.68,0,0,0
309.12,14,0,1,7.29,0,0,0
419.13,17,0,2,5.34,0,1,0
24888.6,10,0,2,10.47,0,0,0
937.44,21,0,0,7.71,0,0,0
753.96,9,0,2,6.15,0,0,0
2309.66,6,0,0,2.54,0,1,0
4745.58,16,0,0,2.6,0,0,0
264.63,19,0,0,6.81,0,0,0
2811.77,21,1,0,23.55,0,1,0
466.2,18,0,1,5.94,0,0,0
18476.18,9,0,2,1.24,0,1,1
233.39,22,0,3,6.44,1,1,0
5809.62,20,0,0,6.24,0,0,0
461.7,8,1,1,8.66,0,1,0
207.85,15,1,4,3.21,0,1,0
1903.44,15,0,1,0.26,0,0,0
6005.14,13,0,0,3.68,0,0,0
1033.97,23,0,2,6.98,0,0,0
1812.59,6,2,0,3.25,0,0,0
16564.62,16,1,1,7.58,0,0,0
1967.72,9,0,0,7.63,0,1,0
2817.87,14,0,1,8.45,0,0,0
2767.46,18,1,3,2.25,0,0,0
1353.14,10,0,1,2.07,0,1,0
20117.17,12,0,2,9.18,0,0,1
420.79,21,0,0,2.35,0,1,0
1522.29,18,0,1,1.97,0,0,0
395.36,15,1,0,3.86,2,0,0
4715.95,9,1,2,4.68,0,1,0
10906.38,12,0,1,2.97,0,1,0
11288.94,18,0,1,3.82,4,0,0
6469.62,18,0,0,1.07,0,1,0
2998.47,10,0,1,1.06,1,0,0
3921.96,16,0,1,7.27,1,1,0
1134.43,7,0,0,2.36,0,0,0
3248.28,2,1,3,7.24,0,1,1
20799.54,15,0,1,5.88,0,0,0
2165.0,9,0,0,0.1,0,1,0
4597.26,7,0,1,8.8,0,1,0
1119.75,17,0,1,6.26,0,1,0
1284.91,14,0,2,4.77,0,1,0
8333.61,18,0,1,8.44,0,0,0
245.17,16,0,1,2.69,2,1,1
2187.43,17,0,0,4.23,0,0,0
7866.59,11,0,0,0.28,0,0,0
3076.13,10,0,2,7.61,0,0,0
2589.78,15,0,1,0.68,3,0,0
979.49,9,0,0,2.41,0,0,0
1405.57,18,0,1,4.63,0,0,0
6174.78,14,0,1,14.07,0,0,0
2681.46,9,0,3,2.28,0,0,0
2373.84,16,0,2,4.99,0,1,0
395.66,21,0,0,6.66,0,0,0
111.71,7,0,0,8.98,0,0,0
10669.69,7,0,1,7.81,0,1,0
1574.2,19,0,0,6.63,1,0,0
3017.94,7,0,0,1.36,0,0,0
325.83,5,3,1,4.4,0,1,0
3737.49,11,0,1,2.33,0,0,0
8689.17,13,1,0,4.39,0,0,0
2803.14,15,0,3,2.25,0,0,0
491.38,14,0,0,2.09,0,0,0
2849.15,20,2,1,7.26,0,1,1
4712.54,18,1,1,3.12,0,0,0
1729.05,23,0,2,3.06,0,0,0
6840.52,13,0,1,0.86,0,0,0
3407.41,7,0,1,8.93,0,1,0
7404.33,21,1,3,9.07,0,0,0
3185.92,0,0,2,0.48,0,0,0
510.38,18,0,1,11.24,0,0,0
1245.97,4,0,1,1.38,0,0,0
781.25,18,0,2,10.63,0,1,0
7723.97,21,0,1,6.72,0,0,0
4632.11,12,0,1,4.45,0,1,0
3670.37,10,0,0,2.12,1,1,0
1205.78,9,0,0,9.38,0,1,0
710.87,14,1,3,6.93,0,1,0
4579.8,9,0,1,5.81,0,0,0
2116.81,16,0,3,7.54,0,1,0
878.92,11,0,2,3.17,0,1,0
3127.95,11,0,3,6.8,0,0,0
191.74,13,4,2,4.58,0,1,0
1323.29,14,0,3,2.43,0,0,0
2082.91,8,0,2,2.25,0,1,0
572.38,17,0,3,8.01,0,1,0
13426.18,19,0,2,2.05,0,0,0
810.66,10,0,1,1.14,2,0,0
506.94,9,1,0,3.94,2,1,0
788.23,18,0,1,18.2,0,0,0
4749.93,9,0,3,6.09,0,0,0
1833.65,5,0,0,2.31,1,1,0
2726.77,16,0,1,5.19,0,1,0
18179.93,10,1,1,11.64,0,0,0
172.12,9,0,0,6.07,0,0,0
21319.11,22,0,1,8.23,0,1,0
5488.44,10,0,0,7.04,0,0,0
6987.69,20,2,2,4.89,0,1,1
350.23,9,0,0,6.36,0,0,0
2533.53,18,0,1,6.23,1,0,0
7882.37,14,2,1,3.55,0,1,1
1631.13,7,0,1,1.14,0,0,0
5722.1,17,0,1,7.38,2,0,0
519.26,20,3,3,8.13,0,0,0
8826.26,8,2,0,3.18,0,1,0
4514.41,17,1,2,2.2,0,0,0
9134.89,13,0,1,4.92,2,1,1
3672.54,17,0,3,2.88,0,0,0
1505.18,17,0,1,4.85,1,1,0
25557.46,3,0,0,7.12,0,0,1
1091.57,9,0,0,4.46,0,0,0
1351.92,13,0,0,5.68,0,0,0
3921.35,21,0,0,3.53,0,1,0
4698.45,11,0,3,1.72,0,1,0
8542.48,16,0,0,4.74,0,1,0
793.33,0,0,0,2.37,0,1,0
5178.33,17,1,2,0.85,0,1,0
18322.81,15,0,1,4.89,0,0,0
270.95,17,0,1,2.25,0,0,0
19099.76,20,0,1,0.96,0,0,1
1123.53,8,0,0,9.95,0,0,0
1221.95,10,0,3,5.16,0,0,0
13088.55,23,0,1,10.31,0,0,0
3354.07,8,0,0,2.06,0,0,0
4107.04,17,1,1,1.19,0,1,0
27198.82,17,0,0,1.59,0,1,1
1575.3,16,0,0,4.96,0,0,0
5239.78,9,0,1,11.12,0,0,0
1884.32,9,1,0,4.9,0,0,0
6577.25,16,0,3,2.13,0,1,0
697.61,9,1,0,4.64,0,0,0
9501.58,16,0,1,4.59,0,0,0
850.04,14,0,1,6.3,0,1,0
1323.53,12,0,2,8.82,0,0,0
20651.87,10,0,2,3.17,0,1,1
1661.51,21,0,0,3.54,0,1,0
3058.5,14,0,2,2.13,0,0,0
15080.98,15,1,1,5.01,1,0,0
4399.94,21,0,0,9.15,0,1,0
889.44,16,0,0,6.45,0,1,0
252.76,21,0,1,4.05,0,0,0
17263.36,7,0,1,0.94,0,0,0
2117.73,19,0,0,5.81,0,1,0
648.63,11,0,0,1.83,0,0,0
1462.21,18,0,1,1.86,1,0,0
1694.55,19,0,1,2.08,0,1,0
19719.54,10,1,0,4.34,0,1,0
2861.3,12,0,0,3.59,0,1,0
6962.82,17,0,1,8.15,0,0,0
586.63,7,1,4,0.88,0,0,0
20316.42,17,1,2,2.35,2,1,1
3557.11,7,0,0,1.4,0,1,0
1799.46,20,0,0,4.79,0,0,0
3924.44,10,2,0,1.23,1,0,0
1752.39,15,1,0,2.37,1,0,0
2307.89,8,0,1,2.61,0,0,0
83.62,10,0,1,18.7,1,1,0
3825.59,12,0,0,9.15,0,0,0
3524.85,14,0,1,1.08,3,0,0
185.3,0,0,1,9.05,0,1,0
1529.64,20,0,3,4.02,0,0,0
25505.6,0,0,1,7.6,0,0,1
1807.19,18,0,0,11.43,0,0,0
2290.55,13,1,2,0.99,1,0,0
7762.94,14,0,2,2.54,0,0,0
4102.35,9,0,1,3.01,0,0,0
2851.81,15,0,1,2.04,0,0,0
21934.02,14,0,1,0.64,0,0,0
6452.95,8,0,3,6.6,0,1,0
2013.41,10,0,0,1.86,0,0,0
2122.6,6,0,1,7.27,0,0,0
1621.1,6,0,2,6.34,0,1,0
10947.62,0,0,1,5.25,0,1,0
3882.63,9,0,0,3.92,0,1,0
338.05,16,1,0,6.67,0,0,0
6419.93,11,0,1,3.52,0,0,0
2156.01,11,4,1,3.37,0,1,0
15619.55,8,0,1,3.32,0,0,1
2613.21,15,0,0,1.06,0,0,0
1787.52,11,0,0,11.43,0,0,0
6785.38,16,0,0,5.73,0,1,0
790.08,17,4,2,5.24,0,0,0
5664.4,15,0,1,2.29,0,0,0
2670.37,10,0,3,5.15,0,0,0
239.71,14,0,0,2.73,0,0,0
11484.13,10,0,0,3.35,0,0,0
2359.84,20,0,0,6.81,0,1,0
1159.92,18,0,1,2.21,0,0,0
2088.03,14,1,1,8.49,0,1,0
6302.97,22,0,3,1.31,0,0,0
1223.85,14,0,0,2.83,0,1,0
744.9,11,0,2,6.06,0,0,0
502.22,7,0,1,7.15,0,0,0
1191.59,14,1,3,0.25,0,0,0
4905.91,19,0,0,2.07,0,0,0
2101.45,19,0,3,12.06,0,0,0
885.92,15,0,0,2.42,0,0,0
641.58,12,0,0,1.14,1,0,0
1354.59,16,0,2,1.81,0,0,0
25879.29,18,1,0,2.0,0,0,0
1404.36,12,0,0,1.2,0,0,0
14246.37,13,0,2,0.99,1,0,0
2184.92,16,1,2,10.37,0,0,0
691.78,19,0,1,9.28,1,0,0
7156.62,18,0,2,9.64,0,0,0
2033.9,2,0,1,3.78,0,0,0
4017.57,8,0,0,4.29,0,1,0
13235.36,19,0,1,9.3,0,1,0
224.73,19,0,0,2.14,0,0,0
385.42,12,0,1,10.0,0,1,0
4138.71,15,0,2,0.3,0,0,0
1119.33,20,0,0,3.92,0,0,0
711.87,20,0,1,4.1,0,1,0
188.5,18,0,1,8.82,0,0,0
130.68,9,0,1,7.36,0,1,0
4825.99,17,0,0,8.48,0,0,0
521.99,7,0,2,0.94,0,0,0
2077.88,20,1,1,11.53,0,1,0
3039.66,8,1,1,8.19,0,0,0
1849.54,16,0,0,3.43,0,0,0
147.94,15,1,2,2.62,0,1,0
4956.55,18,0,2,3.63,0,1,0
93.82,15,0,2,4.8,0,0,0
20889.61,6,0,3,6.05,0,0,0
27676.72,17,0,0,1.64,0,0,0
1874.76,12,0,2,2.1,0,0,0
15843.45,11,0,3,2.07,0,1,1
2134.05,23,0,0,6.03,0,0,0
1637.6,15,0,2,3.21,0,1,0
25517.92,17,0,1,4.54,0,1,1
7239.81,14,0,4,5.66,1,1,0
1369.43,18,0,1,4.32,1,0,0
3115.02,17,0,4,4.45,0,1,0
8431.3,16,0,1,1.26,0,1,0
10529.47,23,1,3,8.05,0,0,0
2335.93,13,0,1,4.02,0,1,0
1989.56,17,0,1,5.13,0,0,0
1105.42,18,0,1,3.44,0,0,0
10271.4,12,0,2,2.7,1,1,0
553.12,13,0,1,3.89,2,0,0
2834.7,22,0,3,3.76,0,0,0
1122.57,4,0,2,1.37,0,0,0
20915.02,11,0,1,3.99,0,0,0
1721.25,13,0,2,17.49,0,1,0
28000.0,0,0,0,6.87,0,0,0
240.91,20,0,0,1.6,2,1,1
2824.91,10,0,1,1.37,0,0,0
335.78,10,0,3,5.52,0,0,0
597.13,18,0,0,2.36,0,0,0
1912.92,10,0,2,4.13,0,0,0
2345.73,16,3,0,8.1,0,0,0
1018.32,18,2,0,4.17,0,0,0
1277.49,18,1,0,3.88,0,1,0
351.15,18,2,2,4.38,0,0,0
1216.11,7,0,0,8.13,1,0,0
10933.46,7,0,0,3.23,1,1,0
9324.37,11,0,2,2.96,0,1,0
15786.0,4,0,3,1.22,0,0,1
2767.07,14,0,1,8.77,2,0,0
7751.07,12,0,1,2.09,0,1,0
17330.29,15,2,2,1.12,0,0,1
5385.87,10,0,2,2.86,0,0,0
9543.66,13,0,1,1.22,0,0,0
366.46,11,0,0,2.39,0,1,0
623.45,9,0,0,4.73,0,0,0
10420.67,16,0,1,9.28,0,0,0
2527.83,16,0,0,7.75,0,0,0
105.75,19,1,1,1.16,2,0,0
1013.31,19,2,1,1.69,0,0,0
1972.75,17,0,1,6.14,0,1,0
17186.67,17,1,2,2.01,0,1,1
4287.54,6,0,1,3.75,1,0,0
17296.44,7,0,2,7.64,1,0,0
1144.77,18,0,1,5.53,0,0,0
2532.53,9,0,0,9.61,0,0,0
2498.78,11,0,2,1.17,0,1,0
1724.89,8,0,1,3.75,1,0,0
653.03,9,0,1,0.43,0,0,0
12195.4,18,0,1,3.09,0,1,0
6202.34,10,0,0,1.94,0,0,0
2267.42,13,0,1,1.84,0,0,0
3018.2,8,1,0,1.81,0,0,0
885.0,16,0,1,5.79,3,1,1
2571.35,17,0,2,5.23,0,0,0
3859.51,11,1,1,2.26,0,0,0
2376.64,18,0,2,5.44,3,0,0
14889.13,10,0,2,4.37,0,1,0
3084.17,17,0,1,2.12,0,0,0
1543.46,17,0,0,1.27,2,0,0
4793.05,22,0,1,2.77,0,1,0
658.04,9,0,0,3.31,1,0,0
1613.11,7,0,1,8.65,0,0,0
1423.57,10,0,0,2.78,0,0,0
18862.41,8,0,0,8.3,2,0,1
4931.2,9,1,0,1.73,0,0,0
2178.35,11,0,0,10.28,0,0,0
5115.84,12,0,1,10.8,0,0,0
2809.36,20,0,1,3.59,0,1,0
1399.7,9,1,0,3.02,0,0,0
5373.98,22,0,2,1.7,0,0,0
931.0,18,0,1,2.95,1,0,0
873.11,19,0,1,2.68,0,0,0
2307.02,21,0,1,9.07,0,0,0
1027.21,17,0,2,4.87,1,0,0
89.21,18,0,1,6.83,4,0,0
3403.9,13,0,3,2.36,0,1,0
2349.87,14,0,2,2.67,0,0,0
1947.11,21,0,0,0.39,1,1,0
10972.94,12,0,3,3.11,0,0,0
2769.64,5,0,0,1.96,0,0,0
6430.97,18,0,1,12.35,0,0,0
540.59,15,1,1,7.62,0,1,0
2754.8,18,0,0,2.03,0,0,0
6539.36,6,2,1,1.32,0,1,0
2859.75,16,0,1,5.13,0,0,0
4110.88,10,0,2,5.43,0,0,0
1548.91,20,0,4,1.12,0,1,0
370.42,7,0,2,4.85,0,0,0
2019.38,19,0,0,9.6,0,0,0
1665.33,7,0,1,5.52,0,0,0
6517.15,2,0,4,3.43,0,0,1
955.06,10,1,0,3.04,0,1,0
10950.32,11,0,3,3.18,0,0,0
24218.48,16,2,0,1.36,0,0,1
970.49,8,2,0,9.72,0,1,0
1428.93,13,0,0,5.82,0,1,0
7289.13,9,0,0,1.13,0,0,0
10939.57,19,0,2,2.49,0,1,0
1935.13,5,0,1,2.28,0,1,0
21001.99,11,0,0,12.71,1,1,1
2449.59,16,0,0,2.69,0,0,0
3784.84,20,0,1,0.84,0,0,0
1082.34,19,0,3,2.03,1,0,0
4327.52,20,0,1,8.5,0,0,0
229.73,6,0,0,3.7,0,0,0
14132.72,19,0,0,3.16,0,0,0
1622.33,18,1,0,3.06,2,1,1
1455.65,20,1,0,2.11,0,0,0
1273.64,11,0,1,5.96,0,0,0
2221.11,20,1,0,6.13,1,0,0
1297.57,12,0,2,1.11,0,0,0
743.24,16,1,2,0.91,0,0,0
1244.94,12,0,1,1.7,0,0,0
11852.18,12,0,1,4.59,0,0,0
1754.47,14,0,0,3.0,0,0,0
1942.46,11,0,0,0.15,1,1,0
19916.09,18,1,1,3.54,0,1,0
13163.33,16,0,3,3.58,0,0,0
18113.72,17,0,0,1.32,0,0,0
3719.04,9,0,1,13.53,0,0,0
4087.93,22,0,0,4.07,0,0,0
3051.27,16,0,1,3.02,0,1,0
356.8,9,1,2,2.59,0,0,0
3675.06,17,0,5,5.57,0,0,0
21045.18,9,0,3,1.85,1,1,1
21201.26,6,2,1,5.67,0,0,1
4365.49,14,0,1,13.12,0,1,0
818.24,15,0,1,1.09,0,1,0
5956.87,9,0,3,4.5,2,1,1
158.64,11,0,1,3.71,0,1,0
6001.44,21,0,2,0.92,1,1,0
2033.75,10,0,1,10.76,0,1,0
845.2,8,0,0,1.48,0,0,0
519.57,23,1,0,3.86,0,0,0
9865.33,10,0,3,2.17,0,0,0
301.41,16,1,0,2.07,1,1,0
16073.16,9,0,1,8.19,0,0,0
16354.2,15,0,2,6.11,0,0,0
3158.25,12,0,0,3.26,0,0,0
2578.47,22,0,1,2.28,0,0,0
489.65,13,0,3,0.9,2,0,0
1154.74,15,0,0,10.0,0,1,0
932.95,21,1,3,1.2,0,0,0
828.69,23,0,0,9.17,0,0,0
15780.62,7,0,1,7.27,1,0,0
3956.01,19,0,3,1.78,1,0,0
844.64,12,0,3,1.26,0,0,0
1521.69,15,0,4,4.02,0,0,0
1646.56,12,0,1,4.2,0,1,0
28000.0,12,0,2,1.95,0,1,1
9959.86,8,0,1,7.32,0,0,0
5212.4,15,0,1,12.53,0,0,0
945.19,14,0,4,7.55,0,0,0
285.48,9,0,1,7.68,0,1,0
19805.64,14,2,1,5.59,0,0,1
1053.05,22,0,2,1.04,2,0,0
2316.22,17,0,1,2.63,0,0,0
4872.33,13,0,2,8.5,0,1,0
24192.47,20,0,2,2.78,0,1,1
6023.05,15,0,1,2.72,0,1,0
1486.5,8,0,1,1.9,1,1,0
3779.36,14,0,0,4.62,0,0,0
1260.57,9,1,0,4.87,0,1,0
261.09,18,0,0,2.95,0,1,0
3929.45,22,2,2,7.43,0,0,0
91.6,11,1,1,0.6,0,0,0
15070.72,13,0,1,3.16,0,0,0
1338.56,12,0,1,14.12,2,1,1
3842.84,10,0,1,4.21,0,1,0
4711.15,18,0,0,3.07,0,1,0
1220.13,16,0,2,8.63,0,0,0
5401.86,6,0,0,4.24,0,0,0
1173.67,19,2,1,4.23,0,1,1
1951.78,9,0,1,5.34,0,0,0
4214.72,22,0,1,3.34,0,1,0
3838.07,12,0,6,6.07,0,1,0
14048.99,16,1,1,6.85,0,0,0
876.32,7,1,1,12.83,0,0,0
3534.08,11,0,2,8.23,0,0,0
3070.54,18,0,1,4.03,2,0,0
7952.04,13,0,1,4.3,0,0,0
604.1,20,1,2,1.04,0,0,0
23621.87,15,0,1,4.7,0,1,1
2747.85,21,0,3,4.52,0,0,0
19222.69,23,0,3,2.08,0,1,0
2118.5,13,0,0,4.53,0,1,0
1359.62,15,0,0,0.83,0,0,0
2830.77,19,1,1,11.47,0,0,0
7094.34,9,3,2,2.4,0,1,0
2755.54,19,1,0,1.77,0,0,0
3256.54,15,0,0,7.76,0,1,0
2400.36,17,0,4,5.93,0,1,0
228.07,7,1,1,0.49,0,0,0
908.27,18,0,1,4.93,0,0,0
22938.4,11,2,1,2.47,0,0,1
1248.5,18,0,2,6.2,1,0,0
701.93,14,2,1,0.73,0,1,0
2304.63,10,1,1,2.63,0,0,0
1307.37,21,0,1,1.72,0,1,0
1015.36,18,0,1,8.76,0,0,0
2055.5,23,0,1,6.64,0,0,0
517.74,11,0,1,7.73,2,0,0
8468.2,16,0,0,2.18,0,0,0
24230.25,15,0,2,7.41,0,1,1
3995.05,17,0,1,1.07,0,0,0
419.32,4,0,2,18.98,1,0,0
4845.8,10,3,1,0.95,0,0,0
5340.12,20,0,1,12.49,0,0,0
4732.01,12,1,3,7.44,0,0,0
447.2,22,0,1,4.69,0,0,0
3364.21,9,1,2,2.33,1,0,0
5812.72,23,0,1,4.28,0,0,0
2815.9,17,0,2,2.51,0,0,0
3386.75,18,0,2,7.31,0,0,0
2022.11,12,1,0,4.75,0,1,0
2467.28,20,0,0,1.7,0,0,0
171.94,14,0,1,3.2,1,0,0
3320.08,16,1,0,4.54,3,1,1
331.86,7,0,0,6.13,0,0,0
1887.06,16,0,1,17.64,0,1,0
1167.96,19,0,3,15.13,4,1,0
2582.88,9,0,0,9.34,0,0,0
518.23,17,0,0,4.35,0,1,0
3824.79,2,0,0,1.1,0,0,0
5131.37,21,0,2,1.42,0,1,0
630.74,23,0,1,3.25,2,1,1
412.53,11,0,1,0.99,0,0,0
15994.84,7,1,0,4.18,0,0,0
6769.15,16,1,0,7.85,0,0,0
2463.77,3,0,0,3.13,0,0,0
2075.12,13,1,2,3.15,0,0,0
421.11,10,2,1,2.27,0,0,0
3415.37,13,0,1,3.79,0,0,0
6539.84,1,4,0,15.32,0,1,1
5696.29,5,0,0,4.48,0,0,0
3207.67,1,1,2,8.26,0,0,0
310.44,16,0,0,2.4,1,0,0
441.54,15,0,0,10.67,0,1,0
221.81,9,0,1,3.34,0,0,0
1012.65,16,0,0,6.33,0,0,0
526.53,20,0,1,2.54,1,0,0
1023.74,10,0,1,8.46,0,1,0
17668.09,19,0,0,0.8,0,0,0
9226.09,16,0,2,2.15,1,1,0
3076.23,4,0,0,4.52,1,0,0
5825.28,12,0,1,2.11,0,1,0
4025.08,14,0,3,8.51,1,0,0
441.92,17,0,1,1.45,0,0,0
4320.82,10,1,1,1.15,0,0,0
1089.5,23,1,1,7.82,0,0,0
3321.36,17,0,2,11.6,0,0,0
1394.32,12,4,0,3.56,0,0,0
19461.15,7,1,1,2.76,0,0,0
1038.93,9,0,0,2.14,0,0,0
15514.08,14,0,3,14.32,0,0,0
8600.51,14,0,2,1.01,0,1,0
139.85,18,0,2,14.37,0,0,0
3877.59,17,1,1,5.42,0,1,0
4194.95,9,0,0,5.72,0,0,0
5852.64,15,1,0,1.28,0,0,0
11793.44,1,0,1,11.62,0,0,0
11942.4,12,0,1,3.35,1,0,0
276.02,18,0,1,9.19,0,1,0
5580.22,12,0,3,2.63,0,1,0
22169.18,19,0,1,2.79,1,0,0
3395.22,22,1,0,3.39,0,0,0
499.58,15,1,0,6.58,0,1,0
22082.92,8,0,1,6.44,0,1,1
27607.79,12,0,0,3.67,0,0,0
22098.66,0,0,0,1.17,2,0,1
1910.46,15,1,1,0.38,0,0,0
190.46,18,0,0,8.13,0,1,0
1499.61,16,0,1,2.16,0,0,0
19279.07,18,0,0,6.28,2,0,1
3928.74,18,0,1,2.53,0,1,0
2027.91,19,0,1,2.51,1,1,0
241.37,10,2,1,0.27,0,1,0
1841.39,19,1,0,8.16,0,0,0
2085.73,16,1,1,1.52,2,1,0
8504.27,10,0,1,1.96,0,0,0
3338.95,23,0,1,8.49,0,0,0
1255.08,21,4,0,9.0,0,0,0
2444.35,15,0,1,6.5,0,1,0
278.68,19,0,2,2.13,1,0,0
11567.37,10,0,2,4.51,0,1,0
1488.42,12,0,0,3.4,0,1,0
2139.47,9,0,0,0.72,1,1,0
1464.63,14,1,2,6.39,0,1,0
24027.21,14,2,1,9.87,0,0,1
3533.27,9,0,2,1.37,0,1,0
4080.47,16,0,1,6.34,0,0,0
1058.95,8,0,2,4.85,0,1,0
1273.8,6,0,0,0.96,0,1,0
15352.78,12,3,1,4.59,0,0,1
3470.21,12,0,1,6.37,2,0,0
15943.26,11,0,0,3.87,0,0,0
2973.64,10,0,0,3.95,0,0,0
21825.27,11,0,1,1.28,0,1,0
7147.58,8,0,1,4.98,0,0,0
1967.48,12,0,1,12.46,0,0,0
2027.67,20,0,0,2.59,0,0,0
16625.29,9,0,2,9.33,0,1,1
3615.15,17,0,0,2.23,0,0,0
5569.82,8,1,0,3.53,0,1,0
957.86,11,0,2,2.77,0,0,0
1810.31,11,0,0,5.62,0,0,0
5901.13,21,0,2,1.33,0,0,0
6768.96,12,0,1,1.35,0,1,0
951.62,17,1,1,5.8,1,1,0
2619.29,15,0,2,4.58,0,0,0
19456.56,8,0,1,9.83,0,0,0
20368.61,21,1,2,11.76,0,0,0
7805.52,11,0,1,3.23,0,0,0
5556.39,5,0,2,0.54,1,0,0
4627.24,10,1,1,10.85,1,0,0
219.99,11,1,0,7.97,0,0,0
5999.72,7,0,1,6.08,0,0,0
1904.26,16,0,0,2.52,0,0,0
1401.28,11,0,1,8.76,0,0,0
2590.27,16,1,2,5.08,0,1,0
366.56,0,1,1,3.48,0,0,0
4582.37,22,0,0,2.6,0,0,0
2854.61,9,0,1,1.01,1,0,0
720.86,16,1,0,2.78,1,0,0
727.33,17,0,1,5.11,0,1,0
711.67,9,0,0,9.48,1,0,0
247.81,7,0,0,4.07,0,1,0
17356.77,8,0,0,4.95,0,0,0
5931.23,10,2,2,6.05,0,0,0
116.49,8,3,2,6.88,0,1,0
220.79,16,0,0,2.42,0,0,0
2781.39,12,2,2,7.0,0,1,1
5538.4,14,0,2,2.44,0,0,0
1325.99,5,1,2,4.05,0,0,0
19927.91,19,0,1,3.43,0,0,0
2963.03,9,1,0,2.33,0,1,0
1085.6,11,0,2,2.72,0,1,0
15966.8,6,0,1,2.47,0,0,0
4312.44,8,2,1,2.24,1,1,1
3204.2,16,0,0,2.44,0,1,0
2841.77,17,3,1,2.75,0,0,0
4391.43,16,0,1,4.61,0,0,0
3658.85,15,0,2,4.84,0,0,0
797.67,21,1,1,2.63,0,0,0
1450.74,14,0,3,5.35,0,1,0
491.36,13,0,3,1.89,0,0,0
505.11,10,0,0,13.02,0,0,0
24512.59,7,0,1,2.31,0,0,0
6319.72,15,0,1,3.64,0,0,0
25978.19,11,0,2,4.28,0,1,1
3227.34,14,0,0,2.6,0,0,0
711.09,9,0,0,8.99,0,0,0
417.31,19,2,1,2.64,0,0,0
5422.72,23,0,2,0.97,0,0,0
2826.54,11,0,2,7.01,0,1,0
3141.86,19,0,3,1.56,0,0,0
17984.09,19,0,2,1.74,0,0,0
3947.86,23,0,0,4.64,0,0,0
5815.3,11,0,0,1.5,0,0,0
245.14,17,1,0,0.99,1,0,0
4464.56,9,1,2,10.25,0,1,0
23274.15,16,0,1,7.96,0,1,1
1138.6,17,0,0,2.2,0,0,0
3333.26,17,0,3,9.22,0,1,0
15472.61,9,0,2,5.97,0,0,0
10202.07,19,1,0,13.94,0,0,0
168.78,12,0,1,0.79,3,0,0
2834.42,9,0,1,1.59,0,0,0
13998.76,14,0,2,9.95,0,0,0
4045.79,19,0,0,3.03,0,0,0
679.05,22,0,2,6.57,1,1,0
918.82,17,0,0,6.68,0,1,0
2242.25,0,1,0,12.15,1,0,0
7942.13,8,0,1,4.27,0,1,0
19407.42,7,1,0,4.35,0,0,0
558.45,7,0,1,4.49,2,0,0
4613.16,12,0,1,10.44,0,0,0
2282.04,11,0,2,7.72,1,0,0
7829.53,8,0,1,4.38,0,1,0
567.34,19,0,2,0.63,0,0,0
3382.42,16,1,1,2.64,0,1,0
908.35,18,0,0,1.86,0,0,0
605.61,12,3,0,20.49,0,1,1
3740.67,12,0,0,10.76,0,0,0
2942.0,11,0,0,15.97,0,1,0
23416.61,13,0,1,2.7,0,0,0
1244.91,15,0,0,0.54,0,0,0
18646.89,14,0,2,5.71,0,1,0
1723.96,19,0,0,2.14,3,0,0
13310.48,20,0,4,3.98,3,0,1
1166.12,13,0,1,3.15,1,1,0
1177.75,10,0,1,3.39,1,0,0
19876.06,21,0,1,3.75,0,1,1
2720.72,17,1,1,2.01,0,0,0
990.51,16,1,2,3.35,0,0,0
7959.27,17,0,1,5.62,0,0,0
1048.22,7,1,1,5.13,0,0,0
7297.1,6,0,0,4.59,0,0,0
17715.45,8,0,2,1.3,0,1,0
3480.0,8,0,3,4.17,1,0,0
25698.41,12,0,0,3.02,0,0,0
651.44,8,0,1,4.75,0,0,0
11107.33,19,0,3,9.97,1,1,0
1989.9,15,0,2,2.75,0,0,0
9383.23,11,0,0,5.27,0,0,0
3674.55,6,0,1,3.38,0,0,0
1208.62,15,1,1,4.36,0,1,0
727.61,8,0,4,0.65,0,0,0
1218.48,17,2,4,3.0,0,1,1
372.42,18,1,2,4.58,0,0,0
557.06,14,0,1,1.6,0,1,0
413.77,8,0,1,1.65,0,0,0
1819.41,18,0,1,7.94,0,1,0
5140.23,11,0,1,2.39,0,0,0
547.79,9,0,0,10.41,0,1,0
506.82,13,0,2,5.05,0,0,0
3359.91,20,0,0,2.36,0,0,0
762.81,10,0,0,1.2,0,0,0
388.67,20,0,2,5.49,0,1,0
644.13,6,0,2,3.34,0,0,0
8295.18,7,0,5,2.09,1,0,0
5573.62,17,0,0,0.62,0,0,0
1458.58,9,0,1,3.19,0,1,0
3473.1,11,0,0,1.99,0,1,0
2526.0,8,0,0,5.32,0,0,0
3677.56,11,0,1,4.98,0,1,0
3733.01,10,0,0,3.68,0,1,0
3230.68,17,0,2,0.62,0,0,0
1050.03,17,1,1,3.42,0,1,0
187.32,21,0,2,9.36,0,1,0
2005.63,17,0,2,2.54,0,0,0
7151.74,17,1,1,2.47,0,0,0
20530.6,17,1,2,6.53,0,0,0
5775.59,19,1,1,2.62,0,1,0
15363.76,10,0,1,5.4,0,0,0
631.74,10,0,0,3.8,0,0,0
22152.77,17,0,0,6.83,0,0,0
3649.63,9,0,1,10.8,0,0,0
12571.35,20,1,2,10.45,0,0,0
28000.0,14,0,1,3.31,1,1,1
3773.68,10,0,3,6.74,0,0,0
953.45,18,0,3,6.34,0,0,0
5187.18,11,1,0,1.89,0,1,0
422.24,22,0,0,3.72,0,0,0
4915.4,23,2,1,6.78,0,1,1
22922.06,16,0,0,2.72,0,1,1
1604.37,8,1,0,2.61,0,0,0
3247.11,10,0,1,2.23,0,0,0
1859.58,14,1,2,8.62,0,1,0
18422.38,19,0,0,4.97,0,1,1
1249.12,9,1,1,9.42,0,1,0
4655.29,7,0,1,6.55,0,1,0
8865.23,6,0,0,1.05,0,0,0
9103.21,14,0,1,7.56,0,0,0
674.74,20,0,1,2.13,0,0,0
6707.66,5,0,1,4.99,0,0,0
4339.18,9,0,1,1.06,0,0,0
17561.74,17,0,4,3.15,1,0,1
282.9,18,0,1,5.62,0,0,0
1058.31,18,0,0,11.64,0,0,0
7844.92,18,0,0,8.41,0,0,0
3269.22,8,0,2,9.01,1,0,0
4145.57,12,0,1,6.4,0,0,0
1011.25,23,0,2,12.01,0,0,0
4126.51,23,0,1,3.67,0,0,0
151.28,15,0,0,5.15,0,1,0
1565.66,17,0,1,16.28,0,0,0
3213.65,21,0,4,1.44,0,0,0
19760.69,13,1,1,3.34,1,0,0
5601.2,8,0,1,4.15,0,1,0
917.35,16,1,3,4.14,0,1,0
19379.5,22,0,0,2.88,0,1,0
1722.48,17,0,1,3.63,0,0,0
2960.63,18,0,0,8.95,0,0,0
14723.8,12,0,0,6.32,0,0,0
114.58,7,0,3,12.65,0,1,0
7749.98,8,1,0,4.32,0,1,0
16077.18,23,0,1,6.44,0,1,1
5541.62,14,0,1,3.53,0,1,0
23544.8,0,0,0,2.95,0,1,0
820.11,21,1,1,10.61,0,0,0
1045.97,14,1,1,6.28,0,0,0
3539.22,19,0,0,4.71,0,1,0
10828.99,15,1,0,2.23,1,1,0
7979.14,7,0,0,2.29,0,0,0
2296.53,16,0,0,0.38,2,0,0
19850.77,23,0,0,7.82,1,0,0
526.84,4,0,0,9.81,0,0,0
12192.79,19,0,1,3.19,1,1,0
10729.11,10,2,0,3.13,0,1,0
632.17,12,1,0,16.44,0,0,0
1198.72,12,1,2,7.1,1,0,0
397.7,20,0,0,2.78,0,1,0
1074.61,14,0,1,4.08,0,1,0
5476.25,13,0,2,3.73,0,1,0
1581.03,18,1,0,7.35,0,0,0
356.16,5,2,2,6.32,1,1,1
1400.46,7,0,0,5.12,0,1,0
12807.83,2,0,2,2.52,0,0,0
3238.87,17,0,1,0.58,0,1,0
1782.02,14,0,1,3.04,0,1,0
642.94,19,0,0,4.26,1,0,0
13760.5,14,0,0,0.61,2,0,0
24415.76,9,0,1,6.48,0,0,0
1117.79,18,1,0,9.74,1,1,0
292.46,10,1,1,1.85,0,1,0
17009.25,21,0,0,2.92,1,0,0
470.44,10,0,0,3.66,1,1,0
2841.86,8,0,0,4.59,0,0,0
8513.6,14,1,2,1.12,0,0,0
2257.3,5,0,0,4.61,0,0,0
5983.72,4,0,2,8.18,0,1,1
1949.24,14,1,0,1.96,0,0,0
4005.61,9,1,1,4.82,0,0,0
4272.14,0,1,2,5.53,0,1,0
19340.62,10,1,0,9.72,1,1,1
1494.2,13,0,1,6.54,2,1,1
3305.39,12,1,0,15.44,2,1,1
294.62,8,0,0,13.66,2,0,0
1495.83,15,0,0,2.12,0,0,0
2508.92,17,0,0,5.72,0,0,0
17913.51,16,0,2,3.93,1,0,0
2119.1,12,0,3,2.65,0,0,0
21807.77,8,2,1,3.61,0,1,1
1870.41,14,0,2,2.2,0,0,0
5152.97,20,2,2,17.2,0,1,1
2955.66,13,0,1,3.05,0,0,0
27143.62,9,0,0,1.26,0,0,0
1753.54,7,0,2,3.91,0,1,0
3026.75,21,0,1,3.85,1,0,0
3241.77,17,0,0,1.67,0,0,0
1788.72,11,3,1,2.43,0,0,0
21426.88,10,0,1,4.49,2,1,1
374.34,20,1,2,1.79,0,0,0
113.8,9,0,3,7.88,0,1,0
6676.91,14,0,0,1.67,0,0,0
923.39,17,2,1,4.4,0,1,0
820.42,12,0,2,3.94,0,0,0
4322.21,5,0,0,7.21,0,0,0
1294.2,9,0,2,2.7,1,0,0
2316.99,20,2,2,2.75,0,0,0
627.51,14,0,2,2.52,0,1,0
10340.12,18,0,0,3.26,0,0,0
6164.7,15,0,0,2.76,0,0,0
6439.38,21,2,0,5.58,0,0,0
20089.71,20,0,1,4.21,0,1,0
4658.41,13,0,1,0.63,0,1,0
557.09,11,0,0,9.33,0,0,0
87.7,15,0,2,3.33,0,0,0
124.56,16,0,0,15.03,0,0,0
2886.7,14,0,1,7.13,0,0,0
2004.62,18,0,2,3.64,2,1,1
2395.5,9,0,0,6.62,0,1,0
83.97,11,0,0,4.81,0,0,0
1817.98,17,2,1,6.62,1,0,0
4111.49,10,0,2,4.84,2,1,0
21841.35,13,0,2,4.59,0,0,0
21339.74,22,0,1,4.75,0,1,1
908.94,16,0,0,4.87,0,1,0
5427.7,21,0,0,9.79,0,1,0
2900.89,17,1,1,7.32,0,1,0
21294.37,17,0,1,6.07,1,0,0
924.42,15,1,3,5.59,0,0,0
3224.62,8,1,1,18.57,0,0,0
5729.13,14,0,0,6.05,0,0,0
1779.09,10,0,1,4.12,1,1,0
1016.2,23,0,1,6.58,0,1,0
6515.98,10,2,1,1.31,0,0,0
3600.63,9,0,0,2.81,0,1,0
1961.96,16,0,0,3.7,0,0,0
2201.55,14,1,0,8.31,0,0,0
791.13,1,0,2,7.11,0,0,0
3214.07,8,0,1,4.22,0,0,0
1481.84,18,0,1,3.09,3,0,0
17456.71,13,0,2,5.66,0,1,1
2153.69,8,0,1,0.39,0,0,0
2188.99,13,0,3,3.38,0,0,0
2729.98,10,0,2,4.43,0,0,0
8015.13,9,1,1,0.47,1,0,0
5223.32,21,0,0,8.54,0,0,0
1979.66,11,0,0,8.93,0,0,0
4118.66,5,0,1,3.0,0,1,0
2883.87,22,0,1,2.77,4,1,1
2229.59,18,1,3,6.63,0,0,0
743.47,10,0,1,3.35,0,0,0
2055.21,12,0,1,9.8,0,1,0
962.79,19,1,0,1.78,0,1,0
27595.09,11,0,0,9.87,0,0,0
1367.46,15,0,2,18.4,0,0,0
9794.62,14,0,0,7.07,0,0,0
2496.94,12,3,2,9.52,0,0,0
24189.22,16,1,2,5.31,0,0,0
2565.41,13,0,1,1.89,0,0,0
503.36,1,0,3,3.61,0,0,1
19552.97,18,1,1,1.85,0,0,0
394.12,8,0,2,5.61,0,0,0
3181.24,13,0,4,6.9,0,0,0
1954.94,15,0,1,9.14,0,1,0
4876.03,17,0,1,0.75,0,0,0
857.01,12,1,0,1.62,0,1,0
635.37,17,0,0,5.79,0,1,0
1728.59,8,0,0,0.9,0,0,0
27650.88,16,0,1,8.83,0,1,1
4025.86,18,1,0,5.43,0,1,0
1797.19,20,1,2,3.03,0,0,0
19733.51,15,0,1,9.71,2,0,1
341.51,11,1,0,7.47,0,0,0
13409.84,8,0,0,0.8,0,0,0
3573.07,11,1,1,3.0,0,0,0
1135.32,14,0,1,3.19,0,0,0
2880.57,9,0,1,3.17,0,0,0
15504.01,21,0,1,7.75,0,1,0
10865.13,20,0,1,5.1,0,1,0
674.76,4,1,2,1.71,0,0,0
3401.47,15,1,0,6.3,0,0,0
961.25,18,0,1,6.53,0,0,0
4105.74,10,0,1,6.67,0,1,0
4859.3,14,2,0,2.69,0,1,0
19479.1,12,0,1,1.07,0,1,1
3110.28,9,0,2,12.57,0,0,0
7195.93,16,1,0,7.65,1,1,0
322.05,23,0,3,5.94,0,1,0
1345.9,11,0,2,5.38,0,1,0
973.28,15,0,1,3.03,3,1,1
28000.0,11,0,2,3.95,0,0,0
1638.55,19,0,0,6.69,0,0,0
4280.98,19,0,0,6.66,0,0,0
3753.79,9,0,3,0.78,0,1,0
822.75,20,0,1,1.58,0,0,0
933.98,8,0,2,2.85,0,1,0
1116.93,7,0,0,1.29,0,1,0
1754.54,16,0,0,3.44,0,0,0
914.39,12,0,0,3.17,1,1,0
123.51,14,1,1,2.43,0,0,0
6828.7,16,0,4,1.17,0,0,0
10843.95,6,0,0,3.78,0,0,0
1397.27,10,1,0,2.36,0,1,0
1382.42,13,0,1,9.15,1,1,0
82.77,10,0,3,4.23,0,0,0
3708.7,5,0,2,8.69,1,0,0
5645.56,7,0,1,4.82,1,0,0
567.32,18,3,2,7.71,0,0,0
616.66,20,0,1,2.56,0,0,0
18502.93,8,1,1,1.92,0,1,1
3125.18,10,0,3,9.12,0,0,0
206.87,16,0,0,10.69,0,1,0
3177.79,21,2,1,5.02,0,0,0
1242.39,10,2,2,3.97,0,0,0
1532.04,19,1,0,1.87,1,0,0
22491.07,14,0,1,5.48,0,1,0
5390.13,21,0,1,0.14,0,0,0
1696.54,8,0,1,4.52,0,0,0
25449.0,22,0,2,4.01,1,0,0
1729.3,13,0,1,0.75,0,0,0
4788.61,21,0,0,2.62,0,0,0
2176.51,13,1,0,2.77,0,0,0
7350.27,14,0,0,3.02,0,1,0
7686.8,18,0,0,1.59,0,0,0
352.72,17,2,0,33.89,1,1,1
8881.15,16,0,0,0.73,0,0,0
5647.3,12,0,0,2.09,0,0,0
21167.65,18,0,1,6.35,2,1,1
777.71,21,0,1,4.65,0,1,0
25369.74,0,0,2,4.9,1,1,1
6133.62,15,0,1,1.39,1,1,0
1152.14,19,0,1,1.27,0,0,0
9794.36,16,0,1,3.36,0,1,0
223.67,18,0,1,1.24,0,0,0
579.72,20,0,1,7.96,1,0,0
2528.11,17,1,1,12.66,0,1,0
2804.1,17,0,1,2.73,0,1,0
3375.39,22,0,5,3.54,1,1,0
114.77,19,1,0,3.35,0,0,0
10389.88,18,0,1,3.44,0,0,0
205.96,7,0,1,3.43,0,0,0
554.05,10,1,0,0.8,0,1,0
105.16,15,0,0,13.25,0,1,0
2737.41,17,1,3,6.09,0,0,0
8674.98,10,1,3,4.21,0,0,0
3568.66,7,0,1,5.01,0,1,0
25425.53,11,0,3,8.76,1,0,0
102.78,18,0,0,4.45,0,0,0
2558.94,19,0,1,3.88,0,0,0
19819.95,20,1,1,11.87,0,0,0
2271.47,12,0,2,2.04,0,1,0
299.85,12,0,3,1.2,0,0,0
3750.85,12,0,1,7.27,0,1,0
2298.75,12,0,1,3.73,0,0,0
4696.17,16,0,0,7.85,0,1,0
2185.29,11,0,0,5.58,0,0,0
577.73,1,1,0,1.54,0,0,0
3403.53,13,0,1,3.02,0,0,0
665.47,9,0,3,3.68,0,1,0
6648.2,3,0,0,2.96,0,1,1
3098.82,13,0,0,5.1,0,0,0
607.3,9,0,2,11.76,3,0,0
10553.14,13,0,0,7.24,0,0,0
2397.82,10,0,0,21.76,1,0,0
302.21,15,0,1,0.75,0,0,0
3214.33,23,0,0,7.05,0,0,0
994.26,14,1,0,7.9,0,0,0
5269.85,16,0,2,3.98,0,1,0
5508.87,20,0,1,1.38,0,0,0
12414.33,12,0,3,3.19,0,1,0
2290.06,8,1,1,0.29,0,0,0
2002.05,10,0,2,4.78,2,1,1
4540.94,12,0,1,14.69,0,1,0
514.74,16,1,2,2.73,3,0,1
2593.37,0,1,0,4.62,0,0,0
2588.65,19,2,1,9.57,0,1,1
15543.29,7,0,0,2.35,0,0,0
1792.02,20,0,1,4.08,0,0,0
6201.64,21,0,2,5.91,0,1,0
6264.83,23,0,0,2.48,1,0,0
394.44,18,3,1,3.43,0,0,0
364.33,8,0,1,0.41,0,0,0
1035.21,17,0,1,4.63,0,0,0
6708.23,9,0,4,7.69,0,1,0
501.6,20,0,0,2.98,0,0,0
4133.45,11,0,1,1.75,1,0,0
401.3,11,0,2,0.14,0,1,0
3182.8,20,0,4,8.45,0,1,0
1468.52,0,0,0,4.84,0,0,0
5037.57,9,0,2,1.85,0,0,0
911.74,12,0,2,6.01,0,0,0
3322.2,17,1,2,8.34,0,0,0
920.07,16,0,4,5.28,0,0,0
4061.84,16,0,1,1.98,0,1,0
6680.55,19,0,0,3.35,0,1,0
493.9,8,1,2,1.08,0,0,0
6505.99,14,0,2,1.89,0,1,0
2941.14,17,3,1,3.98,1,1,1
495.03,16,0,1,2.03,0,0,0
1845.01,13,0,1,5.31,0,1,0
17424.86,1,0,1,12.89,0,0,1
3916.43,6,0,0,5.87,0,0,0
4611.72,8,0,1,0.86,0,0,0
417.83,11,0,3,2.93,0,0,0
18583.96,8,0,0,3.52,0,1,0
21282.14,12,0,0,15.22,0,0,0
8864.55,9,0,2,3.48,1,0,0
2365.78,18,1,2,6.04,3,0,0
9664.26,19,0,1,2.03,0,1,0
2515.04,12,0,1,2.17,0,1,0
1663.81,14,0,1,11.12,0,1,0
19914.96,21,0,0,3.03,0,1,0
2233.47,14,0,1,2.16,0,0,0
2103.12,23,0,1,5.83,1,1,0
2216.66,8,0,1,5.44,0,1,0
6062.92,19,0,2,10.61,0,1,0
5767.02,14,0,2,6.99,0,0,0
19058.38,2,1,2,2.34,0,1,1
1357.33,22,0,2,4.0,0,1,0
2226.82,22,2,1,1.0,0,0,0
2781.4,12,4,0,3.49,0,1,0
931.2,21,1,2,6.09,0,0,0
5114.92,8,0,1,2.5,0,1,0
2192.71,16,0,0,3.05,0,0,0
1360.91,9,0,1,7.6,0,0,0
421.5,10,3,4,15.22,0,1,1
933.34,18,0,3,4.53,0,0,0
9600.67,12,0,1,5.59,0,1,0
1224.76,0,2,1,5.86,0,1,0
651.86,12,1,2,5.79,1,1,0
2035.79,9,0,1,1.07,0,1,0
16648.58,17,0,1,3.94,0,0,0
174.54,9,0,1,3.13,0,0,0
1308.96,19,0,0,3.01,1,1,0
2573.6,10,2,0,6.3,2,1,1
20913.89,12,1,1,11.82,1,1,1
1470.96,10,0,1,11.59,0,1,0
1957.42,16,0,1,3.87,0,1,0
10835.41,7,0,0,4.62,1,0,0
1576.06,13,0,1,2.31,0,0,0
1015.88,11,0,1,0.37,0,0,0
952.83,20,0,1,12.42,0,1,0
2018.58,6,2,0,1.21,1,0,0
4620.38,19,2,0,3.75,0,1,0
798.1,8,0,2,2.01,0,0,0
4013.44,7,0,1,2.89,4,0,1
15682.04,9,0,0,3.4,0,0,0
1797.25,7,0,0,13.03,0,0,0
4845.62,14,0,1,1.44,0,0,0
17832.82,23,0,1,2.48,1,0,0
2714.43,4,0,0,5.65,0,0,0
794.04,13,0,3,3.8,0,0,0
4395.29,12,1,1,4.57,0,0,0
13650.71,11,3,3,2.05,0,0,0
6185.49,11,0,1,1.37,1,0,0
766.85,20,0,0,4.81,0,0,0
27639.14,1,0,1,3.77,0,0,1
18511.86,18,0,2,3.13,2,0,1
4164.31,10,0,0,1.09,0,0,0
14484.38,12,0,1,23.13,0,1,0
24953.11,12,0,1,2.19,0,1,1
493.29,11,0,5,2.12,0,1,0
689.27,7,0,2,3.54,0,0,0
22196.6,8,0,3,0.17,0,0,0
333.57,10,0,1,3.21,0,0,0
758.02,18,0,0,9.8,0,0,0
9270.37,8,0,2,7.79,0,1,0
12061.01,17,0,2,1.97,0,1,0
20750.88,10,0,0,3.02,0,0,0
26883.8,19,2,2,3.44,0,0,1
2578.63,12,1,2,5.28,0,0,0
1065.95,9,0,2,2.66,0,0,0
18054.12,23,0,0,6.17,0,0,1
3501.87,9,0,1,7.74,1,0,0
14528.22,15,0,0,1.32,0,0,0
1045.44,15,1,1,4.66,0,0,0
3627.75,12,0,0,9.99,2,0,0
230.96,21,0,1,8.96,0,0,0
446.04,19,1,0,6.98,0,1,0
72.56,19,0,2,7.8,0,1,0
24140.65,22,0,1,4.1,0,1,1
5246.79,13,0,1,7.36,0,1,0
5004.52,7,0,1,5.21,0,0,0
2340.93,18,0,2,1.5,0,0,0
1201.67,12,0,0,1.77,0,1,0
584.82,9,0,0,0.83,1,0,0
1132.06,13,0,3,11.3,0,1,0
1568.99,20,0,4,2.68,0,1,0
4577.95,9,3,2,18.46,0,1,1
2542.54,19,1,2,3.5,0,0,0
318.08,12,0,0,3.66,0,0,0
118.22,8,1,1,2.39,0,1,0
405.46,19,2,1,0.74,0,0,0
1751.13,22,1,0,14.1,0,1,0
8719.03,10,1,2,2.29,0,0,0
3306.28,10,1,0,1.29,0,1,0
5239.55,12,0,1,7.55,0,0,0
2069.8,18,0,0,5.78,0,1,0
1496.46,0,0,5,4.58,0,0,0
427.16,9,0,4,2.32,0,0,0
6738.19,17,4,1,3.06,0,0,0
23213.4,12,0,1,8.11,0,1,1
649.01,11,2,3,3.81,0,1,0
2357.52,19,1,1,0.92,0,0,0
2198.27,20,0,0,1.14,0,0,0
3199.43,21,0,0,6.49,0,0,0
9411.16,10,0,2,3.77,0,0,0
2834.26,20,0,0,0.1,0,0,0
2546.4,17,1,0,6.97,0,0,0
225.23,8,3,0,7.83,0,1,0
267.91,15,0,0,1.43,0,0,0
723.84,3,0,0,1.1,0,0,0
165.63,17,0,2,9.48,0,0,0
4412.17,17,0,2,14.95,0,0,0
23302.17,18,1,1,1.99,2,0,1
527.99,9,0,1,2.49,0,1,0
5846.78,16,0,1,13.94,0,0,0
598.13,9,0,1,1.88,0,0,0
1206.74,21,0,2,4.13,0,0,0
976.22,16,0,2,3.77,0,0,0
1550.25,7,0,3,1.21,0,0,0
1000.54,9,0,1,2.84,0,0,0
2208.13,16,0,2,1.02,0,1,0
1734.4,13,0,0,8.34,0,1,0
13852.72,17,0,0,4.16,0,0,0
244.16,10,2,1,9.6,0,1,1
550.76,16,0,1,1.52,0,0,0
233.67,9,0,2,7.29,2,0,0
3205.84,14,0,1,1.32,0,0,0
239.36,21,1,3,2.09,0,1,0
23433.19,16,0,1,0.78,2,1,1
2355.41,5,0,1,2.34,0,1,0
2455.76,23,0,0,3.59,0,1,0
2698.76,8,1,2,5.21,0,0,0
659.39,17,0,0,8.31,0,0,0
764.83,14,2,3,3.47,0,1,0
1288.56,10,0,3,2.39,1,0,0
2940.52,9,0,2,3.17,0,1,0
20956.78,9,0,0,3.29,0,0,1
15671.67,19,0,2,4.22,0,0,0
11293.48,19,0,1,2.3,0,1,0
131.13,13,0,0,5.2,0,0,0
20190.81,7,0,2,3.04,0,0,0
24980.83,20,0,1,3.13,0,0,0
1188.65,14,0,1,7.05,0,0,0
526.4,13,0,2,0.64,1,1,0
563.65,12,0,3,1.78,0,1,0
3885.43,11,0,1,7.15,1,1,0
3354.33,14,0,1,7.52,0,0,0
4945.4,15,0,0,7.86,0,0,0
8931.32,13,0,1,8.59,0,0,0
3827.74,20,0,0,11.99,0,0,0
602.17,11,0,0,6.93,0,1,0
952.73,15,0,1,13.03,0,1,0
5968.44,10,0,1,9.71,0,0,0
811.5,17,0,3,0.41,0,0,0
300.92,7,0,2,1.29,0,0,0
3947.89,9,1,0,3.67,0,0,0
1708.14,18,1,0,8.03,0,0,0
8143.93,9,3,0,7.64,1,0,0
3421.76,16,0,2,7.19,0,1,0
18366.45,22,0,1,2.6,0,0,0
9512.02,14,2,1,6.43,2,0,1
1017.3,9,0,0,6.08,0,1,0
1376.16,11,0,0,4.47,0,1,0
1706.72,18,0,1,3.75,0,0,0
228.27,11,0,3,2.73,0,1,0
2255.85,17,0,1,2.14,0,1,0
481.16,18,1,2,4.67,0,0,0
14711.4,14,3,3,11.42,0,1,1
1442.0,18,0,2,0.74,0,0,0
4802.72,11,1,0,7.44,0,0,0
5261.34,14,0,1,13.36,0,0,0
592.93,17,0,2,11.96,0,0,0
17346.09,8,0,0,2.41,0,1,1
21418.44,10,0,0,3.15,1,0,0
585.37,16,0,1,2.77,0,1,0
5185.55,16,0,1,16.52,0,1,0
3990.76,14,0,1,3.97,0,0,0
735.82,18,0,1,3.06,0,0,0
1521.91,13,1,2,2.56,0,1,0
417.86,19,0,0,8.28,0,0,0
3226.13,17,0,1,6.49,1,0,0
474.06,11,0,0,11.6,0,0,0
13704.82,12,2,0,5.24,0,1,1
4915.15,16,0,1,27.9,0,0,0
1643.0,20,0,0,10.89,0,1,0
2825.08,9,0,0,4.69,0,1,0
7813.49,14,0,1,2.85,0,1,0
2644.51,8,0,1,4.31,3,0,0
673.65,10,1,1,7.15,0,0,0
14801.59,17,0,0,6.25,0,0,0
5987.78,7,2,3,2.13,0,0,0
3366.95,16,0,4,11.63,0,0,0
3426.06,20,0,0,1.49,0,0,0
6511.41,22,0,2,1.24,0,0,0
7241.0,9,0,2,5.69,0,0,0
8134.05,17,0,2,10.61,0,1,0
378.89,21,0,0,3.34,0,0,0
15599.71,7,3,3,7.18,1,1,1
19626.99,12,0,0,2.89,0,0,1
4586.06,20,0,3,13.98,0,0,0
3046.32,9,0,2,10.46,2,0,0
20955.89,21,0,3,9.19,1,1,0
5169.19,14,0,1,3.94,0,0,0
24346.58,7,0,0,9.93,0,1,1
348.23,13,0,3,3.45,0,1,0
2054.45,11,1,0,0.57,0,1,0
17821.72,10,0,0,5.86,0,0,0
1377.44,14,0,1,2.09,1,1,0
118.39,13,0,0,7.34,0,0,0
1696.4,13,0,0,10.22,0,1,0
20040.24,7,0,1,2.07,0,1,0
3152.76,18,0,1,3.69,0,0,0
3545.21,13,0,2,1.16,0,1,0
5850.93,18,0,0,9.24,0,1,0
836.52,18,3,0,4.5,0,0,0
470.82,11,0,0,1.35,0,0,0
6163.75,0,0,2,5.66,0,0,0
16261.12,20,0,2,11.66,0,0,0
11833.85,18,0,0,6.39,0,1,0
5975.43,7,0,2,9.6,1,1,0
2283.69,17,0,2,3.5,0,1,0
12814.39,1,1,1,4.91,0,1,1
387.84,3,0,2,1.16,0,0,0
16165.3,14,0,1,3.84,0,1,1
3313.54,7,0,1,8.59,0,1,0
1438.54,22,0,0,6.62,0,1,0
8496.09,20,0,0,4.44,0,0,0
277.21,16,2,2,6.96,0,0,0
2611.04,6,0,3,7.54,0,1,0
2919.88,11,2,1,1.28,0,1,1
3444.47,12,0,1,6.68,1,1,0
1004.85,13,0,1,5.43,0,0,0
1511.03,8,0,0,1.31,0,0,0
25520.51,15,0,1,2.76,0,0,0
753.89,13,0,1,0.85,1,0,0
5671.84,21,4,2,4.87,0,0,0
2706.51,21,1,0,3.13,0,0,0
18506.43,15,0,0,1.1,0,0,0
4061.25,16,0,1,4.02,0,0,0
804.25,8,0,1,4.26,0,1,0
2751.88,9,1,1,4.36,0,1,0
23431.98,20,0,0,2.58,0,0,0
1870.68,17,0,0,6.25,0,1,0
10936.55,9,0,1,3.11,0,0,0
20061.17,15,0,0,4.44,0,1,1
553.02,21,0,0,6.68,0,0,0
1638.78,11,0,2,8.91,1,0,0
9757.2,9,0,1,3.46,0,0,0
1292.81,21,0,1,4.06,0,0,0
6542.23,13,0,2,3.87,0,0,0
6878.37,12,0,1,4.03,0,1,0
15268.87,10,0,0,2.49,0,0,0
338.17,20,0,0,8.76,0,0,0
4186.01,19,0,2,0.71,2,1,0
1254.43,12,0,1,3.08,0,0,0
4948.02,3,0,2,1.35,0,0,0
1930.63,13,0,1,6.37,1,1,0
2185.14,9,0,1,18.23,0,0,0
4874.94,8,1,3,9.13,0,0,0
1601.94,12,0,2,0.75,0,0,0
1933.34,7,0,0,3.75,0,0,0
1570.11,21,1,0,7.43,1,1,0
1525.03,5,0,0,6.59,0,0,0
2448.59,12,0,1,4.59,0,1,0
5354.18,8,0,1,6.77,0,0,0
1496.97,17,2,2,4.73,0,0,0
2437.19,7,0,1,8.64,0,1,0
3614.78,14,0,2,11.91,0,0,0
1064.62,18,0,1,2.39,0,0,0
1100.22,21,0,1,4.0,0,0,0
8729.59,17,0,1,8.11,0,1,0
21331.0,7,0,0,2.36,2,1,1
2814.64,7,0,1,2.28,0,0,0
3398.65,17,0,0,8.06,0,0,0
155.16,9,0,3,0.4,0,1,0
3140.33,13,0,1,1.7,0,1,0
2339.51,22,0,2,4.53,1,0,0
2585.14,18,0,2,9.99,1,0,0
1485.24,19,0,0,1.79,0,1,0
331.95,19,0,0,1.7,0,0,0
747.53,16,0,0,2.34,0,1,0
9694.36,17,0,1,8.25,0,0,0
1741.38,11,0,0,9.33,0,0,0
19691.82,23,0,1,3.93,0,1,1
233.28,10,0,3,2.77,0,1,0
182.53,15,1,0,5.34,0,0,0
4101.44,10,0,4,7.82,0,1,0
2531.66,7,1,2,2.58,1,0,0
2334.28,15,0,1,1.19,0,1,0
951.38,11,0,0,1.16,0,0,0
4429.65,15,1,0,1.84,0,0,0
649.46,15,0,0,6.13,0,0,0
734.05,14,2,1,3.73,0,1,1
2036.02,8,0,0,0.97,0,1,0
1139.25,13,0,2,0.57,0,1,0
969.78,18,0,0,5.97,0,0,0
3376.18,11,0,0,1.38,0,0,0
3428.33,13,1,2,5.21,0,0,0
5628.68,14,0,0,8.84,0,0,0
1790.51,19,0,2,2.58,0,0,0
302.86,16,1,1,11.0,0,0,0
1083.19,7,3,0,1.55,0,1,1
12579.35,19,0,1,6.29,0,0,0
2962.34,19,0,1,13.8,0,1,0
4018.3,17,0,1,1.66,1,0,0
83.63,13,0,2,7.32,1,0,0
2396.76,17,3,0,1.4,0,1,1
182.4,13,1,3,7.51,1,1,0
2754.98,17,0,1,4.77,0,0,0
27113.28,19,0,0,9.29,0,1,1
11116.65,20,0,1,4.99,0,1,0
2548.74,13,0,2,1.94,0,1,0
2021.18,19,0,0,2.22,0,0,0
9342.35,7,0,0,0.83,0,1,0
18521.61,7,0,0,5.16,0,0,0
15621.34,15,0,1,10.24,0,0,0
2065.91,16,0,0,7.45,0,0,0
939.23,8,0,0,2.13,0,0,0
19646.6,13,1,1,5.33,0,0,0
2005.04,7,0,0,11.41,0,0,0
2852.39,15,0,1,2.05,0,0,0
1472.01,19,0,1,9.81,0,1,0
634.24,17,1,1,6.45,1,0,0
2301.96,12,1,2,3.31,0,0,0
5734.08,23,0,0,6.01,2,0,1
3550.18,16,0,1,5.41,0,0,0
1381.75,18,0,4,1.99,0,0,0
8832.63,16,0,3,3.21,0,0,0
7844.9,23,0,2,9.2,0,1,0
811.67,18,0,1,4.7,0,1,0
188.69,14,0,2,4.8,0,0,0
4386.78,11,0,2,6.89,0,0,0
5685.59,16,0,1,1.93,0,0,0
11060.95,15,0,3,12.42,0,0,0
7118.52,16,0,2,2.9,1,1,0
23861.42,11,0,1,1.23,0,1,0
2476.43,12,1,1,4.41,0,1,0
150.36,15,0,1,4.24,0,1,0
966.35,19,0,0,12.31,0,0,0
2029.51,18,0,0,4.22,0,0,0
3228.69,8,0,1,4.08,1,0,0
2667.21,10,0,0,2.59,1,0,0
19143.19,3,0,0,3.36,0,1,1
1110.18,0,1,3,11.45,0,1,0
2723.36,9,1,3,3.33,0,1,0
355.27,18,1,3,5.61,0,0,0
1768.37,20,0,1,2.47,0,0,0
4498.2,12,0,1,10.4,1,0,0
3843.09,15,0,1,3.27,0,0,0
28000.0,17,0,1,4.08,0,1,1
1101.85,21,0,1,4.19,0,0,0
2266.5,20,1,3,6.42,0,0,0
1339.29,6,0,1,4.56,0,1,0
1918.87,10,0,1,3.07,0,1,0
24997.34,5,0,1,13.69,0,0,0
3748.56,16,0,1,4.24,0,1,0
6910.61,17,0,2,20.26,0,0,0
788.13,11,0,0,1.88,0,0,0
6672.53,19,0,0,1.34,0,0,0
19865.85,13,0,5,3.22,0,1,1
20799.92,23,0,1,3.36,0,1,1
1337.11,0,0,3,1.45,0,0,0
1268.75,7,0,2,1.29,0,1,0
2356.39,10,1,0,4.22,0,0,0
9099.94,2,0,1,5.98,0,0,0
216.67,18,3,1,3.78,0,0,0
1449.51,6,0,0,4.79,0,0,0
6274.15,17,2,0,7.0,1,1,0
1673.67,6,0,1,1.93,0,0,0
770.69,10,0,0,7.61,0,1,0
1829.69,19,0,0,4.32,0,1,0
1618.5,21,3,0,3.29,0,1,1
7964.04,12,1,1,6.56,0,0,0
4652.67,22,0,1,2.0,0,0,0
2310.98,16,0,1,10.93,0,0,0
14313.49,12,0,3,1.01,0,1,0
17466.59,18,0,1,5.78,0,1,1
252.01,10,0,0,6.78,0,1,0
1033.39,10,0,0,9.29,0,0,0
1893.04,16,0,2,6.46,1,1,0
606.15,12,1,1,12.32,0,1,0
9494.19,8,0,0,15.52,0,1,0
4719.42,6,0,1,11.39,0,0,0
1059.58,18,0,2,5.3,0,0,0
16381.29,16,0,1,6.37,0,1,1
4150.09,12,0,0,1.45,0,0,0
9131.86,20,0,1,3.86,0,0,0
22861.13,12,2,0,5.41,0,1,1
2376.81,17,0,1,3.7,0,0,0
4828.36,20,0,3,3.9,0,0,0
23553.09,19,0,1,4.27,0,0,0
2634.51,14,0,0,0.82,0,1,0
450.0,16,0,2,4.28,0,0,0
491.46,12,0,0,3.07,0,1,0
2472.9,16,0,2,4.6,0,1,0
1062.09,10,0,2,2.91,0,1,0
128.04,13,1,2,2.54,0,1,0
4166.1,9,0,1,6.05,0,0,0
165.68,4,0,0,4.94,0,0,0
2954.57,15,0,0,3.68,0,1,0
2539.29,19,0,1,8.81,0,0,0
11156.99,2,0,1,1.54,0,1,0
2178.6,9,0,0,1.92,0,0,0
270.29,13,0,0,0.43,0,0,0
2627.25,16,0,1,5.7,0,0,0
5946.26,9,0,2,5.08,0,0,0
18492.4,6,1,3,3.0,0,1,1
1860.71,14,0,1,0.68,0,0,0
15137.71,18,0,1,1.28,0,0,0
7648.59,4,0,2,11.6,0,0,0
739.22,11,1,1,1.49,0,0,0
3118.01,16,1,1,1.67,0,1,0
1725.26,8,1,2,2.33,0,1,0
194.24,10,0,0,0.47,0,0,0
1425.18,14,0,0,5.71,0,0,0
18545.21,21,0,1,10.99,0,0,0
3767.69,10,1,3,1.25,0,1,0
9569.86,14,1,0,7.98,0,0,0
14107.09,12,0,0,6.86,0,1,0
5399.13,20,0,1,2.26,0,0,0
242.24,6,0,4,3.8,0,0,0
2531.85,15,0,1,6.83,0,1,0
18995.58,19,1,0,7.9,1,1,1
8759.52,23,0,1,4.24,0,0,0
4712.6,17,0,1,5.99,0,0,0
3492.95,12,0,0,2.33,0,0,0
5617.38,12,0,3,0.37,0,0,0
3396.83,11,0,2,4.38,0,0,0
11170.32,15,2,1,2.77,0,1,0
4065.17,17,3,3,2.16,0,1,1
8334.32,18,0,3,1.13,0,1,0
2389.64,12,0,1,2.14,0,1,0
458.41,17,0,0,5.12,0,0,0
2463.69,20,0,0,4.82,0,0,0
494.16,20,2,1,9.2,0,0,0
2932.63,17,0,2,2.32,0,1,0
2167.94,16,0,3,7.16,0,0,0
3178.03,14,1,0,5.27,0,0,0
92.31,9,0,1,2.68,0,1,0
753.49,8,0,3,2.02,0,0,0
2223.06,13,0,0,15.69,0,0,0
9678.73,8,2,2,6.21,0,0,1
1608.4,15,1,1,3.08,0,0,0
1827.34,16,1,2,4.37,0,1,0
4073.44,14,2,4,4.6,1,1,0
3022.62,4,0,1,3.75,0,0,0
1196.45,6,0,2,3.64,0,1,0
1752.86,8,0,1,4.07,0,0,0
845.65,8,1,1,3.09,0,1,0
10882.48,23,0,1,5.75,0,1,0
507.97,11,1,0,3.26,0,0,0
1547.86,10,0,0,2.7,1,1,0
14721.31,5,1,0,1.69,1,0,0
14899.06,16,0,1,3.61,1,1,0
20608.21,16,0,1,7.02,1,0,0
778.76,9,0,2,6.58,0,1,0
327.04,20,0,0,5.5,1,1,0
2118.61,18,0,0,4.89,1,1,0
92.06,9,0,2,3.06,0,0,0
343.44,13,0,1,11.98,1,0,0
5334.6,13,0,1,18.56,0,0,0
4783.53,11,0,3,0.6,0,0,0
7953.56,18,0,0,4.26,0,0,0
25396.95,7,1,0,10.29,1,0,0
3738.1,12,0,0,1.27,0,1,0
232.01,12,0,0,11.05,0,1,0
4946.91,13,1,1,9.3,0,1,0
6036.42,19,3,1,10.02,0,0,0
5195.55,9,2,0,0.73,0,0,0
2332.8,7,1,3,6.23,0,0,0
908.45,16,0,0,4.34,1,0,0
6032.68,9,0,1,7.21,0,0,0
4216.42,6,0,2,15.07,0,0,0
12702.64,12,0,0,4.05,0,0,0
601.56,9,0,2,2.44,0,0,0
14731.31,11,0,1,2.8,1,1,0
821.6,10,0,1,6.07,0,0,0
5093.01,7,0,1,2.15,0,0,0
722.11,15,0,0,8.52,0,0,0
280.75,3,0,1,2.92,1,0,0
20999.75,22,1,2,2.44,1,1,1
140.42,11,0,0,3.47,0,1,0
5830.53,17,2,3,7.19,0,1,0
1515.07,18,0,1,3.27,1,1,0
5956.73,10,0,0,5.7,0,0,0
17486.96,17,0,3,0.35,2,0,1
7480.9,19,0,1,4.12,0,0,0
8400.16,10,0,1,8.03,1,1,0
89.25,23,1,2,2.84,0,1,0
310.9,1,0,0,8.49,0,0,0
982.11,9,1,0,1.33,0,1,0
3601.09,18,0,0,8.24,1,0,0
7073.41,9,0,1,0.87,0,0,0
2031.45,17,0,0,3.9,0,1,0
3048.41,19,0,2,8.42,0,0,0
728.39,22,0,0,2.46,0,0,0
5290.67,13,0,1,15.56,0,0,0
11007.97,22,2,1,3.25,0,0,0
1060.94,12,0,1,3.43,0,0,0
2245.13,9,1,1,1.21,0,0,0
348.17,14,0,1,2.22,0,0,0
2680.87,16,0,1,1.19,0,1,0
2295.93,13,0,1,6.1,0,0,0
559.18,15,0,1,2.0,0,0,0
14994.96,12,0,0,8.14,0,0,0
1361.19,14,0,1,1.18,0,0,0
2420.93,21,0,0,13.51,0,1,0
2879.38,14,0,3,5.82,0,0,0
87.3,10,0,1,1.07,0,1,0
4640.21,18,0,1,3.88,0,1,0
4054.63,11,1,2,4.96,1,0,0
22267.02,18,0,2,8.77,0,1,1
234.04,6,0,0,7.32,0,0,0
4559.91,11,0,2,7.84,0,0,0
9995.98,7,0,2,4.14,1,1,0
938.84,7,0,1,3.69,0,1,0
1310.75,16,0,3,4.76,0,0,0
18447.12,12,0,3,8.45,0,0,0
2812.74,19,1,3,12.74,0,1,0
19357.54,14,0,0,10.17,0,0,0
1469.14,10,0,1,2.83,0,0,0
3881.01,17,0,1,3.95,0,0,0
2687.98,16,0,2,4.9,0,0,0
1623.24,18,0,3,7.18,0,0,0
1804.5,16,1,2,7.45,0,0,0
2702.53,8,0,2,6.12,1,0,0
78.82,16,0,3,1.44,0,0,0
18532.71,12,0,1,3.95,0,1,1
6878.57,13,0,0,2.09,0,1,0
319.45,20,0,0,6.09,0,0,0
3986.12,11,0,0,1.45,0,0,0
8143.86,15,1,2,3.27,0,1,0
1070.07,11,0,0,11.52,0,0,0
15695.93,7,0,0,5.6,0,0,0
2752.69,13,0,1,4.96,1,0,0
6890.74,15,1,0,2.68,0,1,0
9166.19,12,0,2,13.78,1,0,0
22124.78,12,0,0,11.24,0,0,0
349.93,18,0,2,11.76,0,1,0
3599.53,3,0,1,3.47,0,0,0
1750.07,10,0,1,0.1,1,0,0
2095.85,18,0,1,1.42,1,0,0
221.27,20,0,1,5.34,0,0,0
738.51,12,1,0,4.02,0,1,0
5061.91,20,0,6,3.26,0,1,0
1996.19,9,0,0,4.04,0,1,0
1208.97,9,0,0,0.51,0,1,0
1610.53,19,0,2,4.46,0,0,0
6226.04,20,0,3,8.74,0,0,0
4483.35,9,0,1,0.47,1,0,0
1077.24,6,0,1,4.27,0,0,0
14511.32,7,3,0,3.03,0,1,0
17199.01,10,2,0,0.78,0,0,1
8172.73,18,0,2,11.09,1,0,0
2848.13,14,0,0,3.6,0,0,0
2499.86,13,0,2,1.42,0,0,0
2963.41,15,0,0,2.49,0,0,0
19070.11,20,1,3,0.4,0,1,1
5325.98,7,0,3,3.84,0,0,0
2430.69,17,0,3,2.58,0,0,0
457.26,21,0,2,3.01,0,0,0
502.2,9,0,1,3.62,0,1,0
2523.12,19,0,2,5.29,0,1,0
8885.03,17,0,0,9.25,0,1,0
1239.77,1,1,2,10.38,0,1,1
6577.43,9,0,2,3.02,0,0,0
4681.85,15,0,0,8.87,0,0,0
971.26,14,2,0,4.81,0,0,0
178.46,14,0,0,9.25,1,0,0
403.73,9,1,1,5.27,0,0,0
4232.07,16,0,0,6.79,0,1,0
772.74,10,1,0,8.05,0,0,0
1544.98,12,0,3,1.23,0,0,0
2288.96,11,0,2,6.04,0,0,0
4196.6,16,1,2,12.84,0,1,0
444.55,7,1,0,3.05,0,0,0
1728.78,9,0,0,3.46,1,0,0
2183.94,9,0,3,7.23,0,0,0
2550.65,7,1,0,2.14,0,1,0
5518.34,9,0,0,2.48,1,0,0
662.73,15,0,1,4.14,0,0,0
22809.07,17,0,1,3.06,0,0,0
3837.64,16,0,0,6.19,0,0,0
2657.25,13,0,0,10.29,0,0,0
3907.68,6,1,1,6.18,0,1,0
1759.39,22,0,0,1.17,0,1,0
536.68,8,2,0,1.06,2,1,1
3566.92,16,0,0,3.5,0,0,0
2440.0,20,0,0,5.87,0,0,0
3323.73,17,0,1,10.22,0,0,0
1379.96,9,0,0,4.38,0,1,0
7655.91,11,0,2,3.99,0,0,0
2892.65,3,0,1,3.91,0,0,0
345.67,15,0,0,4.82,0,0,0
1971.94,15,0,0,0.98,0,0,0
4578.55,17,0,0,4.52,0,1,0
5117.7,0,1,1,4.23,0,0,0
2243.68,18,0,2,1.27,0,0,0
7264.46,17,1,2,13.42,0,0,0
1056.87,8,1,0,0.87,1,0,0
1751.67,11,0,1,3.24,0,0,0
7383.69,16,0,0,3.22,0,1,0
7310.67,14,0,1,1.7,0,0,0
3763.83,8,0,0,5.54,0,1,0
6328.34,7,1,0,7.43,0,1,0
357.48,18,0,0,7.04,0,0,0
6467.82,8,0,0,12.08,0,1,0
1297.04,9,0,1,1.7,0,0,0
688.54,19,0,0,1.15,1,0,0
935.55,15,0,0,9.83,0,1,0
1791.94,15,0,1,3.77,0,0,0
985.67,13,0,0,2.07,2,0,0
1296.79,15,0,1,6.0,0,0,0
524.0,15,2,2,13.83,1,0,0
1183.93,22,1,0,4.38,2,1,1
2777.75,9,1,0,8.99,0,1,0
1926.03,9,0,0,13.25,0,0,0
1422.39,6,0,0,2.04,0,1,0
4451.05,16,0,1,0.75,1,1,0
21179.64,15,0,4,3.9,0,0,1
4584.25,7,0,1,1.41,0,0,0
1351.1,11,0,2,4.17,0,0,0
4425.78,9,0,1,1.31,0,1,0
587.52,11,0,2,6.94,0,0,0
506.81,21,0,1,3.41,0,1,0
1417.05,17,0,1,3.19,0,1,0
5335.88,0,1,1,1.94,0,1,0
965.04,10,0,0,7.16,0,1,0
269.1,0,1,1,3.59,1,0,0
511.93,17,0,2,12.71,0,1,0
6323.0,13,1,1,2.28,0,1,0
3274.5,23,0,0,10.16,0,0,0
994.27,17,0,2,7.81,0,1,0
2653.11,14,0,2,8.85,2,0,0
2459.64,18,2,0,0.69,1,1,0
3469.52,17,0,2,6.12,0,0,0
909.64,10,0,1,1.55,0,0,0
6453.82,14,0,1,1.5,0,0,0
14519.96,15,0,1,1.36,0,1,0
23236.6,13,0,0,4.81,0,0,0
18919.4,9,1,0,2.68,2,1,1
1552.04,9,0,2,12.25,0,0,0
1446.93,10,0,3,4.67,0,1,0
2569.22,0,0,0,3.02,0,0,0
301.66,20,0,1,2.19,1,0,0
5056.08,17,0,0,12.39,0,1,0
845.98,17,0,1,5.28,0,0,0
3676.7,15,0,2,2.64,0,0,0
5262.01,17,0,2,3.01,0,0,0
2700.82,22,0,1,1.84,0,1,0
4381.52,12,0,0,1.84,0,1,0
3529.75,17,1,0,3.93,1,0,0
1465.85,11,0,2,4.14,0,1,0
5355.17,19,0,0,1.82,0,0,0
1177.23,19,0,2,10.2,0,1,0
2769.74,20,0,1,4.34,0,0,0
4437.77,0,0,1,8.98,0,0,0
1584.33,10,0,0,8.29,0,1,0
1214.04,8,0,0,1.64,0,1,0
15682.47,13,1,1,4.32,0,0,0
5511.35,14,0,2,4.12,0,0,0
8566.06,10,2,0,10.49,0,0,0
2580.45,17,1,2,2.42,0,0,0
3526.02,10,0,1,2.63,0,1,0
7534.78,19,0,0,1.11,0,0,0
391.99,9,0,0,2.14,0,0,0
905.02,11,0,2,5.56,0,0,0
4009.08,16,2,2,4.0,0,0,0
5614.63,15,0,2,5.49,1,0,0
20303.69,7,0,2,4.5,0,0,0
1776.25,19,0,0,6.89,2,1,1
359.47,15,0,1,9.97,0,0,0
22043.44,19,0,0,7.07,0,1,1
899.42,19,0,2,8.52,0,1,0
1161.37,14,0,2,3.16,0,1,0
4794.67,20,0,1,11.29,1,0,0
311.3,19,0,0,2.59,0,1,0
5685.05,21,0,1,2.65,0,0,0
1845.72,19,0,3,3.98,1,1,0
22113.83,18,0,0,1.26,0,0,0
360.57,13,1,0,10.1,0,0,0
22346.15,9,1,1,2.36,0,1,0
15392.64,20,0,2,9.15,0,1,1
10486.35,17,0,0,12.05,0,0,0
5328.55,10,1,0,10.35,0,0,0
2029.62,11,0,2,5.4,0,1,0
869.89,17,0,1,6.11,0,0,0
8731.61,13,0,0,11.42,0,0,0
1412.01,7,1,0,1.4,0,0,0
621.68,8,0,2,23.18,0,0,0
2710.23,17,0,0,4.09,0,0,0
9270.81,11,0,2,1.72,0,0,0
72.28,14,0,3,10.03,0,0,0
930.31,18,0,0,4.25,0,1,0
8981.17,17,1,1,2.04,0,0,0
660.44,8,0,1,2.31,0,0,0
444.59,7,0,1,1.14,0,1,0
2762.1,15,0,2,2.73,0,0,0
6393.99,17,3,0,1.73,0,0,0
19037.25,8,0,0,5.55,0,1,1
16747.23,12,0,1,4.64,0,0,0
18589.59,19,4,0,3.01,0,0,1
306.28,21,1,0,8.54,0,0,0
15862.07,13,0,1,20.7,1,0,1
1737.02,7,0,0,1.94,1,1,0
19126.68,10,0,2,1.68,0,0,0
2671.75,9,1,1,4.71,0,1,0
1221.11,10,1,1,0.6,0,1,0
14272.68,14,0,1,6.45,0,0,0
64.57,15,0,3,2.81,0,1,0
1970.66,8,1,3,4.21,0,0,0
5862.14,20,0,0,1.62,0,0,0
2777.98,16,0,2,5.91,0,1,0
22908.21,15,0,1,7.43,0,0,0
1141.79,23,1,0,10.88,2,0,0
15131.18,16,0,0,8.03,2,0,1
616.98,21,0,0,2.13,0,1,0
633.45,10,0,1,3.13,0,0,0
1134.35,10,0,2,4.2,0,1,0
5097.64,14,0,2,9.99,0,0,0
7618.0,14,0,1,3.2,0,0,0
11875.59,9,0,2,8.79,0,0,0
905.9,17,0,1,8.53,0,0,0
6879.63,3,0,1,6.4,0,0,0
1333.21,17,0,2,4.92,0,0,0
443.14,13,0,1,22.16,0,0,0
6589.32,17,0,2,7.08,0,0,0
3294.85,13,0,1,2.69,4,1,0
636.0,22,0,3,7.36,0,0,0
1857.83,11,0,2,1.13,0,1,0
1143.63,23,0,2,3.68,2,0,0
4331.43,6,0,0,5.94,0,0,0
1993.02,17,0,1,3.1,0,0,0
14574.04,13,0,1,9.98,0,0,0
240.16,18,0,2,3.98,0,0,0
1463.29,18,0,1,9.3,0,0,0
2164.28,18,0,1,7.63,0,0,0
15873.29,7,0,0,2.37,0,1,0
1275.05,18,2,1,2.66,1,0,0
4240.87,9,0,1,3.85,0,1,0
6707.74,2,0,0,0.23,0,0,0
8995.33,9,1,1,1.55,0,0,0
5292.75,13,0,0,5.93,0,1,0
6143.19,17,0,2,0.37,0,1,0
2619.1,9,0,0,3.32,1,1,0
5653.78,7,0,1,1.63,1,0,0
1217.42,16,0,3,5.86,0,1,0
1686.54,23,0,1,4.55,0,0,0
1279.63,15,0,1,6.06,0,0,0
20624.56,17,0,1,2.55,0,0,0
1136.11,15,0,3,1.2,0,0,0
10491.99,18,2,0,6.07,0,0,0
1260.62,22,0,0,7.87,1,0,0
390.21,14,0,1,2.18,0,0,0
2454.47,12,2,1,1.95,0,0,0
248.14,19,1,0,17.41,1,1,0
434.86,22,1,2,4.17,0,0,0
852.57,8,0,2,6.6,0,1,0
2057.68,15,1,2,9.68,0,1,0
1877.08,18,0,1,7.33,0,1,0
5205.27,14,0,3,8.74,0,0,0
4364.18,12,3,1,3.92,0,0,0
1838.18,16,0,2,3.43,0,0,0
18311.85,10,0,0,4.19,0,0,0
1277.55,11,0,1,8.99,0,1,0
4819.04,23,0,1,0.28,0,1,0
231.13,16,0,1,3.77,0,0,0
101.29,19,0,0,4.9,0,1,0
23081.54,18,0,1,3.91,0,1,1
2135.05,16,0,0,4.04,0,1,0
20543.29,19,0,0,0.99,1,1,1
919.58,10,0,0,9.04,0,0,0
27608.82,16,0,2,4.1,0,1,1
6340.22,15,0,4,4.22,0,1,0
20712.61,16,0,1,5.18,0,1,1
2166.29,8,1,1,1.78,1,1,0
2410.86,10,0,0,4.5,0,0,0
11895.87,10,1,0,8.45,0,0,0
10858.93,15,0,0,3.65,0,0,0
835.73,22,0,1,0.89,0,0,0
5393.0,21,0,0,7.02,0,0,0
763.05,9,1,1,1.28,1,1,0
828.67,11,0,2,7.58,1,0,0
3667.36,4,0,0,13.0,0,0,0
1721.43,12,0,0,5.03,0,1,0
8641.02,19,0,4,2.42,0,1,0
358.31,20,0,2,1.11,2,1,0
2352.7,10,0,1,1.43,1,0,0
8083.73,10,0,1,1.2,0,0,0
7562.69,9,0,1,9.31,0,1,0
604.74,11,2,1,6.34,0,0,0
22396.33,18,0,0,6.45,1,1,1
3148.88,16,0,0,2.38,0,0,0
615.63,18,0,0,1.22,0,0,0
11076.68,15,0,0,4.02,0,0,0
7938.91,10,0,0,3.31,0,0,0
644.52,9,1,0,1.5,0,1,0
473.27,0,1,0,2.5,0,0,0
345.69,18,0,1,3.99,0,0,0
7745.71,19,0,2,5.64,0,0,0
748.66,18,0,0,1.39,2,0,0
1782.7,6,0,0,2.58,0,1,0
1966.4,18,0,2,6.48,0,0,0
2984.23,5,0,1,6.08,0,0,0
298.2,7,0,2,3.11,0,1,0
882.92,13,0,2,1.0,0,0,0
25288.55,13,0,2,2.65,0,1,0
21609.0,18,1,1,5.56,0,0,1
4924.04,16,1,1,2.52,0,0,0
122.69,8,0,1,7.84,0,0,0
1327.26,9,0,0,2.74,1,0,0
3224.0,10,0,1,20.39,0,0,0
1089.91,8,0,0,1.81,0,1,0
7750.76,10,0,2,3.41,0,0,0
3275.42,17,0,1,8.17,0,1,0
298.79,10,0,2,19.13,0,1,0
7730.26,19,0,0,4.7,0,1,0
28000.0,13,1,0,1.31,1,1,1
318.87,11,0,1,3.69,0,0,0
2492.18,12,0,0,4.79,0,1,0
1216.78,17,0,0,5.08,0,0,0
1656.68,14,0,5,7.11,0,0,0
693.68,0,0,2,8.97,0,1,0
16003.91,20,1,0,3.89,0,1,1
10202.7,6,0,0,14.87,0,1,0
19696.86,21,1,1,0.85,0,0,0
336.97,3,0,2,1.36,2,1,1
3156.28,18,0,0,0.56,0,0,0
16863.49,14,1,0,6.3,0,0,0
6259.75,14,1,1,9.83,0,0,0
1885.15,6,3,2,4.32,0,0,0
17773.96,10,0,2,10.02,0,0,0
738.68,18,0,1,3.55,1,0,0
4745.82,20,0,0,2.22,0,0,0
18517.49,14,0,0,7.05,0,0,0
19645.47,11,0,1,1.9,1,0,0
797.7,6,0,0,5.42,0,1,0
1302.07,16,1,3,1.75,0,0,0
2064.48,10,0,1,1.81,1,0,0
9238.07,6,0,1,2.01,0,1,0
8649.78,16,0,0,2.97,0,0,0
801.67,13,0,0,7.15,0,0,0
1479.23,0,4,1,4.78,0,0,0
577.8,7,0,0,4.71,0,1,0
19797.49,17,1,0,5.94,0,0,0
2035.25,6,2,0,9.2,0,1,0
7452.69,19,2,1,7.22,1,1,0
8569.88,11,0,3,3.87,0,1,0
1608.18,7,0,0,3.1,0,0,0
2225.63,18,0,1,9.32,0,1,0
7310.04,14,0,2,2.16,0,1,0
5319.37,11,0,1,3.98,0,0,0
71.72,12,1,0,2.21,0,0,0
20342.89,1,0,0,3.48,0,1,1
1812.93,16,0,2,2.3,0,1,0
895.19,11,0,1,2.68,0,0,0
772.35,17,0,4,1.9,0,0,0
183.25,16,0,0,5.47,0,0,0
3359.38,16,0,1,2.62,0,0,0
16166.49,18,0,1,1.61,0,0,0
232.05,16,0,2,2.77,0,0,0
900.44,12,0,2,2.93,0,1,0
5240.97,12,0,0,5.59,0,1,0
6162.71,8,0,0,4.17,0,0,0
2171.49,18,0,0,1.18,0,1,0
1781.52,18,2,3,5.01,0,0,0
12252.27,10,0,2,1.02,0,0,0
776.32,19,0,3,4.49,0,0,0
836.09,15,1,1,8.41,0,1,0
1164.4,13,0,1,5.62,0,0,0
666.9,1,0,1,5.48,1,0,0
1586.44,12,0,0,1.83,0,1,0
7795.23,16,0,2,7.08,0,0,0
3117.33,7,0,6,6.81,0,1,0
1759.0,13,0,0,1.42,0,0,0
8777.9,23,0,2,9.24,0,0,0
16286.38,17,0,3,1.28,0,0,0
815.43,14,0,0,2.19,0,0,0
17876.19,14,0,0,6.05,0,0,0
3119.03,5,0,1,2.51,0,1,0
189.16,21,0,0,0.67,1,0,0
1710.89,21,0,0,0.31,0,1,0
3411.7,16,0,1,0.71,0,1,0
23456.68,7,0,0,10.83,0,1,1
3312.79,9,0,1,11.28,0,1,0
1296.77,9,0,0,5.63,0,0,0
374.2,14,0,0,2.62,0,0,0
1842.61,9,1,1,11.58,0,1,0
501.06,17,0,1,6.01,1,0,0
9497.76,14,0,3,1.78,0,0,0
2122.98,1,0,2,1.05,0,1,0
1281.25,17,0,1,5.81,0,1,0
4711.95,9,0,1,10.55,2,0,0
21064.83,18,1,2,1.87,0,1,0
1247.56,11,0,1,2.61,0,0,0
5407.65,11,1,0,3.92,0,1,0
26488.93,0,0,1,1.89,0,1,1
3637.02,23,0,1,7.88,0,1,0
213.93,15,1,1,1.98,0,0,0
2733.46,12,0,1,1.97,1,0,0
4671.01,7,0,2,2.58,0,1,0
14890.05,17,0,0,2.23,1,1,0
890.85,10,2,3,3.23,0,0,0
6912.08,23,0,1,1.36,0,1,0
125.05,21,0,3,3.16,0,1,0
4531.24,17,0,1,8.15,0,1,0
15703.11,22,0,1,2.45,0,1,0
1954.35,7,0,3,4.24,0,0,0
82.79,10,0,0,6.51,0,1,0
5536.67,10,0,1,6.94,2,1,1
1487.24,6,1,2,8.61,1,0,0
2550.22,22,0,0,9.7,0,1,0
3679.31,6,4,1,2.92,0,1,1
3940.89,19,0,2,0.83,0,1,0
10053.96,18,0,1,6.87,0,0,0
2485.21,12,1,3,2.4,0,0,0
1693.15,1,0,3,14.73,0,0,1
9892.61,0,0,1,1.39,0,0,0
3348.1,9,0,0,1.23,2,1,0
1192.92,14,0,1,1.82,0,0,0
492.66,13,3,1,3.63,1,0,0
19930.83,15,0,0,3.15,0,0,1
1499.05,18,1,0,2.78,0,1,0
3516.61,12,1,0,8.1,0,0,0
2096.54,8,0,2,2.59,0,0,0
769.78,18,0,2,4.21,0,1,0
3005.65,11,0,0,5.25,0,0,0
260.33,10,0,3,1.05,0,1,0
1766.6,18,1,1,6.2,1,0,0
2591.24,21,0,1,6.84,0,0,0
1892.91,20,0,0,5.29,0,0,0
4479.19,8,0,0,2.68,0,0,0
5691.44,14,0,1,6.17,0,0,0
4780.3,7,0,8,2.08,0,1,0
14474.82,22,0,0,4.47,1,0,0
750.66,9,0,1,6.68,0,0,0
2521.38,9,1,0,3.34,0,0,0
26062.69,20,0,2,4.16,2,0,1
5824.95,22,0,2,3.33,0,1,0
5975.36,17,0,0,0.71,1,0,0
1216.06,8,0,1,2.09,0,0,0
1855.68,13,0,0,3.14,1,1,0
2095.88,18,2,0,2.25,0,0,0
607.93,15,0,4,1.44,0,0,0
20928.29,8,0,1,2.51,0,1,1
9454.03,9,0,2,8.69,2,1,1
16799.08,19,0,0,6.18,0,1,1
937.98,14,0,1,6.31,0,0,0
338.6,17,0,2,2.03,0,0,0
8502.13,12,0,0,6.13,3,0,1
23502.07,14,1,1,2.75,0,0,0
3579.12,22,0,1,3.7,0,1,0
7821.99,11,0,1,2.72,0,0,0
1417.02,16,1,1,5.13,0,0,0
3168.99,9,0,1,9.74,0,0,0
186.63,8,0,2,5.71,1,0,0
721.58,18,0,2,1.84,0,1,0
19059.41,19,0,2,5.43,0,1,1
25133.29,16,1,1,4.2,0,0,0
1441.67,8,0,0,4.86,0,0,0
1573.3,10,0,3,4.84,0,1,0
2500.36,20,0,2,4.63,1,0,0
60.77,10,0,1,9.16,0,1,0
15392.66,18,0,1,5.24,0,0,0
807.16,10,0,1,1.76,0,0,0
982.64,21,0,2,6.4,3,0,0
5306.12,20,1,0,2.66,0,0,0
1109.76,5,0,0,2.28,0,0,0
21040.12,18,0,1,1.37,0,0,0
15755.29,9,0,0,6.2,0,0,0
6483.26,9,0,1,16.12,0,1,0
21529.64,13,0,0,3.59,0,0,0
321.73,15,4,1,2.1,0,1,1
1470.19,11,1,0,5.0,0,0,0
19072.61,15,1,1,1.79,0,1,0
18041.85,9,0,0,3.7,0,0,0
5490.85,2,0,2,4.69,1,1,0
10327.94,15,1,3,2.25,3,1,0
5094.9,14,1,0,0.33,0,1,0
3022.7,17,0,1,1.54,0,0,0
2235.74,16,1,2,11.24,0,1,0
190.86,20,2,1,5.12,0,0,0
13357.59,13,0,0,8.13,0,1,0
18535.27,0,0,2,6.77,0,0,0
16634.23,16,0,2,7.0,0,0,0
3575.96,16,3,1,2.37,0,0,0
1130.33,14,0,1,5.5,0,0,0
2880.33,17,0,1,6.37,0,0,0
2887.99,11,0,3,18.41,0,0,0
1948.33,8,0,0,4.01,1,1,0
5847.56,16,0,1,6.17,0,0,0
1045.09,10,0,1,7.76,0,1,0
1965.13,13,1,0,3.45,0,0,0
2528.88,14,0,2,2.06,0,0,0
21886.71,13,1,1,2.23,0,0,0
4963.51,15,0,0,10.53,2,0,0
1667.07,3,0,1,5.43,0,0,0
3383.49,23,1,2,1.44,0,0,0
582.36,17,0,0,4.11,0,0,0
8693.04,12,0,0,2.05,0,0,0
22404.0,9,0,3,3.59,0,1,1
4244.2,7,0,0,2.05,0,1,0
125.76,16,0,1,6.72,0,0,0
794.88,11,0,1,2.47,0,0,0
2196.45,9,0,2,7.68,0,0,0
6798.58,12,0,2,2.8,0,1,0
20308.85,15,1,1,12.2,0,0,0
8563.72,16,0,1,2.83,1,0,0
2176.02,16,0,0,0.18,0,0,0
2217.52,19,0,1,3.2,0,1,0
468.15,9,1,1,5.18,0,0,0
5252.99,16,2,1,3.16,0,0,0
19739.54,7,0,1,1.66,0,0,0
21119.94,15,0,2,6.91,3,1,1
7794.87,15,0,0,4.15,0,1,0
9244.51,9,1,3,4.12,0,0,0
2410.24,12,0,2,3.49,2,0,1
3677.26,18,1,1,4.15,0,0,0
4883.69,8,0,2,4.7,1,0,0
18531.87,13,0,4,11.55,0,0,1
2999.8,21,0,1,2.16,0,1,0
16802.48,14,1,2,5.53,0,1,1
2262.53,17,0,1,7.67,0,0,0
598.34,18,0,3,7.82,0,1,0
20792.73,9,1,0,2.71,0,0,0
1513.46,9,0,2,4.69,0,1,0
1872.49,18,0,1,9.85,0,0,0
3183.1,17,0,2,4.3,0,1,0
307.5,6,0,2,7.98,0,1,0
2301.79,11,0,0,7.46,0,0,0
705.3,12,0,0,3.27,0,0,0
2790.42,19,0,2,3.28,0,0,0
19411.99,12,0,1,7.45,0,0,0
21098.93,20,1,0,13.56,0,0,1
4349.73,23,3,0,3.02,1,0,0
1368.43,18,1,2,2.51,0,0,0
4695.6,16,1,3,4.55,0,1,0
1874.35,12,2,3,4.3,0,0,0
2178.42,6,1,0,4.62,1,1,0
3402.13,15,3,4,6.16,0,0,1
119.29,11,0,1,4.32,0,0,0
18281.39,11,0,2,4.68,0,1,1
3144.38,17,0,1,8.58,0,0,0
1246.69,13,1,0,2.12,0,1,0
347.04,17,0,0,6.35,0,0,0
15440.07,12,1,0,4.74,0,0,0
8273.95,8,0,3,5.65,0,0,0
19809.33,13,1,2,3.28,0,0,1
495.0,21,0,0,8.61,0,0,0
1471.78,18,0,1,2.32,0,1,0
2932.55,9,1,1,7.51,0,1,0
5836.9,12,0,0,9.96,0,0,0
202.86,21,0,2,5.53,0,1,0
16356.56,8,0,2,1.98,1,0,0
7115.99,10,0,0,1.6,0,0,0
89.46,10,0,4,19.1,0,0,0
779.66,15,0,2,5.6,0,1,0
10283.27,12,1,0,6.66,0,0,0
3101.18,7,0,1,7.43,0,0,0
1030.77,16,0,1,6.57,0,0,0
281.89,7,1,1,9.02,0,0,0
151.51,15,0,1,1.41,1,0,0
15989.27,14,0,2,14.74,0,0,0
6884.71,14,0,0,6.46,0,0,0
1780.66,6,0,4,2.78,1,0,0
4137.3,16,0,4,4.6,2,1,1
8074.46,13,3,4,4.13,0,0,0
1737.81,12,0,2,3.78,2,0,0
739.36,15,0,1,9.27,0,0,0
2389.55,15,0,0,1.48,0,1,0
7698.01,1,0,2,2.58,0,0,0
5280.97,8,0,2,3.62,0,0,0
277.91,10,0,0,2.57,0,1,0
3834.45,16,0,0,9.08,0,0,0
2774.86,15,0,1,3.44,0,1,0
7676.48,17,1,0,2.54,0,0,0
13875.45,17,0,3,5.91,0,0,0
2503.67,19,1,0,4.35,0,0,0
6830.55,12,0,3,4.99,0,0,0
1748.55,11,0,0,5.66,0,1,0
2164.86,19,0,1,1.87,0,0,0
293.81,10,1,1,1.46,0,1,0
1102.97,13,0,1,5.67,0,1,0
1315.4,9,0,1,3.8,0,0,0
9348.48,20,0,0,6.44,0,0,0
1123.09,12,1,1,7.28,0,0,0
2036.95,9,0,0,3.77,0,1,0
3620.39,17,0,0,2.84,3,0,0
626.26,10,0,0,2.57,0,0,0
2192.46,21,0,3,6.59,0,0,0
4352.7,11,0,0,1.51,0,0,0
6512.22,16,0,1,6.21,0,0,0
22903.39,11,0,1,3.29,0,0,0
3598.56,18,0,3,7.52,0,0,0
492.0,20,0,1,0.95,0,0,0
9386.85,18,0,2,2.92,1,0,0
515.12,19,0,4,3.88,0,1,0
4828.65,7,0,1,10.26,0,0,0
1044.43,20,0,1,11.88,0,1,0
22252.67,16,1,3,5.54,0,1,1
4133.03,19,0,4,2.73,0,0,0
4545.33,17,0,2,1.93,0,0,0
851.22,9,0,2,2.56,0,0,0
1932.84,15,1,1,0.73,1,0,0
3137.91,7,1,2,2.55,0,0,0
4762.6,17,0,1,4.15,0,1,0
411.26,12,0,1,3.87,0,0,0
28000.0,8,0,0,3.61,0,0,0
7129.71,22,0,0,5.95,0,0,0
1068.6,20,2,1,7.65,2,1,1
5596.81,20,0,0,2.26,1,1,0
2397.55,18,0,0,1.2,0,0,0
2042.52,17,0,0,1.84,1,0,0
15271.76,16,0,0,1.4,0,0,0
2843.39,7,1,0,3.83,0,0,0
4248.55,20,0,0,7.15,0,0,0
1753.49,19,0,0,2.14,0,1,0
3234.86,17,0,0,1.7,0,0,0
17427.49,21,0,0,8.13,0,0,0
4033.6,15,0,2,0.75,0,0,0
230.77,13,0,1,1.91,0,1,0
23849.84,22,0,3,1.1,0,0,0
2021.46,13,1,1,8.07,0,1,0
18053.54,16,0,1,3.94,3,0,1
945.64,12,0,1,6.67,0,0,0
2171.17,16,3,2,5.37,0,1,1
7032.41,17,0,0,6.91,0,1,0
1581.2,16,1,3,4.95,0,1,0
4492.63,14,0,1,5.54,0,1,0
385.86,10,0,2,4.75,1,0,0
2128.39,16,0,2,4.78,0,1,0
15387.46,20,0,0,3.21,0,0,0
21698.94,0,0,1,5.53,3,0,1
816.45,8,0,1,0.58,1,1,0
2287.31,8,2,0,4.85,0,0,0
911.47,20,0,2,4.05,0,1,0
1746.04,16,0,2,10.1,0,0,0
4906.43,21,0,3,7.88,1,0,0
4780.05,15,0,1,15.51,0,0,0
888.48,13,0,2,7.08,0,0,0
8232.52,18,0,1,3.87,0,1,0
2933.22,8,0,1,4.74,0,0,0
1589.32,12,2,2,4.12,0,0,0
2290.48,13,2,2,0.52,2,0,1
3032.96,10,2,0,7.36,0,1,0
2686.34,12,0,0,5.9,0,1,0
2192.23,7,0,1,11.26,1,1,0
2309.8,9,2,0,2.75,0,0,0
681.07,11,0,1,0.79,1,0,0
5420.7,18,0,3,5.46,0,0,0
2557.16,9,1,1,9.63,0,1,0
509.61,11,1,2,12.61,0,1,0
4709.94,6,0,1,0.39,0,0,0
8683.35,15,0,1,1.93,0,0,0
9478.47,15,0,1,2.63,0,1,0
19129.56,19,0,0,3.88,2,1,1
526.0,18,0,0,3.18,0,1,0
2398.05,10,0,0,6.17,0,0,0
15738.76,8,0,0,9.22,0,1,1
8757.31,8,0,0,6.73,0,0,0
709.04,22,0,1,2.69,0,0,0
992.41,16,0,1,0.56,0,0,0
1730.23,5,0,1,5.8,0,1,0
1606.09,8,0,0,4.84,0,1,0
5125.93,13,0,2,7.99,0,1,0
20313.64,9,1,0,8.63,0,0,0
659.22,18,0,1,9.66,0,1,0
1054.87,15,1,1,1.72,0,0,0
2336.93,15,1,2,7.95,1,1,0
570.49,13,0,3,4.35,0,1,0
20105.98,10,1,0,0.37,1,0,0
2729.21,15,0,3,1.29,0,1,0
4073.51,17,0,3,8.3,0,0,0
8942.78,12,0,0,2.08,2,1,1
7846.61,14,0,2,6.2,0,1,0
9404.55,19,0,3,10.47,0,0,0
958.11,8,0,3,6.79,0,0,0
511.4,14,0,0,3.29,0,0,0
1211.78,11,0,1,0.68,0,0,0
7274.74,17,0,1,12.87,2,1,1
11507.88,1,0,0,4.83,0,0,0
6336.17,16,0,2,12.8,0,1,0
432.97,7,0,1,9.93,0,0,0
9485.83,6,0,1,9.76,0,0,0
1821.71,17,0,2,6.91,0,1,0
89.93,16,0,1,7.87,0,0,0
1929.13,20,0,0,5.05,0,1,0
210.93,14,3,2,2.64,0,0,0
2571.98,14,0,0,2.21,0,0,0
1382.65,17,1,1,7.19,0,0,0
2112.42,11,1,1,4.94,0,0,0
3099.27,4,0,0,12.77,0,0,0
22237.28,9,1,1,2.02,0,1,1
3530.14,10,0,1,4.77,0,0,0
1881.59,11,2,1,1.21,0,0,1
5537.2,21,0,0,6.25,0,0,0
27224.09,18,0,1,0.49,0,1,1
468.19,21,2,0,5.2,0,0,0
2489.26,23,0,1,4.99,0,0,0
1131.33,13,1,3,3.43,0,1,0
214.25,9,0,1,12.27,0,1,0
3593.66,15,0,0,6.1,0,1,0
25237.3,19,0,4,2.39,0,1,1
629.01,13,2,3,6.01,0,0,0
5415.25,14,0,0,4.87,0,0,0
6204.06,8,0,1,7.06,0,1,0
7923.6,12,0,0,4.44,3,1,1
1046.47,12,3,0,20.2,0,1,1
7557.34,11,0,2,5.45,0,0,0
1297.24,20,0,2,2.6,0,0,0
2631.89,6,0,3,4.42,0,0,0
225.85,22,0,0,2.1,0,1,0
16352.48,0,1,2,1.83,1,1,1
4137.76,21,0,0,8.87,0,1,0
21722.06,15,0,1,3.9,0,1,0
1007.54,17,0,2,11.83,0,0,0
735.94,9,0,2,3.65,0,1,0
3607.27,16,0,2,4.27,3,1,0
61.29,19,1,2,6.07,0,0,0
5305.88,8,0,0,8.16,0,0,0
324.21,8,0,1,5.91,0,0,0
21102.26,10,0,1,5.77,0,1,1
1622.07,8,1,0,2.25,0,1,0
2182.61,7,0,2,7.03,3,1,1
1463.19,16,2,1,1.0,0,0,0
1297.47,9,0,1,9.21,0,0,0
10690.1,16,0,0,0.1,0,0,0
20638.29,19,0,1,6.49,0,0,0
135.88,16,0,0,1.85,0,0,0
1859.77,8,1,0,3.22,0,0,0
6714.44,15,0,0,2.0,0,1,0
1208.02,12,0,0,2.85,0,1,0
377.86,11,0,0,2.84,0,0,0
19324.93,11,0,1,2.24,0,1,0
3040.61,21,1,1,10.97,0,0,0
2763.03,17,2,1,0.68,0,1,0
236.21,8,0,3,6.66,1,0,0
544.49,13,0,1,8.39,0,0,0
3177.81,11,0,1,0.54,0,0,0
805.51,22,1,2,1.92,0,0,0
2304.23,22,3,0,2.09,0,0,0
2579.03,11,2,2,8.12,0,1,1
1126.84,11,0,2,4.21,0,1,0
9547.11,15,0,1,3.07,0,0,0
5973.93,13,0,1,2.55,0,0,0
4160.73,9,0,1,2.48,0,0,0
319.85,16,0,0,6.48,0,0,0
419.02,11,0,1,2.41,0,0,0
2232.2,16,0,2,0.7,0,1,0
620.65,12,0,1,3.45,0,1,0
12312.33,17,0,2,1.72,0,1,0
612.3,16,0,3,2.23,0,0,0
2198.85,14,0,0,2.66,0,1,0
1508.79,17,0,2,1.52,0,1,0
3323.83,13,0,1,5.9,1,0,0
502.1,8,0,1,0.77,0,0,0
1860.56,9,1,2,9.56,0,1,0
1087.77,10,0,1,3.16,0,1,0
7058.53,6,0,1,3.87,0,1,0
192.58,17,0,1,2.59,0,1,0
7900.78,11,1,0,4.53,0,1,0
5787.12,7,0,1,1.1,0,0,0
1190.27,18,0,1,4.95,0,1,0
5043.28,17,2,2,2.72,0,0,0
161.48,13,0,0,5.59,0,1,0
10962.98,10,0,0,10.83,0,1,0
2452.97,8,1,1,5.56,0,1,0
1216.39,13,1,2,1.13,0,0,0
1501.06,20,0,1,7.76,0,0,0
279.88,9,2,0,2.56,0,0,1
14594.88,15,0,0,2.92,0,0,0
20514.61,22,0,2,3.41,0,1,0
3464.61,16,0,1,9.72,2,0,0
1931.09,13,0,1,4.83,0,0,0
9577.72,17,0,0,2.63,0,1,0
963.56,18,3,2,8.24,0,1,0
2490.31,15,0,0,6.93,0,1,0
2167.1,19,0,1,4.9,0,0,0
18459.27,14,0,1,4.97,0,1,1
285.39,19,0,0,3.44,0,0,0
749.31,21,0,1,1.64,1,0,0
14220.24,14,0,1,3.85,1,1,0
4347.96,15,1,1,11.19,0,0,0
16350.8,15,1,0,11.3,0,1,1
2786.8,18,0,2,1.27,0,0,0
19651.35,18,0,0,6.56,0,0,0
6388.92,3,0,0,3.08,0,0,0
9181.65,17,0,0,2.4,0,0,0
2398.67,18,0,0,4.35,0,1,0
1449.89,17,0,3,2.47,0,0,0
913.28,17,0,2,2.78,0,1,0
223.4,5,0,1,5.03,0,0,0
1060.51,13,2,0,7.35,0,1,1
3458.39,18,0,0,10.41,0,0,0
2500.79,21,0,1,1.28,0,0,0
9286.05,9,0,0,8.78,1,1,0
1674.85,15,0,0,8.15,1,0,0
3847.92,18,0,2,16.18,0,1,0
2210.46,17,0,1,7.15,0,1,0
2359.59,16,0,1,1.14,0,1,0
1057.33,1,1,1,4.22,0,1,1
2002.01,17,1,2,4.9,0,0,0
2096.35,18,0,1,6.76,0,1,0
3984.36,17,0,4,4.32,0,0,0
9097.23,18,0,3,2.59,0,0,0
21724.48,13,0,0,3.12,1,0,0
18296.26,23,0,1,12.6,0,1,1
22869.16,18,0,1,10.85,1,0,0
2576.08,15,0,2,5.9,0,0,0
650.25,21,0,0,1.41,0,1,0
4632.97,20,0,0,4.39,0,0,0
13483.97,18,0,1,2.09,1,0,0
9386.75,15,1,2,4.17,0,1,0
762.5,14,2,1,3.0,0,0,0
20462.49,11,0,1,5.2,1,0,0
17447.04,10,0,0,7.97,0,1,1
1995.54,14,0,4,12.8,0,0,0
2549.15,15,0,3,6.89,1,1,0
6122.27,10,0,0,4.14,0,1,0
2153.4,20,0,0,3.16,0,0,0
1554.85,15,0,0,7.38,1,0,0
2235.14,14,0,1,3.14,0,1,0
20662.91,13,1,0,1.89,0,0,0
730.67,6,0,0,3.03,0,0,0
7457.45,19,0,1,2.99,0,0,0
24377.51,11,0,1,4.84,3,1,1
3270.0,16,0,1,1.35,0,0,0
395.36,15,0,0,8.27,0,0,0
3025.7,15,3,0,6.28,0,0,0
472.56,14,1,3,3.36,0,0,0
322.29,9,0,0,2.48,0,0,0
2457.82,10,0,2,1.9,0,1,0
1709.53,14,0,1,8.54,0,0,0
2903.84,18,3,1,9.14,2,0,1
359.06,13,2,0,15.45,1,0,0
1864.3,9,0,1,3.38,0,0,0
17696.53,7,1,2,0.91,0,0,0
13981.71,16,0,2,5.37,0,1,0
2695.51,12,0,3,4.83,0,0,0
3781.44,8,0,3,3.01,0,1,0
1319.72,16,0,1,9.67,0,0,0
378.5,9,1,2,1.91,0,1,0
11977.87,14,0,2,8.24,0,0,0
1139.15,11,1,2,2.67,0,0,0
1824.21,21,3,2,2.31,0,0,0
3418.19,9,1,0,15.63,0,0,0
140.02,12,0,2,4.45,0,0,0
18790.83,22,0,1,7.07,3,0,1
2521.18,11,0,2,8.29,0,1,0
1103.3,16,1,1,9.97,0,1,0
263.48,11,0,0,6.78,0,0,0
627.46,7,0,2,6.62,0,1,0
7273.18,16,1,2,2.56,0,1,0
3767.01,20,1,0,1.06,1,0,0
980.16,13,2,0,3.06,0,1,0
277.12,16,0,0,6.1,1,0,0
3814.14,15,0,0,3.32,0,1,0
2778.67,12,0,0,10.37,0,0,0
1718.84,16,0,3,2.35,0,0,0
1506.23,10,0,0,12.34,0,0,0
842.03,12,0,1,2.42,1,1,0
3603.95,13,1,3,2.63,0,1,0
11353.05,19,1,1,5.56,0,0,0
678.37,11,0,0,0.82,1,0,0
2969.15,16,0,1,2.46,0,0,0
1826.3,9,0,1,1.63,0,1,0
16723.62,10,0,1,3.77,0,1,0
998.33,16,1,1,2.08,0,0,0
5639.97,18,0,0,1.95,0,1,0
2185.07,13,0,3,17.0,0,1,0
2568.67,11,0,2,7.84,0,1,0
1223.2,20,2,3,2.99,0,0,0
702.11,8,1,0,6.25,0,1,0
347.45,17,2,2,5.19,0,1,0
4066.98,17,0,1,4.91,0,1,0
759.03,17,0,4,5.3,0,0,0
3808.56,21,0,0,1.79,3,0,0
1643.72,17,0,1,7.21,0,1,0
16738.24,10,0,1,3.1,1,1,1
2086.65,11,1,1,4.34,0,0,0
1526.9,12,0,0,8.1,0,1,0
16102.22,3,0,0,4.85,0,0,1
1245.7,20,1,2,1.06,0,0,0
3547.53,6,0,0,1.82,0,0,0
3567.1,17,0,1,2.39,0,0,0
1139.0,17,0,2,1.05,3,0,0
15381.23,19,2,0,12.63,0,1,1
747.96,15,0,0,3.89,0,1,0
815.82,17,0,4,3.82,0,0,0
134.61,10,2,1,8.17,0,1,1
7325.82,17,0,1,1.28,0,0,0
817.18,11,4,0,4.1,0,0,0
21125.28,20,0,1,1.46,0,1,1
1109.44,8,0,1,8.07,0,0,0
496.12,11,0,2,6.23,0,0,0
3322.74,14,0,0,5.37,0,1,0
309.97,18,0,2,6.9,0,0,0
521.13,17,0,2,2.02,0,1,0
3371.85,9,0,2,1.43,0,0,0
1388.0,8,0,2,7.45,0,0,0
3998.63,10,0,0,3.36,0,1,0
2668.46,13,1,0,4.81,0,0,0
1006.38,14,0,1,14.35,1,1,0
3427.01,12,0,1,9.52,0,0,0
455.55,16,0,0,8.71,0,0,0
2520.02,12,0,0,1.71,0,1,0
1899.16,21,1,2,2.96,0,1,0
1057.77,10,1,0,7.2,0,1,0
3024.33,16,1,2,6.71,0,0,0
6621.7,15,0,1,1.1,0,0,0
21873.53,10,0,3,1.81,0,0,0
20179.35,12,0,0,6.5,0,0,0
20087.29,11,0,0,4.62,0,1,0
876.51,9,1,1,8.64,2,0,0
14548.39,13,1,1,0.46,2,0,0
2149.21,12,0,0,4.15,0,0,0
1524.72,9,0,0,2.85,0,0,0
7904.01,13,0,1,8.62,1,0,0
1529.87,12,1,1,4.73,0,0,0
1556.06,8,0,2,2.96,0,0,0
1608.01,8,0,0,9.66,0,1,0
5857.37,16,1,0,6.22,0,0,0
3426.65,17,0,1,2.84,0,0,0
3107.54,21,0,2,4.04,0,0,0
1361.38,7,0,2,2.27,1,1,0
18943.23,8,1,0,1.57,0,1,0
185.18,5,0,2,3.99,0,1,0
24300.13,14,0,3,8.26,0,0,0
2360.73,16,0,0,3.58,0,1,0
1685.32,12,1,1,6.55,0,1,0
22358.36,18,1,0,2.01,0,0,0
3582.76,17,1,0,1.49,0,0,0
17328.97,23,0,2,2.0,1,0,0
6627.14,8,0,0,0.68,2,1,1
1954.16,6,0,3,5.38,0,0,0
1404.06,10,2,1,1.73,0,1,1
20558.67,1,0,1,1.87,0,0,1
1912.37,21,0,1,5.65,0,1,0
2254.62,10,0,2,2.85,0,1,0
1714.15,15,1,1,10.7,0,1,0
3692.82,11,1,3,4.88,0,0,0
1808.08,10,1,1,0.41,0,0,0
10475.87,8,0,0,1.89,0,0,0
2986.36,11,3,0,0.88,0,1,1
5332.14,16,0,1,13.77,0,0,0
430.59,22,1,1,2.1,0,1,0
1680.23,15,0,2,2.15,0,1,0
1374.4,14,0,0,3.13,0,0,0
2756.85,4,0,2,4.64,0,0,0
6377.11,19,0,0,1.69,0,1,0
321.05,5,0,0,3.75,0,0,0
301.1,20,0,3,2.68,0,1,0
6137.57,14,0,4,3.17,0,0,0
825.88,8,0,3,3.01,0,0,0
3595.65,13,0,4,6.67,2,0,1
2564.98,23,1,2,10.37,0,0,0
5785.2,11,1,0,0.52,0,1,0
487.63,10,2,1,12.81,0,0,0
504.84,8,0,1,6.78,0,1,0
2664.08,15,1,2,2.75,0,0,0
28000.0,7,1,2,4.05,0,1,0
1775.65,18,0,0,1.81,0,1,0
1326.96,20,0,0,9.49,0,0,0
3046.1,21,0,2,3.93,0,0,0
8590.21,7,0,1,7.59,0,0,0
5863.4,15,1,0,5.53,0,0,0
17340.14,7,0,0,0.76,0,0,0
133.05,15,0,0,13.15,0,1,0
443.2,18,0,0,6.3,0,1,0
3068.78,14,0,2,4.25,0,0,0
5557.62,19,0,1,3.12,0,0,0
1134.61,18,0,3,3.81,1,0,0
14541.71,10,0,1,4.55,0,1,0
5008.32,16,0,1,1.5,0,0,0
245.71,0,0,0,1.12,0,0,0
1535.38,12,2,3,1.67,0,0,0
2315.47,10,1,1,5.54,0,0,0
2689.67,21,0,0,3.48,2,1,1
4233.5,12,0,1,3.88,0,1,0
1462.45,16,0,0,1.91,0,0,0
3095.25,17,0,1,1.87,0,0,0
2877.22,18,0,1,0.9,0,0,0
2598.32,17,0,1,5.8,0,0,0
3333.58,10,1,4,4.19,0,0,0
1021.16,17,0,2,5.0,0,1,0
343.03,15,3,2,12.57,0,0,1
466.42,15,0,1,7.85,0,0,0
873.93,0,0,3,1.78,0,0,0
2279.34,10,0,3,1.44,0,0,0
20548.79,21,0,1,12.54,0,0,1
3926.54,10,0,0,4.65,0,0,0
5039.49,13,2,1,2.51,0,0,0
1443.31,9,0,2,11.54,0,1,0
1719.56,8,0,0,9.72,0,0,0
1661.12,9,1,2,0.67,0,0,0
741.72,15,0,1,3.61,1,0,0
262.15,20,0,1,5.17,0,0,0
21181.96,11,0,0,4.97,0,0,1
14555.22,11,0,1,8.59,0,1,0
644.06,15,0,0,4.74,1,0,0
212.99,11,0,1,4.86,0,0,0
4898.4,20,0,1,4.32,0,0,0
991.64,12,0,4,1.27,0,1,0
5723.56,14,2,1,2.27,0,1,1
3954.98,14,0,2,11.29,0,0,0
9380.78,18,0,1,2.44,0,1,0
18290.62,15,0,2,13.42,0,0,0
3530.78,10,0,0,1.55,0,0,0
2060.69,8,0,1,6.06,0,0,0
3246.7,21,0,3,3.36,0,1,0
1970.75,18,1,1,8.18,0,1,0
728.91,2,0,1,5.43,0,1,0
17654.62,18,0,1,1.79,0,1,1
2466.45,15,1,0,4.32,0,0,0
5384.53,14,0,1,4.1,0,0,0
4315.98,0,1,0,2.09,0,1,0
19897.15,18,0,0,7.93,0,0,0
445.11,9,1,1,4.45,0,0,0
4140.54,17,0,2,1.67,2,0,0
2280.02,1,2,1,3.25,0,0,1
7244.82,18,0,1,2.33,1,0,0
8137.17,2,0,0,3.95,0,1,0
241.56,10,0,1,2.22,1,0,0
22120.38,10,2,3,0.47,0,0,1
182.96,8,0,2,1.95,0,0,0
1524.17,13,0,1,2.88,0,1,0
2560.93,10,1,2,4.45,0,0,0
572.92,23,0,1,12.56,0,0,0
4449.3,15,0,1,2.41,0,1,0
86.85,15,1,1,6.92,0,1,0
650.86,9,0,1,3.71,1,0,0
2842.08,12,1,2,1.68,0,0,0
24354.4,8,0,1,4.35,0,0,0
8010.8,18,0,1,11.16,0,1,0
3971.89,11,0,2,3.9,2,0,0
3625.02,17,1,1,5.46,0,0,0
1664.6,12,1,1,1.38,0,1,0
64.11,23,0,2,4.54,0,0,0
469.65,9,0,1,2.1,0,1,0
16334.9,0,0,1,5.86,0,0,0
3657.86,15,0,3,0.68,0,1,0
1789.08,21,0,0,1.81,0,0,0
4257.92,16,0,3,5.66,1,0,0
2421.14,7,1,1,6.28,1,1,0
306.63,14,1,1,2.69,0,0,0
742.28,20,0,0,7.14,0,1,0
5924.23,0,1,1,2.14,0,0,0
4190.13,8,1,1,5.58,0,1,0
22502.74,18,3,1,4.76,0,0,1
460.2,20,0,1,0.88,1,0,0
14868.56,17,0,0,14.68,1,0,0
811.91,23,2,1,8.94,0,0,0
97.92,7,0,0,5.65,0,0,0
19135.54,14,0,1,15.38,0,1,1
1115.99,17,0,2,7.81,1,1,0
3588.57,17,0,1,2.16,0,0,0
17982.64,18,0,2,7.72,0,0,0
2837.74,20,1,1,4.66,0,1,0
7560.07,11,0,0,7.71,1,0,0
1294.97,5,0,2,10.16,0,1,0
3610.18,11,0,2,5.94,0,1,0
726.04,16,0,1,6.45,0,0,0
3196.91,9,0,0,6.16,1,1,0
1372.49,18,2,1,6.01,0,0,0
819.21,9,0,0,2.16,0,1,0
19848.49,0,0,5,3.08,1,1,1
18735.62,14,1,0,0.68,0,1,1
28000.0,17,0,0,10.16,0,0,1
1679.67,11,0,1,6.22,0,1,0
960.5,17,0,2,5.42,0,0,0
1963.83,13,0,1,4.22,0,0,0
1296.64,9,0,1,11.07,0,0,0
4425.49,7,1,2,4.62,2,0,0
11413.83,17,0,2,3.91,0,0,0
1904.2,12,0,2,2.5,0,0,0
6375.27,20,0,0,0.66,0,0,0
2730.06,14,0,1,6.36,0,0,0
607.42,11,1,2,1.59,0,0,0
3814.22,11,0,2,8.12,0,0,0
2365.23,8,0,1,2.71,1,0,0
3424.98,15,0,1,1.14,0,1,0
7114.2,15,4,0,3.14,0,0,0
1917.9,18,0,1,2.84,0,1,0
7466.18,9,0,1,7.1,0,0,0
4504.72,10,0,2,4.29,0,0,0
2205.96,7,3,0,1.33,0,0,0
22382.88,10,0,1,1.87,0,0,0
1320.49,12,0,1,0.81,0,0,0
13212.99,22,0,1,3.54,2,0,0
3582.14,16,0,4,6.6,0,1,0
203.48,18,0,1,5.94,0,0,0
1325.43,11,0,0,4.99,0,0,0
20640.92,8,0,0,0.53,0,0,0
245.54,10,1,1,2.58,0,1,0
137.36,10,1,0,14.67,0,0,0
1973.22,15,0,2,7.38,0,0,0
1354.4,11,1,0,7.83,0,0,0
1905.71,19,0,1,2.84,0,0,0
1035.2,23,0,2,10.83,0,0,0
635.95,11,0,2,3.5,0,1,0
3798.95,17,0,1,1.38,0,0,0
17090.17,16,0,0,1.32,0,0,0
774.68,9,0,3,5.14,0,0,0
1292.19,20,0,0,14.52,0,1,0
2927.26,9,0,1,2.13,0,0,0
299.91,17,0,0,9.94,0,1,0
570.49,11,1,0,3.7,0,1,0
303.41,11,2,0,15.6,0,0,0
5413.61,13,3,0,5.52,0,1,0
4527.13,19,1,0,11.5,1,1,0
4538.83,8,3,1,5.88,0,0,0
4091.77,6,0,1,4.74,0,1,0
3601.77,12,2,1,2.82,0,0,0
2134.11,6,0,3,1.78,0,1,0
3349.6,17,1,0,3.57,0,1,0
185.17,18,0,1,2.38,0,1,0
19775.62,19,0,0,6.28,0,0,0
23421.54,17,2,1,3.28,0,1,1
2280.37,20,0,1,1.44,0,0,0
1475.71,17,0,2,5.16,0,0,0
1099.8,21,0,4,0.49,0,1,0
3354.29,9,0,1,3.8,0,1,0
23540.53,14,1,1,10.8,0,1,1
6612.61,23,0,1,2.35,0,0,0
1400.99,16,0,4,2.6,0,0,0
4759.8,19,1,1,3.32,0,0,0
2697.01,3,1,0,9.2,0,1,0
6921.39,19,0,1,6.38,1,1,0
2461.21,17,1,0,1.28,0,0,0
2392.94,9,0,2,5.09,1,0,0
2819.87,2,0,1,11.09,0,1,0
4487.39,10,1,0,9.77,0,1,0
10759.53,20,1,0,2.82,0,1,0
20982.4,16,0,2,2.29,0,0,0
235.73,20,0,0,10.43,1,1,0
8934.86,13,0,2,4.66,0,0,0
2475.23,21,1,0,1.32,0,1,0
3113.63,13,1,2,5.77,1,1,0
2167.51,9,0,1,12.0,0,1,0
18218.3,8,0,2,7.4,1,0,0
4736.49,23,0,3,5.08,0,0,0
4460.81,11,1,0,5.52,0,0,0
1255.31,8,0,0,11.24,0,0,0
1230.01,0,0,1,7.81,0,1,0
5881.38,10,0,0,1.2,0,0,0
17515.7,20,0,4,1.36,0,0,0
20015.99,14,0,0,9.32,1,1,0
14585.93,16,0,1,5.26,1,0,0
2936.49,20,0,0,17.86,0,0,0
8856.1,14,1,1,2.13,1,1,0
3687.47,19,0,1,6.15,1,0,0
1772.54,11,0,0,5.5,0,1,0
3802.98,22,0,2,7.5,0,0,0
1409.0,7,0,1,14.87,0,1,0
1099.05,17,0,1,2.52,0,1,0
18328.09,16,0,0,6.9,0,0,0
4506.27,9,2,2,1.74,0,0,0
3371.52,12,1,4,5.14,1,1,0
1464.65,11,1,0,14.26,0,0,0
221.31,7,0,0,2.33,1,0,0
160.96,15,1,0,12.79,0,0,0
2645.1,23,0,2,2.74,1,0,0
4653.99,15,0,2,7.96,0,1,0
16775.55,14,0,0,0.12,0,0,0
5940.0,5,0,0,4.88,0,0,0
168.79,8,0,0,0.38,1,1,0
14960.14,14,1,2,2.54,0,0,0
925.89,23,0,0,8.01,0,0,0
18164.16,19,0,2,3.24,1,1,0
300.41,11,0,3,2.66,0,1,0
25617.36,14,0,0,4.29,0,0,0
18967.29,15,2,1,2.47,0,1,1
8236.0,17,0,1,4.73,0,1,0
1835.81,17,0,1,8.73,0,0,0
13612.87,18,0,3,4.02,0,0,0
2644.22,2,3,2,4.38,0,0,1
8607.93,21,0,2,6.39,2,0,0
77.16,6,1,2,12.92,0,1,0
4473.68,13,0,0,6.8,0,0,0
7527.41,20,0,0,5.21,2,1,1
541.59,14,0,1,5.54,0,0,0
17668.73,6,0,2,0.33,0,1,1
19596.22,9,0,1,4.24,0,0,0
8742.39,15,0,3,1.4,0,0,0
2561.54,7,0,1,16.11,0,0,0
2458.8,12,0,0,1.73,0,1,0
546.83,11,0,1,1.57,0,0,0
62.53,18,0,2,5.6,0,0,0
5376.7,7,1,1,1.86,0,0,0
353.28,16,0,3,2.95,0,0,0
3275.08,12,0,2,5.66,0,0,0
7933.93,15,0,0,3.95,0,1,0
808.86,9,0,1,3.84,0,0,0
3562.21,15,0,1,1.47,0,0,0
322.3,16,0,1,1.39,0,0,0
3022.31,6,1,0,2.55,0,0,0
632.94,18,3,2,5.44,0,0,0
4321.22,19,0,0,3.38,0,1,0
1206.99,6,0,2,3.54,0,0,0
2051.95,15,0,2,2.17,0,0,0
2987.58,15,0,1,4.27,0,0,0
661.17,0,0,1,2.0,0,0,0
4390.86,11,1,2,2.67,0,0,0
1213.45,22,0,2,6.89,0,1,0
3534.59,15,0,1,7.61,0,0,0
611.4,21,0,0,0.89,0,0,0
3788.41,16,1,0,3.47,1,1,0
17274.8,3,0,4,5.27,0,0,1
1832.82,7,0,1,7.91,0,1,0
968.68,17,0,2,13.76,0,1,0
4475.41,15,0,1,2.32,0,1,0
1032.35,8,0,1,8.63,2,0,0
6890.97,16,0,0,3.62,0,0,0
7176.67,18,0,0,1.42,0,1,0
759.86,17,1,0,1.71,0,1,0
3104.86,10,0,1,5.09,1,0,0
353.78,10,0,2,1.16,0,1,0
1649.82,22,0,0,1.56,0,1,0
4058.06,20,0,1,11.38,0,0,0
3506.77,11,1,1,2.95,0,0,0
3196.1,18,0,1,7.77,0,0,0
1122.53,8,0,1,3.07,0,0,0
16801.43,9,0,2,1.74,0,1,0
407.65,9,1,2,3.66,0,1,0
4122.34,7,0,2,1.91,0,0,0
2303.06,19,0,1,11.57,0,0,0
4007.61,15,0,1,10.93,0,1,0
21598.68,10,0,1,12.92,0,1,0
1315.07,19,1,1,7.02,0,1,0
1361.72,18,0,1,2.1,2,0,1
143.45,7,0,0,5.0,0,0,0
1394.73,16,0,1,10.42,0,1,0
5263.52,17,0,0,4.93,2,1,1
7342.97,17,0,0,4.25,0,1,0
2396.85,17,1,2,0.85,0,1,0
15696.52,9,0,0,2.41,0,0,0
160.19,11,0,0,1.24,0,1,0
6823.7,19,0,2,7.81,0,0,0
20613.03,20,4,1,7.77,0,1,1
9326.84,10,0,2,8.43,2,0,0
2209.79,2,0,0,7.65,0,1,0
1399.04,19,1,0,0.51,0,0,0
23805.59,12,0,1,1.96,0,1,0
139.02,11,0,1,8.66,0,0,0
2846.88,11,0,0,5.56,0,1,0
19708.93,12,0,1,1.27,0,0,0
852.29,12,0,3,10.05,1,0,0
1852.54,15,1,2,7.57,0,0,0
17310.94,7,0,1,5.8,0,0,0
4216.05,22,0,1,4.95,0,1,0
62.29,21,0,1,2.48,0,0,0
8899.35,21,0,0,6.25,0,0,0
635.22,19,1,1,7.54,0,0,0
911.28,16,0,1,4.76,0,0,0
1038.59,9,1,2,5.27,0,0,0
183.37,5,1,2,2.53,0,0,0
14047.63,7,1,2,1.74,0,1,0
13800.83,11,0,1,7.48,0,0,0
1271.69,14,0,2,4.75,0,0,0
452.03,23,0,1,6.48,0,1,0
422.11,13,0,1,6.6,0,0,0
4127.32,14,0,1,5.59,0,0,0
22666.13,17,0,0,1.95,0,0,0
1010.38,9,2,2,2.99,0,0,0
127.62,21,0,0,12.55,0,0,0
867.78,14,0,2,5.98,0,1,0
246.16,10,0,1,3.66,0,1,0
409.25,21,0,1,7.0,0,0,0
1867.26,16,0,3,4.89,0,1,0
896.03,13,0,1,1.28,0,1,0
2381.79,15,0,1,5.8,0,1,0
995.52,17,0,0,8.24,1,1,0
9091.7,8,0,1,7.31,1,0,0
7624.37,19,0,1,4.63,1,1,0
2737.02,22,0,1,6.77,0,0,0
1460.36,15,0,1,3.76,1,1,0
1595.64,16,0,2,2.59,2,1,1
1758.49,19,0,1,8.14,2,0,0
4221.3,12,0,2,9.48,0,0,0
1982.63,23,1,2,1.02,0,0,0
6277.68,16,0,5,6.15,0,1,0
9289.11,12,0,0,13.82,0,0,0
1370.05,16,2,0,4.85,0,0,0
2692.19,14,0,3,5.49,0,1,0
379.62,7,0,0,1.04,1,1,0
775.94,18,2,1,5.19,2,0,1
1767.28,15,0,2,0.35,0,1,0
798.97,18,3,1,1.2,0,0,0
6754.41,8,0,2,3.38,0,1,0
611.41,14,0,4,2.38,0,0,0
2006.18,18,0,1,5.39,1,0,0
3038.05,23,0,0,2.91,0,0,0
3827.08,20,0,0,4.43,1,1,0
1605.6,19,1,2,7.98,2,0,0
6566.61,10,0,0,1.46,0,1,0
2748.22,19,1,2,15.7,0,0,0
1912.61,9,0,2,1.46,0,0,0
282.75,9,1,2,3.85,0,0,0
2059.71,7,0,1,4.22,0,0,0
5560.46,19,0,0,6.87,0,0,0
22044.2,7,0,2,5.21,0,0,0
5771.23,8,0,0,1.47,1,0,0
17394.89,10,0,1,4.18,0,0,0
17962.26,15,0,0,10.08,0,0,0
103.95,19,0,0,8.59,0,0,0
1216.11,12,0,0,3.51,1,0,0
3891.35,14,0,1,2.8,0,0,0
20287.24,8,0,0,5.87,0,1,1
1182.0,10,0,2,7.01,0,0,0
2250.38,8,0,2,1.89,1,1,0
1809.31,12,1,1,6.26,0,1,0
17860.17,15,0,1,9.74,0,0,0
901.98,10,1,1,6.35,0,0,0
529.16,19,1,3,4.48,0,0,0
760.84,22,0,1,7.31,1,0,0
242.15,8,2,1,1.93,1,1,0
766.59,1,0,0,1.82,0,0,0
89.58,18,1,2,5.02,0,0,0
3217.98,9,0,2,5.98,0,0,0
1277.11,11,0,2,7.33,0,0,0
11635.34,12,0,1,4.86,0,1,0
749.03,20,1,2,2.68,0,0,0
1418.03,16,0,1,2.76,0,0,0
1477.34,5,0,1,4.96,2,0,0
87.16,1,0,0,6.13,1,1,0
5908.46,9,1,1,0.74,0,0,0
20415.63,11,0,0,2.89,0,0,0
9072.52,13,0,0,1.67,0,1,0
7184.2,19,0,1,3.55,2,0,0
2513.89,11,0,0,0.52,0,0,0
2570.0,12,0,1,6.51,0,1,0
23300.88,11,1,1,6.02,0,0,1
1626.31,0,2,2,2.68,0,0,0
3394.13,21,0,4,10.68,0,0,0
17334.7,8,2,1,0.47,0,1,1
237.8,10,2,2,0.34,0,0,0
2015.43,8,1,0,1.26,0,0,0
2612.54,14,1,1,4.5,0,1,0
7060.41,21,0,1,4.36,0,0,0
413.77,7,0,1,2.81,0,0,0
5594.78,13,0,0,4.97,0,0,0
814.5,2,0,0,4.63,0,1,1
1663.24,18,2,2,3.46,0,0,0
1278.17,16,0,1,3.83,0,1,0
1695.47,17,1,2,3.67,1,0,0
581.93,13,0,1,2.61,1,0,0
17205.85,20,0,3,6.16,0,0,0
5236.59,12,0,1,2.1,0,0,0
16469.67,14,0,2,6.99,0,1,1
22851.25,17,0,3,5.8,2,0,1
6104.6,14,0,0,0.24,0,1,0
3977.99,9,0,0,14.83,1,1,0
2217.56,11,1,3,2.16,4,1,0
1013.59,7,0,1,6.37,0,0,0
6979.0,13,1,0,4.46,0,0,0
2813.38,15,0,1,11.92,1,0,0
15481.52,8,0,1,0.53,2,0,1
20528.56,16,0,2,6.63,0,0,0
21212.49,20,1,1,9.11,0,0,0
21089.76,11,0,2,9.43,0,0,0
15547.69,9,0,0,2.91,0,1,1
506.93,20,0,0,3.63,0,0,0
5147.91,17,1,0,9.72,0,0,0
1666.9,7,0,2,18.23,0,1,0
2228.64,12,0,2,7.65,0,1,0
6862.24,16,0,4,4.8,0,0,0
17709.5,15,0,1,2.39,0,0,0
2527.5,16,0,0,8.26,0,1,0
221.78,15,0,0,9.83,0,0,0
15879.65,18,0,0,5.07,0,1,1
958.47,11,0,4,9.21,0,0,0
3712.03,17,0,1,2.54,0,0,0
473.67,23,0,4,3.28,0,1,0
446.46,12,1,0,6.93,0,0,0
1753.64,18,0,3,8.79,1,1,0
3399.72,10,0,0,1.8,0,0,0
4044.14,10,1,0,10.44,0,1,0
689.0,21,0,1,6.53,0,0,0
325.39,2,0,1,3.46,1,1,0
27183.87,9,0,2,3.81,1,0,1
1026.42,13,0,1,4.65,0,0,0
6202.98,12,0,1,4.38,0,0,0
6432.38,16,1,4,7.32,0,1,0
4798.25,9,0,3,4.98,1,0,0
651.76,6,0,0,7.85,0,0,0
5579.54,11,2,0,2.07,1,0,0
4752.55,14,0,0,6.29,0,0,0
2966.02,15,0,0,20.49,0,1,0
1376.11,15,0,0,4.61,0,0,0
1034.4,15,2,0,2.59,0,0,0
475.94,10,0,0,3.57,1,0,0
2341.13,18,0,0,1.3,1,0,0
2876.34,7,0,2,2.53,1,0,0
1484.82,9,0,2,6.82,0,0,0
2124.13,17,0,2,6.33,0,0,0
22197.87,10,0,1,7.18,0,0,0
3338.24,14,0,1,3.8,0,1,0
7468.82,11,3,1,1.08,0,1,0
632.9,14,1,0,0.58,0,1,0
1596.99,11,1,2,12.91,0,0,0
545.87,23,0,1,8.39,0,0,0
3198.17,11,0,0,3.77,2,0,0
4236.51,16,0,1,3.27,3,0,0
8658.29,20,0,2,6.2,0,0,0
1106.2,16,0,0,4.33,0,0,0
9659.89,15,0,0,3.06,0,0,0
269.13,15,0,1,5.08,0,0,0
3016.33,14,0,0,2.04,0,1,0
248.26,18,0,2,9.78,0,1,0
28000.0,5,0,1,8.42,0,1,0
2474.77,20,1,0,3.53,1,0,0
3601.41,15,0,2,7.82,0,0,0
5760.03,19,2,3,2.3,0,1,0
581.23,0,1,0,4.58,1,1,0
185.94,19,0,1,14.79,0,0,0
6815.15,8,3,0,14.98,1,1,1
1270.36,17,0,1,4.33,0,0,0
501.89,12,0,1,5.02,0,0,0
2082.33,16,1,5,1.64,0,1,0
2978.61,16,0,1,15.13,0,0,0
18818.32,8,0,2,1.21,0,1,1
1088.61,14,0,1,2.14,0,0,0
166.72,10,0,1,3.4,0,0,0
1804.98,15,1,1,2.78,0,1,0
7275.19,17,0,0,5.57,0,1,0
13033.77,7,0,2,2.64,0,0,0
3303.15,14,2,1,3.58,0,0,0
624.18,16,0,1,8.72,0,1,0
7621.15,10,1,1,3.33,2,1,1
2383.78,21,2,4,4.7,2,0,1
594.21,14,1,1,12.27,0,1,0
27249.01,9,0,0,7.14,0,1,1
4593.2,7,0,4,6.87,0,0,0
21777.36,14,0,0,2.37,0,0,1
4012.17,12,0,1,2.12,0,0,0
775.42,9,0,0,6.54,1,0,0
818.39,3,0,0,5.46,0,0,0
3790.21,15,0,0,2.02,0,1,0
853.94,15,0,0,2.4,0,0,0
1907.84,8,0,2,1.38,1,1,0
4934.46,15,0,1,6.07,0,0,0
4963.22,21,1,2,3.19,0,0,0
1992.11,22,0,0,2.72,0,0,0
5087.62,20,0,1,13.33,0,0,0
5896.81,18,0,3,0.22,0,1,0
3463.4,9,0,1,8.09,0,0,0
889.83,8,0,0,1.13,0,0,0
20130.91,13,0,1,8.49,0,0,0
1269.93,16,1,0,1.73,0,1,0
457.47,19,0,1,2.27,0,0,0
1080.95,9,0,2,1.69,0,1,0
20690.6,13,1,1,9.67,0,1,1
2004.23,16,0,1,1.1,0,0,0
7710.35,13,0,1,3.43,0,0,0
413.12,13,1,0,12.41,0,0,0
4136.55,9,0,1,0.62,0,1,0
3779.86,23,0,3,1.16,0,0,0
382.09,13,1,2,9.65,2,0,0
8246.92,14,0,2,5.78,1,0,0
2749.35,9,0,0,4.6,0,0,0
1506.8,14,0,1,3.4,0,0,0
4580.95,10,0,1,10.21,0,0,0
17900.93,9,0,1,3.71,0,0,0
3844.22,10,0,0,4.02,0,1,0
189.67,0,1,3,6.69,0,1,0
5912.44,15,1,0,7.62,3,1,1
19921.35,12,0,1,3.05,0,1,1
20598.56,20,0,3,3.09,1,1,0
860.16,5,0,1,11.98,1,1,0
3677.06,5,1,1,5.57,0,0,0
4794.28,20,0,1,0.68,0,1,0
2111.07,8,0,0,2.37,0,0,0
3137.18,0,0,0,6.18,0,1,0
2010.1,9,0,0,2.69,0,1,0
7244.57,18,0,2,0.32,0,0,0
2264.46,18,0,1,3.59,0,0,0
5960.64,11,0,2,1.0,0,0,0
5231.91,16,0,1,4.09,0,1,0
1751.16,14,1,3,5.85,0,0,0
896.72,20,0,0,3.42,0,0,0
1727.25,6,0,3,6.99,0,0,0
5659.84,18,0,1,8.32,0,0,0
18386.31,9,0,3,16.93,0,1,1
2438.41,12,0,1,4.27,0,0,0
25429.65,9,0,1,1.55,0,0,0
1455.67,17,2,0,18.61,0,0,1
19193.92,16,0,1,3.43,0,0,0
962.0,15,0,0,3.6,0,1,0
430.32,17,0,2,6.61,0,1,0
19787.06,16,0,0,4.7,1,0,0
393.49,18,0,2,1.23,0,1,0
1073.14,10,1,1,11.21,0,0,0
6241.68,12,0,3,3.12,0,0,0
1421.17,8,1,3,2.65,0,0,0
28000.0,12,0,1,0.83,0,0,0
12536.25,17,1,1,4.9,1,0,0
1059.53,17,1,2,1.85,1,0,0
193.89,17,0,1,9.62,0,0,0
3967.18,11,0,2,3.17,0,1,0
16643.5,16,0,0,1.89,0,0,0
399.83,11,0,1,4.99,0,0,0
3993.98,21,0,2,1.14,0,0,0
161.35,11,0,0,1.77,0,0,0
6593.55,15,1,2,1.41,0,0,0
537.62,17,0,1,2.15,0,1,0
17482.97,20,0,4,9.13,0,0,0
678.2,13,0,3,1.99,0,0,0
10381.78,11,0,1,3.55,0,0,0
3840.67,12,3,0,1.61,0,1,1
5232.22,11,1,1,3.11,0,0,0
1682.05,16,0,0,1.59,0,0,0
1371.82,21,0,2,5.84,0,0,0
915.06,8,0,2,3.43,0,0,0
2156.56,15,0,0,3.43,0,1,0
2628.26,20,0,0,4.34,0,0,0
3256.99,7,0,0,9.58,0,1,0
1011.1,14,2,1,2.6,0,1,1
9561.34,19,0,2,2.86,0,0,0
655.32,20,0,0,11.22,1,0,0
10847.99,14,1,1,4.04,0,0,0
107.9,2,0,1,6.76,0,1,1
2159.5,7,0,0,5.02,0,0,0
1357.65,15,0,1,0.43,0,1,0
1967.98,8,0,2,3.2,0,0,0
2765.65,8,0,0,2.91,0,1,0
1890.31,18,0,1,3.37,0,0,0
1774.82,17,0,0,10.98,0,0,0
4282.31,19,1,0,7.98,0,1,0
3765.5,7,0,1,1.67,0,0,0
5792.44,9,0,1,6.12,0,0,0
980.41,19,0,0,1.26,0,0,0
3069.28,17,0,3,10.74,0,0,0
2875.83,18,0,1,3.72,1,0,0
1537.18,23,0,1,5.65,0,0,0
2190.06,19,0,0,7.38,1,0,0
1264.99,14,1,1,0.96,0,0,0
549.5,11,0,2,3.71,0,0,0
829.75,15,0,1,1.34,0,0,0
416.82,16,1,1,3.19,0,0,0
23965.1,11,0,0,1.19,0,0,0
3519.04,18,0,2,1.55,0,0,0
9685.39,7,2,2,3.7,1,0,0
22185.53,18,0,1,4.19,0,1,1
231.04,4,0,2,5.38,1,0,0
6960.1,14,0,0,6.25,0,0,0
6413.3,19,0,2,6.69,0,1,0
1934.45,7,0,0,7.18,1,1,0
2880.99,14,0,1,12.06,0,0,0
12005.51,8,0,1,0.54,1,0,0
2491.8,20,0,0,2.48,0,0,0
7603.27,19,1,2,10.68,0,0,0
337.41,21,0,1,0.71,0,1,0
738.47,19,0,3,2.97,0,0,0
1919.74,17,2,0,16.79,0,1,0
2872.45,9,0,2,10.17,1,1,0
5480.99,10,0,1,1.11,1,0,0
28000.0,14,0,0,5.88,0,0,0
1635.73,15,2,1,7.23,0,1,0
215.45,18,1,1,10.51,0,0,0
5229.0,9,1,0,11.85,0,0,0
17356.9,8,0,3,8.46,0,1,1
768.24,13,0,1,1.2,0,1,0
2245.14,8,0,1,5.55,1,1,0
4399.2,17,1,1,8.99,0,0,0
4768.7,15,0,0,3.32,0,0,0
2275.63,17,0,2,1.05,0,0,0
1225.29,6,0,0,2.33,0,1,0
11707.38,22,0,2,1.63,1,0,0
3544.0,0,0,1,3.47,1,0,0
1738.88,11,0,0,2.34,0,0,0
1113.27,16,0,1,1.65,1,0,0
4262.97,5,0,1,5.57,0,1,0
947.4,7,0,1,2.94,0,0,0
20869.84,7,0,1,8.9,1,0,0
2474.94,15,0,0,7.82,1,0,0
1155.91,20,0,0,2.88,0,1,0
3232.15,15,2,0,3.2,0,0,0
461.58,15,0,3,5.59,0,0,0
3464.93,11,0,1,2.68,1,0,0
1125.9,1,0,0,3.14,0,0,0
60.78,2,0,1,2.57,2,0,1
494.39,20,0,0,9.72,0,0,0
26553.62,7,1,1,6.0,0,0,0
6524.24,23,0,1,9.8,0,0,0
911.4,8,1,1,3.66,0,1,0
4881.61,16,1,1,10.51,0,0,0
16315.53,21,0,1,8.11,0,0,0
11378.97,11,0,1,2.62,0,0,0
1556.88,17,0,0,8.12,0,0,0
21785.78,11,0,1,4.34,0,0,0
20881.24,11,0,3,5.22,1,0,0
1674.69,9,0,0,6.26,0,0,0
10681.39,18,0,1,7.33,0,1,0
2537.81,10,0,3,1.33,0,0,0
1146.43,10,0,1,2.53,0,1,0
470.05,23,0,2,4.49,0,1,0
3950.57,11,0,3,3.28,0,0,0
3372.74,12,1,1,4.82,0,0,0
1558.58,23,0,0,6.23,0,0,0
9707.16,11,0,3,0.97,0,0,0
131.85,11,0,1,2.87,0,1,0
1218.43,18,1,3,0.99,2,0,0
8185.4,11,1,3,2.84,0,0,0
1298.53,9,1,2,3.01,0,1,0
990.21,12,0,2,2.23,0,0,0
16138.27,17,0,2,5.34,0,0,0
23275.31,5,0,2,1.85,0,0,0
408.36,12,0,1,2.92,0,0,0
9228.22,11,2,0,2.37,0,0,0
5132.32,10,0,1,4.02,0,0,0
699.93,16,0,1,1.22,0,0,0
4043.43,10,1,2,3.94,0,0,0
1615.41,15,0,1,3.41,0,0,0
1706.9,14,0,2,1.82,0,1,0
4953.43,9,0,0,2.44,1,0,0
10591.32,10,0,0,0.23,0,0,0
493.36,9,0,2,9.29,2,1,1
1806.61,6,1,1,2.58,0,0,0
2158.36,16,0,1,5.07,0,1,0
1570.74,16,0,0,7.64,0,1,0
1504.1,8,0,2,9.37,0,1,0
231.79,16,0,0,3.36,0,0,0
3762.06,22,0,0,1.81,3,0,0
1893.86,6,0,1,1.22,0,0,0
753.3,14,0,0,4.59,0,0,0
5477.61,17,0,1,6.51,0,0,0
25575.27,5,0,0,3.9,0,0,0
15269.7,18,0,2,2.52,0,1,0
1194.28,22,0,0,2.16,1,0,0
3312.38,7,0,0,2.02,0,1,0
19194.95,18,0,1,0.76,0,0,0
921.43,12,0,0,8.3,0,0,0
21055.19,8,0,0,5.21,0,1,1
191.71,14,1,0,0.29,0,0,0
378.61,6,0,3,4.58,0,0,0
81.8,14,0,3,6.49,0,0,0
591.16,1,0,0,1.85,0,1,0
288.75,17,0,3,1.98,0,0,0
17574.35,14,0,1,3.9,2,1,1
1150.61,13,1,1,2.26,1,1,0
577.31,9,1,0,7.12,0,0,0
942.4,11,0,2,2.76,0,0,0
8862.68,9,0,1,1.32,0,0,0
2409.77,17,0,0,1.52,0,0,0
17288.21,9,0,5,3.13,0,1,1
24693.59,16,0,1,2.65,0,0,0
1668.03,10,1,2,5.2,0,0,0
1365.54,16,0,1,7.34,0,0,0
803.32,14,0,1,3.36,0,0,0
1578.36,12,0,0,5.99,0,1,0
1278.55,16,0,1,17.55,0,0,0
3679.34,12,0,0,6.65,0,1,0
14575.71,18,1,0,2.38,0,0,0
2814.74,17,0,2,4.64,3,1,0
278.12,14,0,1,6.77,1,0,0
19763.91,19,1,0,2.46,0,0,0
1734.38,19,1,0,4.71,0,0,0
8904.21,14,1,0,6.68,0,0,0
1575.56,6,0,0,3.81,0,0,0
3550.77,15,2,1,14.98,0,1,0
1002.36,11,1,1,0.45,0,0,0
494.75,14,1,2,5.59,0,0,0
253.02,16,2,0,3.51,0,0,0
1226.2,16,2,0,8.82,0,1,1
609.03,16,0,0,8.66,0,0,0
671.75,16,0,0,7.15,0,1,0
17672.75,7,0,0,1.91,0,0,0
111.09,9,0,3,10.21,0,0,0
2671.25,16,0,3,5.27,0,0,0
1586.94,12,0,2,4.88,0,0,0
2320.27,18,0,3,13.95,0,0,0
2707.79,8,0,2,5.53,0,0,0
1263.06,9,0,1,3.0,0,1,0
1179.08,15,0,4,1.93,2,0,0
4290.44,14,0,2,2.6,0,0,0
6620.3,10,2,0,4.8,0,0,0
744.52,12,0,1,3.64,0,0,0
388.7,4,0,0,0.3,0,0,0
7358.5,4,0,1,5.01,1,0,0
1437.99,7,0,2,5.71,0,1,0
2624.61,15,1,0,5.32,0,0,0
1485.84,19,0,2,1.36,0,1,0
15945.72,10,0,1,16.65,0,1,1
2907.9,4,1,3,4.32,0,0,1
2443.16,17,2,1,6.26,0,1,0
786.06,19,0,2,3.81,0,0,0
1983.97,8,0,1,1.4,2,0,0
5161.73,12,0,1,4.1,0,1,0
2916.44,8,0,0,2.24,0,1,0
386.21,7,1,0,3.08,0,0,0
19632.86,16,1,1,5.45,0,0,0
19958.23,22,0,2,3.14,0,1,0
5095.54,16,1,1,3.63,1,0,0
3233.98,23,0,1,3.34,0,0,0
590.08,13,0,2,3.6,0,0,0
4023.11,20,0,0,6.38,0,0,0
3679.72,9,1,0,9.36,0,0,0
139.14,8,1,1,8.04,0,0,0
1757.92,17,0,1,0.94,0,1,0
1355.65,12,0,0,3.48,1,0,0
3602.02,11,0,0,6.52,2,0,0
839.26,16,0,3,6.45,0,1,0
2919.93,11,0,0,6.79,1,1,0
7881.5,15,0,2,8.48,0,0,0
5175.23,10,0,1,10.27,0,1,0
8201.18,18,0,2,2.2,0,1,0
12347.94,11,0,1,5.48,0,0,0
94.33,14,1,1,1.26,0,0,0
3179.44,2,0,0,17.08,0,0,0
1763.86,18,0,0,5.4,0,1,0
6348.24,16,0,1,5.9,0,0,0
16448.14,9,0,1,5.48,0,0,0
12747.58,9,0,0,2.38,0,1,0
3103.72,10,0,3,1.03,0,1,0
5108.44,15,0,1,3.4,0,1,0
346.36,15,0,0,6.7,0,1,0
708.57,10,0,1,9.3,0,0,0
4605.56,17,0,1,7.05,2,0,1
131.14,20,0,1,7.34,0,0,0
25139.01,5,0,1,7.08,0,0,0
20583.61,12,0,0,2.26,0,0,0
3485.19,15,0,3,3.07,2,1,1
1513.69,15,0,2,1.16,0,1,0
3085.44,1,0,1,2.55,0,0,0
3870.66,9,0,2,2.34,0,0,0
1401.67,6,0,0,4.44,0,0,0
425.59,15,0,0,0.92,0,0,0
291.01,16,0,1,7.87,0,1,0
2904.82,8,0,0,4.66,0,0,0
2413.07,11,0,2,3.99,0,1,0
4397.84,11,0,4,8.48,0,0,0
2340.99,18,0,2,7.39,0,1,0
1816.65,9,0,2,5.07,0,0,0
1684.46,15,0,0,3.64,0,0,0
20135.47,18,0,2,6.68,0,1,0
1368.18,19,0,1,8.71,0,0,0
11997.73,16,0,2,1.74,0,1,0
6677.45,10,0,1,5.16,0,1,0
1338.56,18,0,1,6.55,0,0,0
2895.95,17,0,0,4.63,1,0,0
6073.63,17,1,3,5.98,0,1,0
1922.71,6,0,1,1.33,2,1,0
117.99,5,0,2,4.36,0,0,0
307.78,17,0,2,0.49,0,1,0
2345.29,21,0,1,0.89,0,0,0
11221.74,18,0,1,1.55,0,1,0
3841.09,19,0,1,0.58,0,1,0
295.38,14,1,2,3.97,0,0,0
731.78,10,0,0,6.13,0,0,0
4781.43,16,0,1,4.43,0,0,0
5953.19,17,1,0,3.55,0,1,0
3136.91,16,1,0,6.86,0,0,0
3368.84,21,0,1,0.43,0,1,0
151.99,11,0,2,2.45,0,1,0
22882.17,5,1,1,10.99,0,0,0
5027.9,20,0,2,6.85,0,0,0
1019.37,8,0,0,2.06,0,1,0
4006.63,17,0,0,1.98,0,0,0
20907.35,19,0,1,2.67,0,0,0
191.73,11,1,1,5.84,1,0,0
778.61,19,0,1,6.24,0,0,0
689.7,11,0,1,5.05,1,1,0
1378.75,18,0,1,2.82,1,0,0
1794.58,6,0,2,4.64,0,0,0
2333.19,16,1,0,2.13,0,1,0
2132.65,16,0,0,8.52,0,0,0
1070.03,14,0,1,0.48,0,1,0
154.73,17,0,2,3.04,0,1,0
3033.21,20,0,2,1.97,0,0,0
1672.03,17,0,0,2.31,0,1,0
21562.19,22,1,3,2.89,0,1,1
6514.28,13,0,2,0.82,0,0,0
4454.73,14,0,1,4.05,0,0,0
22574.8,10,0,2,2.58,0,0,0
2246.12,23,0,1,4.27,1,0,0
509.07,6,0,1,0.67,0,0,0
3872.66,11,0,0,3.45,0,0,0
798.45,10,0,3,0.45,0,1,0
1922.45,12,3,1,1.58,0,0,0
275.07,20,0,1,11.63,0,1,0
5643.15,11,0,2,0.28,0,1,0
15758.31,20,0,1,10.94,0,0,0
7528.96,12,0,0,1.99,0,0,0
6449.75,19,1,1,3.52,0,0,0
2059.07,14,2,1,1.86,0,0,0
4424.85,11,0,0,5.31,0,0,0
3151.6,13,1,0,4.04,0,1,0
5259.79,12,0,2,1.07,0,0,0
1868.93,10,0,2,1.59,0,0,0
4990.83,10,0,0,2.16,0,0,0
2046.39,9,1,0,5.56,0,1,0
9114.84,11,0,1,3.86,0,1,0
15978.14,16,1,0,7.81,0,0,0
2047.36,12,0,1,3.31,1,0,0
4979.84,17,0,2,3.26,0,1,0
5575.53,23,0,3,8.15,1,1,0
2647.31,12,0,0,3.19,0,1,0
694.25,13,0,0,3.11,0,0,0
18910.84,8,1,0,5.14,0,0,0
11081.72,12,0,0,4.68,0,0,0
4534.6,17,0,0,5.41,0,1,0
5393.98,9,0,1,2.39,0,0,0
20737.18,9,1,0,3.19,0,0,0
2078.71,12,0,0,5.14,0,0,0
3388.69,18,1,1,4.92,0,0,0
5730.88,16,1,2,4.04,1,0,0
221.69,21,0,0,2.13,0,0,0
6183.24,20,0,0,1.43,0,0,0
2603.87,8,0,0,5.16,0,0,0
763.33,5,0,1,8.17,0,0,0
1281.23,12,0,0,1.83,0,0,0
1119.8,14,0,1,1.64,0,0,0
2481.93,14,1,3,4.03,0,0,0
229.82,8,0,0,4.59,0,0,0
612.36,8,0,1,1.27,1,1,0
5420.02,5,0,0,1.42,0,0,0
515.23,19,0,0,5.91,0,1,0
910.51,21,1,1,1.38,1,1,0
1992.75,8,0,3,8.89,0,0,0
19876.82,9,0,0,5.21,0,1,1
4675.28,7,0,3,1.84,0,0,0
1957.6,19,0,0,4.77,0,1,0
5052.01,21,0,0,2.35,0,0,0
21482.87,10,0,3,12.27,1,0,0
444.07,10,0,2,7.98,0,0,0
14507.06,11,0,1,4.61,1,1,0
1898.51,14,3,1,4.62,0,0,0
1678.09,16,0,1,2.65,0,0,0
4414.56,14,0,1,6.48,0,0,0
2841.62,21,1,0,0.59,0,0,0
1631.97,7,1,0,6.51,0,1,0
659.19,18,0,2,3.67,0,0,0
883.25,11,0,0,3.79,0,0,0
2801.91,12,2,1,3.03,0,0,0
1822.16,17,0,1,7.2,0,0,0
2375.06,21,0,1,3.1,0,1,0
658.87,17,0,1,5.62,0,1,0
3539.66,18,0,2,2.08,1,0,0
6185.41,17,0,1,6.75,0,0,0
1014.64,11,0,1,6.4,0,1,0
2224.22,17,1,1,7.09,0,1,0
11932.63,18,0,0,4.93,1,1,0
1357.05,14,0,2,7.28,0,0,0
2952.74,14,0,1,2.03,0,0,0
14510.64,18,0,1,10.63,0,0,0
3040.62,18,0,1,3.28,0,0,0
17076.29,11,0,2,3.21,0,0,0
10299.81,18,0,1,7.38,0,0,0
4084.3,18,0,1,7.41,0,1,0
25636.27,9,1,2,2.13,0,0,0
3956.8,17,0,3,11.02,0,0,0
18797.28,9,0,0,3.94,0,1,0
1972.57,7,1,1,6.72,0,0,0
6314.6,15,0,5,3.16,0,1,0
10116.77,20,0,0,6.94,0,0,0
2271.91,4,0,0,11.1,0,0,1
8640.59,18,0,0,2.75,0,0,0
2861.5,14,0,1,4.26,0,0,0
2533.67,19,0,0,4.13,0,1,0
1999.27,19,0,2,4.11,0,1,0
811.43,19,2,0,5.24,0,1,0
71.93,18,0,1,5.56,0,0,0
944.55,19,0,2,8.59,0,0,0
2340.91,9,0,1,1.22,0,0,0
1589.51,10,0,3,0.57,0,0,0
1964.28,10,0,0,5.71,0,1,0
12683.91,17,0,2,4.59,0,0,0
1439.85,8,0,1,12.94,0,0,0
1985.8,9,0,0,0.17,0,0,0
518.6,19,0,0,5.21,0,0,0
217.27,17,0,2,3.33,0,0,0
4839.13,19,0,0,3.12,0,1,0
2765.79,8,0,1,1.52,0,1,0
4636.18,12,2,1,0.72,0,0,0
579.54,10,1,3,4.77,0,0,0
2774.34,0,2,0,7.35,0,0,0
996.16,10,2,0,4.26,0,1,0
888.32,12,0,1,2.87,0,0,0
97.1,7,0,2,0.65,0,1,0
506.89,15,0,2,1.66,0,0,0
1244.01,12,0,0,2.15,0,0,0
457.74,5,0,0,4.02,3,0,0
28000.0,17,0,1,3.04,0,0,0
15203.38,17,0,2,12.81,1,0,0
18442.97,19,0,2,2.02,0,0,0
770.39,13,0,1,7.69,1,0,0
2895.24,22,2,3,11.83,0,0,0
271.8,20,0,0,2.29,0,0,0
6407.69,15,1,0,10.01,0,1,0
10482.68,13,0,0,5.18,0,0,0
966.73,0,0,1,1.22,0,0,0
1973.63,17,0,2,11.27,0,0,0
131.63,15,0,1,0.1,0,1,0
3335.6,21,4,0,0.78,0,1,1
19574.69,15,0,0,4.03,0,1,0
1067.33,23,0,0,3.23,0,1,0
801.53,19,0,2,14.24,1,0,0
3456.43,21,0,3,4.53,0,0,0
1782.32,11,3,2,2.2,0,1,0
693.71,8,0,1,2.36,0,0,0
3798.6,18,0,0,5.03,1,1,0
22603.24,18,0,2,0.48,0,1,1
6321.35,9,0,1,10.97,0,0,0
459.9,18,0,2,1.95,2,0,0
4988.71,15,0,0,1.47,0,0,0
3642.01,7,0,0,6.05,0,0,0
450.98,14,0,2,1.48,0,1,0
3857.94,21,0,4,8.54,0,0,0
1924.27,14,0,1,2.89,0,0,0
9340.47,18,0,2,5.14,1,0,0
548.63,3,0,3,1.78,0,0,1
3354.57,17,0,0,5.41,2,1,1
1599.95,21,0,0,3.72,0,0,0
10115.21,14,0,1,0.62,0,0,0
1341.41,11,0,0,4.87,0,0,0
10540.24,16,0,1,15.1,0,1,0
20502.71,20,1,1,2.23,0,1,0
1068.75,9,0,1,4.39,1,0,0
19786.83,12,0,3,15.68,0,1,1
17426.74,8,0,1,7.75,0,0,1
15749.47,14,0,0,1.47,0,0,0
1897.06,14,0,0,7.88,0,1,0
2409.91,21,1,1,7.38,0,0,0
1178.27,12,3,2,1.21,0,0,0
20708.95,15,0,0,8.93,0,1,1
855.61,20,0,0,0.88,0,0,0
15349.38,11,0,0,2.35,0,1,1
1936.06,16,0,2,3.81,0,1,0
13956.21,17,0,1,10.13,0,1,0
6669.83,11,1,0,7.98,0,0,0
3965.53,8,0,3,2.56,0,0,0
344.96,14,0,0,14.18,0,1,0
3420.28,11,0,2,3.23,0,1,0
3453.04,10,0,1,7.72,0,1,0
10071.54,22,0,0,5.75,0,0,0
69.68,14,1,0,2.66,0,0,0
18247.47,19,0,0,2.04,0,0,0
8470.23,9,0,1,4.01,1,1,0
8668.7,21,0,4,9.72,0,1,0
4140.2,18,2,0,3.3,0,0,0
4704.55,18,0,2,7.26,0,0,0
367.01,12,0,1,5.73,0,1,0
2368.13,13,0,0,3.71,1,0,0
902.95,15,0,1,11.44,1,0,0
699.8,18,3,1,4.8,0,1,1
5379.45,19,0,0,2.71,1,0,0
17752.69,7,0,1,6.82,0,0,0
21835.86,20,0,3,8.6,0,1,0
8987.97,21,0,1,6.16,0,0,0
717.88,15,0,1,1.5,0,1,0
12272.52,9,0,1,4.62,0,1,0
16588.59,18,0,0,1.37,0,0,0
23246.3,15,0,2,8.49,0,1,1
656.81,18,0,1,7.24,0,0,0
1275.84,18,0,2,3.55,0,0,0
1828.01,7,1,1,2.44,1,0,0
1244.27,15,0,1,13.55,0,0,0
18422.4,13,0,1,3.78,0,1,1
11528.12,21,1,1,3.17,1,0,0
592.75,10,1,1,7.01,0,0,0
4289.55,9,0,0,11.78,0,0,0
61.31,20,0,0,5.11,0,0,0
2961.74,8,1,1,5.08,0,1,0
7984.03,17,0,1,2.66,0,0,0
1146.67,10,1,1,5.62,0,0,0
716.68,15,1,2,2.69,2,0,0
3434.83,16,0,1,1.78,0,0,0
4050.03,12,0,1,6.85,1,0,0
3787.52,22,0,0,3.07,0,0,0
1290.91,8,4,0,9.26,0,0,0
989.99,12,1,1,3.54,0,0,0
10049.51,12,0,0,7.49,1,0,0
8277.11,16,0,0,4.12,0,1,0
2015.93,12,0,1,0.23,0,0,0
6050.6,7,3,1,3.54,0,1,0
1986.63,21,0,0,10.41,0,1,0
1827.43,12,0,3,1.87,3,1,0
21045.58,11,0,2,3.88,0,1,0
1838.67,13,0,2,3.33,0,1,0
2526.97,9,1,1,5.52,0,1,0
18934.11,7,0,2,3.12,1,0,0
1939.01,8,0,1,3.05,0,0,0
4925.0,8,0,1,10.66,0,0,0
3706.65,9,0,1,0.7,1,0,0
3286.52,12,0,1,2.95,1,1,0
7749.66,16,1,0,3.49,0,0,0
118.23,16,0,1,7.38,0,0,0
2665.74,0,0,0,1.56,1,0,0
5013.93,20,0,0,6.81,0,0,0
2554.2,18,1,2,6.41,0,0,0
1312.5,22,0,1,4.23,0,0,0
15645.19,11,0,1,2.63,0,0,0
7053.16,16,0,1,4.56,0,0,0
22523.58,8,1,0,1.99,0,0,0
6794.97,18,1,2,2.87,0,1,0
2880.9,8,0,1,0.6,0,0,0
21988.18,11,4,3,0.83,0,0,1
5279.12,14,0,2,8.97,0,0,0
19817.02,15,0,1,7.77,2,0,1
1684.28,15,1,2,0.65,0,0,0
2366.54,7,0,0,6.37,3,0,0
5259.3,12,2,1,4.47,0,0,0
19999.05,20,0,0,3.98,0,0,0
1631.91,19,0,2,12.66,1,1,0
381.87,15,0,1,7.18,0,0,0
7932.73,15,0,2,2.97,3,1,1
365.44,7,0,4,2.05,1,0,0
19613.6,9,0,1,7.87,1,0,1
1765.8,10,0,1,5.25,0,1,0
1724.75,14,1,1,0.23,0,0,0
3701.71,17,0,2,3.03,0,0,0
282.24,13,1,2,8.14,0,0,0
2942.17,8,0,0,3.03,0,0,0
18704.83,13,0,2,2.9,0,0,0
24448.63,8,0,2,5.3,0,1,1
20251.0,17,0,2,6.09,0,0,0
26177.18,8,1,2,1.43,0,0,0
3476.12,13,3,1,8.07,1,1,0
6894.69,17,0,0,6.81,0,0,0
2185.23,9,0,0,3.19,0,0,0
2559.07,7,0,2,4.94,0,1,0
8104.09,15,4,1,13.22,0,1,1
7425.38,6,1,1,16.58,0,0,0
1962.4,15,0,1,8.63,0,0,0
1086.48,17,0,1,1.33,0,0,0
1658.42,11,0,1,9.93,0,0,0
1630.04,14,0,2,7.09,0,0,0
15974.8,21,1,2,7.6,1,0,0
1060.85,13,2,2,1.13,0,0,0
6375.95,23,0,1,2.58,0,0,0
291.75,8,0,1,1.9,0,1,0
3682.39,17,0,1,7.84,0,1,0
667.15,16,0,1,4.13,1,1,0
1411.57,19,0,1,3.95,0,1,0
263.26,7,0,1,1.26,1,0,0
1066.96,10,0,0,3.35,0,1,0
4741.07,8,0,1,6.4,0,0,0
6981.46,21,0,2,15.11,0,0,0
861.35,12,2,0,10.92,0,0,0
2052.89,20,0,1,7.22,0,1,0
2093.57,10,0,1,10.26,0,0,0
6677.95,8,1,1,10.46,0,1,0
4664.31,10,0,2,3.26,0,0,0
2362.88,15,0,2,4.79,0,0,0
3614.97,19,2,3,0.37,0,1,0
6074.85,12,2,0,0.42,0,1,0
90.67,20,0,1,1.82,1,1,0
1710.09,10,0,3,3.94,0,0,0
7668.88,17,1,1,4.48,0,0,0
25027.57,17,0,0,1.06,0,0,0
2564.72,10,0,0,4.02,0,1,0
2473.65,3,0,0,9.13,0,0,0
1427.55,11,3,1,7.81,0,1,1
2412.17,5,0,1,1.47,0,0,0
3469.03,20,0,0,3.52,0,1,0
1794.11,21,0,2,4.41,2,1,1
4067.36,17,0,2,7.51,0,0,0
6379.85,17,0,0,1.63,0,0,0
597.75,10,0,1,6.67,0,0,0
1982.09,6,0,1,3.87,0,1,0
1737.7,18,1,1,0.1,0,0,0
16983.76,15,0,1,9.31,0,0,0
980.02,16,0,1,1.49,0,1,0
3331.52,18,0,2,9.27,0,0,0
6778.58,12,0,2,2.13,0,0,0
1792.84,8,0,2,4.45,0,0,0
7801.75,18,0,0,1.91,0,0,0
16013.65,13,0,2,0.55,0,1,1
418.89,18,0,1,4.91,0,0,0
909.08,13,1,1,10.35,0,1,0
25332.22,9,0,0,3.07,0,0,0
10229.34,9,0,0,1.35,1,0,0
389.01,17,1,0,5.84,1,0,0
108.36,15,1,0,5.04,0,1,0
622.12,12,1,0,1.84,0,1,0
17738.92,14,0,1,6.89,0,0,0
695.04,15,2,1,1.68,0,0,0
2294.42,10,1,1,3.12,0,0,0
6097.21,12,0,2,3.24,0,0,0
125.96,10,0,4,4.56,0,0,0
18108.98,12,0,2,8.25,0,1,1
1098.02,14,0,2,8.91,0,1,0
6405.38,9,0,1,4.76,0,0,0
1126.63,12,0,2,9.04,0,0,0
3774.47,12,0,0,2.23,2,0,0
3648.9,10,0,1,2.0,0,0,0
861.21,23,0,0,2.27,0,0,0
173.34,6,0,1,3.64,0,1,0
1744.36,16,0,0,2.88,0,1,0
14537.34,9,1,1,4.12,0,0,0
5357.17,19,0,0,3.32,0,0,0
5216.03,20,0,3,1.99,0,0,0
2014.21,12,0,2,0.84,0,0,0
3044.66,18,1,2,1.79,0,0,0
19272.23,10,0,4,3.77,0,0,1
5677.21,8,1,1,4.07,0,1,0
1830.85,11,0,1,3.26,0,0,0
19075.96,11,0,1,4.44,0,0,0
21105.81,12,0,1,1.86,3,1,1
2518.51,12,0,3,2.2,0,1,0
1968.13,12,0,1,5.98,0,1,0
22833.63,17,1,0,6.17,1,0,0
365.8,10,0,1,4.21,3,0,0
23582.29,1,0,1,13.79,0,1,1
829.48,14,0,0,1.49,0,1,0
761.9,13,0,2,1.39,0,0,0
1763.42,6,0,2,7.0,0,1,0
887.15,8,0,0,0.42,0,0,0
2865.53,14,0,1,15.08,2,0,0
1545.95,10,0,1,8.42,0,0,0
1966.75,19,0,3,5.21,0,0,0
19274.7,9,0,1,7.3,0,0,0
788.23,1,2,1,4.91,0,1,1
601.79,13,2,0,5.68,1,0,0
6856.11,23,0,1,15.05,0,1,0
1879.75,16,0,1,5.33,0,0,0
1759.8,11,0,2,3.38,0,0,0
176.04,1,0,0,0.75,0,0,0
2265.15,13,1,0,1.08,1,0,0
2645.01,9,0,2,10.46,0,0,0
2678.72,16,1,1,2.94,0,0,0
3988.6,15,0,3,14.43,0,0,0
685.23,10,0,0,8.94,0,0,0
990.08,6,0,1,6.38,0,0,0
5386.67,17,0,3,2.88,0,0,0
28000.0,15,3,1,10.59,1,0,1
527.53,19,0,1,1.98,0,0,0
2263.06,10,0,2,5.48,0,0,0
831.27,16,3,1,3.37,0,0,0
258.25,8,0,0,2.68,4,1,1
1320.12,10,0,3,2.07,0,1,0
556.38,16,0,3,5.44,0,1,0
23769.45,18,0,1,4.77,0,0,0
2501.54,11,0,3,7.89,0,0,0
17279.39,18,0,1,3.43,0,0,0
89.71,16,0,0,4.62,0,0,0
5343.45,11,0,1,2.86,0,1,0
680.23,19,0,0,4.74,0,0,0
3042.25,14,0,1,3.06,0,0,0
1374.76,16,1,0,10.14,0,0,0
2878.07,14,2,1,6.57,1,0,0
1273.73,13,0,4,4.94,0,1,0
351.05,19,0,3,7.03,0,0,0
867.2,10,0,3,2.7,2,0,0
726.65,4,0,0,2.01,0,0,0
1847.68,19,1,1,2.38,1,0,0
3496.08,18,0,0,2.12,0,1,0
1040.04,11,0,2,1.82,0,1,0
98.86,9,0,2,22.8,0,0,0
2401.62,16,0,0,0.96,0,0,0
3038.54,7,0,1,1.8,0,0,0
10598.7,12,1,1,4.75,0,1,0
2908.99,7,2,0,1.24,3,1,1
2098.7,15,0,1,3.6,0,0,0
2786.12,3,0,2,4.96,0,0,0
8475.07,16,0,0,2.53,0,0,0
5699.88,16,0,0,5.97,0,0,0
1308.17,14,0,1,6.84,1,0,0
926.66,9,1,0,0.96,0,0,0
1034.95,7,0,0,1.33,0,0,0
2306.49,11,0,0,1.77,0,1,0
4420.87,13,0,2,2.92,0,0,0
2298.74,16,0,1,0.27,0,0,0
284.65,0,0,1,4.36,0,0,0
4174.68,17,0,5,4.45,0,0,0
5307.18,17,1,1,3.57,0,0,0
1153.71,13,0,2,2.59,0,1,0
3551.26,11,0,1,3.22,0,0,0
1839.7,19,0,2,2.78,0,0,0
26378.2,18,0,2,5.34,3,0,1
6030.52,23,0,1,9.0,0,0,0
19306.34,12,0,1,1.62,0,0,0
3823.36,20,0,1,9.94,0,1,0
6935.44,7,0,2,6.76,0,0,0
2250.78,12,0,2,7.51,0,0,0
1262.52,13,1,1,6.36,0,1,0
4543.42,13,2,0,3.08,0,0,0
855.35,16,0,3,2.8,0,0,0
1634.05,9,1,3,9.96,0,1,0
22577.19,19,1,1,4.02,0,0,0
4184.43,15,0,1,4.58,0,1,0
1715.03,20,0,1,1.08,1,0,0
833.59,0,0,0,4.81,0,0,0
1468.02,16,0,0,0.6,1,0,0
1129.51,12,0,0,1.2,1,1,0
679.82,14,0,0,5.65,0,1,0
4411.92,17,0,1,0.62,1,1,0
989.43,9,0,0,2.67,0,0,0
1997.42,9,0,2,5.62,2,1,1
1620.1,17,0,2,1.79,0,0,0
12929.41,14,1,2,6.88,0,1,0
1647.48,9,1,0,4.64,0,0,0
17535.49,13,0,1,5.45,0,1,1
361.18,13,0,0,2.29,0,1,0
2919.0,17,0,0,2.29,1,1,0
2987.04,0,2,2,2.93,0,0,0
1796.29,15,1,1,12.05,0,0,0
1869.15,15,0,0,2.24,0,0,0
237.41,17,0,1,3.15,2,1,1
2385.76,20,0,0,6.24,0,1,0
2308.55,13,1,0,2.22,0,0,0
578.36,11,2,0,2.28,1,0,0
410.83,7,0,2,5.0,0,0,0
482.08,11,0,2,9.25,2,0,1
400.81,6,0,2,8.9,2,1,1
3070.75,18,2,2,5.26,0,0,0
760.02,18,0,3,6.47,0,1,0
986.69,12,0,1,1.46,0,1,0
670.06,10,0,3,3.59,0,0,0
10191.75,8,1,3,2.52,0,0,0
6230.84,19,0,0,3.62,0,1,0
898.42,19,0,1,1.53,0,1,0
1329.93,10,0,1,7.31,0,0,0
813.88,16,0,1,7.15,0,0,0
2226.49,10,0,1,2.28,0,0,0
123.38,9,0,1,4.85,0,0,0
22027.85,1,0,0,3.68,0,1,1
2429.83,15,2,1,7.57,1,0,0
7385.01,8,2,0,6.46,0,0,0
634.71,0,0,1,1.8,1,0,0
5276.63,7,2,0,2.75,0,0,0
5084.1,11,0,1,1.23,0,0,0
495.29,16,0,1,2.31,0,0,0
1686.97,9,0,1,17.82,0,1,0
19471.9,20,0,2,19.9,0,0,0
1000.79,10,1,4,4.12,0,0,0
16891.49,11,1,1,2.83,0,0,0
2659.88,9,0,0,5.2,0,0,0
19326.65,10,0,0,10.59,0,0,0
9504.44,6,0,2,10.43,0,1,0
492.32,10,1,0,5.38,0,0,0
11701.24,19,0,1,12.76,0,0,0
899.02,17,0,1,3.69,0,1,0
4803.2,19,1,2,6.67,0,1,0
1384.66,7,2,1,4.71,0,0,0
554.12,13,0,0,0.27,0,1,0
26582.64,9,1,0,4.9,2,1,1
1242.13,17,0,0,4.12,0,0,0
3501.44,22,0,2,4.06,0,1,0
2734.35,18,0,1,5.95,0,0,0
22912.74,4,0,0,1.16,0,1,1
2251.43,11,0,1,6.49,0,0,0
4276.5,3,0,3,2.57,0,1,1
353.97,5,0,0,0.8,1,0,0
3590.13,7,0,1,0.7,0,1,0
22114.97,10,0,1,0.99,0,0,0
250.48,10,0,0,2.52,0,0,0
545.07,12,0,0,6.55,0,0,0
4095.23,12,0,2,6.54,0,1,0
1899.92,18,0,2,2.76,0,1,0
1713.62,8,0,0,6.28,0,0,0
531.37,8,0,1,2.38,0,0,0
2321.7,16,0,0,1.85,0,0,0
492.96,15,0,0,0.41,0,0,0
2131.83,8,0,0,9.29,0,0,0
4675.34,19,0,1,1.98,2,0,0
1016.04,11,2,1,2.4,0,1,1
16700.06,11,0,1,4.82,0,0,0
15517.0,12,0,2,3.26,0,0,0
3773.39,11,0,1,10.47,0,0,0
5951.51,15,0,2,6.42,0,1,0
1774.83,12,2,1,1.73,0,0,0
4733.34,10,0,1,2.66,1,0,0
192.33,20,0,2,2.98,0,0,0
479.67,11,0,0,0.93,0,0,0
786.37,17,1,1,5.74,0,1,0
1705.07,11,0,3,7.51,0,0,0
24454.76,13,0,2,1.94,0,0,0
1420.18,10,0,0,5.74,0,0,0
19779.43,17,0,0,7.89,0,0,0
4013.64,17,0,0,2.23,0,0,0
2883.46,2,0,2,5.35,0,0,0
1474.36,6,0,0,8.08,0,0,0
2813.63,20,0,0,2.68,0,1,0
1400.65,20,0,2,3.24,1,0,0
340.32,14,1,0,3.04,0,0,0
28000.0,14,2,2,0.43,0,1,1
495.29,18,0,1,2.08,0,1,0
300.32,8,0,0,6.34,1,0,0
6805.9,16,1,2,3.99,0,1,0
1209.76,13,1,1,11.94,0,1,0
3422.15,17,0,0,6.91,0,0,0
1336.78,3,0,2,5.46,0,0,0
1649.39,15,1,0,1.26,0,0,0
1032.69,15,0,2,10.45,0,0,0
1404.44,19,0,0,6.4,0,0,0
1752.23,16,1,0,3.29,0,0,0
4138.25,19,0,1,6.62,0,0,0
2352.77,20,0,0,2.75,0,0,0
9258.94,12,0,0,4.6,0,1,0
196.9,8,1,0,9.7,3,0,0
2297.77,16,1,1,4.9,0,1,0
2868.35,19,0,1,2.57,0,0,0
8150.22,6,0,1,2.2,0,1,0
221.31,15,0,0,2.26,0,1,0
18561.75,8,1,1,4.51,0,1,0
6209.17,3,0,1,3.94,0,0,0
946.32,16,0,2,1.86,0,0,0
6747.47,16,0,4,3.83,1,1,0
121.53,15,0,0,1.36,0,0,0
4279.09,19,1,0,2.53,0,0,0
8715.21,7,0,2,2.87,0,1,0
3485.92,7,1,0,1.12,0,1,0
1909.88,19,0,2,6.51,1,1,0
206.94,14,0,0,4.26,0,0,0
8146.89,10,2,2,10.17,0,0,0
2093.4,17,0,1,5.6,0,0,0
19608.12,20,0,2,3.31,0,0,0
3805.94,17,0,1,5.75,1,0,0
2163.89,18,0,1,4.23,0,0,0
484.91,10,0,1,2.44,0,0,0
831.66,10,0,1,6.28,0,1,0
273.33,19,1,2,3.84,0,1,0
2792.82,16,0,0,2.61,0,1,0
3173.41,9,0,1,5.16,1,0,0
2315.03,14,1,1,2.49,0,0,0
5496.25,17,0,4,3.73,0,1,0
6374.7,9,0,0,2.62,0,0,0
3119.63,16,0,0,1.38,0,0,0
101.08,5,1,0,5.24,0,0,0
23241.65,10,2,0,4.84,1,1,1
1792.11,16,0,2,3.69,0,0,0
2727.81,8,0,0,3.9,2,1,1
3411.04,9,0,2,2.35,0,0,0
1439.67,19,0,1,3.16,0,0,0
8028.33,16,0,0,4.82,0,0,0
520.29,14,0,4,5.54,2,0,0
20579.9,9,1,1,3.13,0,1,0
73.98,11,0,0,6.02,0,1,0
25114.63,15,0,2,1.61,1,1,0
441.92,8,0,1,16.98,0,0,0
379.02,13,0,0,1.57,1,0,0
1355.93,12,0,2,3.24,0,0,0
1556.68,13,1,0,3.5,1,0,0
831.78,7,0,0,3.9,0,0,0
2875.26,7,0,0,4.98,2,0,0
1932.11,22,0,1,2.75,0,1,0
171.27,22,1,1,1.97,0,0,0
1292.48,12,0,1,10.12,0,0,0
5381.64,18,0,1,4.45,0,0,0
21440.77,16,0,1,2.8,0,1,1
4189.65,8,1,0,4.98,0,0,0
3892.69,10,0,0,5.2,0,0,0
1251.92,11,0,0,6.24,1,0,0
395.96,15,0,0,5.89,1,0,0
1077.91,15,0,6,6.62,0,0,0
5764.05,20,0,1,9.89,0,0,0
12654.7,18,0,0,8.32,1,1,0
2238.93,19,0,0,5.09,0,0,0
91.19,20,0,1,6.82,0,0,0
542.8,18,2,3,0.99,0,0,0
1303.93,11,0,2,6.95,0,0,0
17580.42,9,0,1,4.64,0,0,0
309.8,15,0,0,0.99,0,0,0
9247.17,17,0,1,4.81,2,0,1
1513.64,12,0,0,6.53,1,1,0
7858.65,19,0,2,3.27,0,0,0
4912.81,22,0,2,1.88,0,0,0
4566.51,15,1,1,3.38,0,1,0
3046.34,13,4,2,6.58,0,1,0
3213.91,19,1,0,4.87,0,1,0
3311.58,2,0,4,3.35,0,0,1
3230.57,8,0,1,5.29,0,0,0
2641.85,19,0,3,2.33,0,1,0
28000.0,17,0,2,6.92,0,0,1
4277.13,12,2,3,3.42,0,0,0
4861.1,20,0,0,6.01,0,0,0
6649.91,11,0,2,5.96,0,0,0
13925.61,16,0,2,1.55,0,0,0
340.08,16,1,1,6.5,0,0,0
2170.43,9,1,1,4.92,0,0,0
2369.48,10,0,0,2.34,0,1,0
5714.9,20,0,1,4.58,0,0,0
1937.11,9,0,0,0.85,0,1,0
2767.06,9,0,1,5.31,0,1,0
2456.19,13,0,1,7.4,0,0,0
184.65,7,0,0,9.2,1,1,0
3116.22,20,1,0,6.33,0,0,0
5693.64,7,1,0,9.65,0,0,0
608.42,16,0,2,2.35,0,1,0
2947.1,11,0,1,12.93,0,0,0
2941.42,18,0,1,0.52,0,0,0
17438.39,15,0,0,7.4,0,0,1
16170.09,12,0,2,5.35,0,1,1
12586.8,23,0,1,4.57,0,1,0
1661.32,6,2,1,3.63,0,1,1
885.67,15,1,0,4.8,0,0,0
661.37,23,1,0,6.56,0,1,0
3584.55,17,0,2,6.17,0,0,0
21467.56,17,1,0,1.26,0,0,0
21467.84,4,0,1,7.52,0,0,1
354.79,1,0,3,1.41,0,0,1
7227.79,4,0,0,3.0,3,1,1
17684.59,23,1,3,2.6,0,1,0
1263.07,22,0,1,3.8,1,1,0
2045.82,11,0,0,6.3,0,0,0
1642.09,10,0,0,9.83,0,0,0
6434.38,8,0,1,4.48,0,1,0
8536.03,11,0,0,7.44,2,0,0
1217.19,12,0,1,8.67,0,0,0
6442.81,17,2,0,1.45,0,1,1
4927.44,19,1,1,3.35,0,0,0
8606.77,17,2,6,4.38,1,1,1
962.5,16,0,1,1.36,0,0,0
2812.92,18,0,2,3.91,0,0,0
1087.06,17,0,4,3.39,0,0,0
5620.99,13,1,0,1.36,0,0,0
77.08,11,0,0,3.15,2,0,0
2722.38,10,0,1,0.83,0,0,0
1385.79,16,0,1,11.03,0,0,0
1306.77,22,0,2,0.58,0,1,0
3373.2,15,0,0,3.97,0,0,0
6162.61,20,0,0,3.65,1,1,0
3066.55,1,0,1,1.63,0,0,0
6199.2,18,0,2,2.2,0,0,0
1043.48,19,0,0,11.6,0,0,0
2405.38,16,0,1,1.42,0,1,0
1976.2,21,0,0,0.1,0,0,0
97.48,15,2,1,5.66,0,0,0
2664.04,10,0,0,5.08,0,1,0
3526.57,9,0,1,0.95,0,0,0
2928.09,15,0,2,4.3,0,1,0
4325.17,20,0,0,4.14,0,0,0
2770.69,6,1,2,3.45,2,1,1
281.06,15,2,0,12.75,0,0,0
456.17,18,1,1,3.16,0,0,0
2964.05,8,0,0,7.76,1,1,0
1088.98,8,0,0,9.9,0,0,0
325.59,11,1,2,6.78,0,1,0
1856.55,10,0,0,3.82,0,0,0
2646.11,9,1,1,8.5,1,0,0
14393.73,9,3,3,1.25,3,0,1
4138.45,8,0,1,4.09,0,1,0
3362.98,15,0,0,2.3,0,0,0
1355.02,17,0,1,0.58,0,0,0
4559.13,17,0,1,2.65,0,0,0
3407.52,14,0,1,2.88,1,1,0
3306.66,21,0,2,0.56,0,0,0
2639.69,19,0,0,0.59,0,0,0
96.66,21,0,1,2.02,0,0,0
18893.86,12,0,0,2.16,0,0,0
1569.35,19,1,0,10.32,0,0,0
9205.22,18,1,1,7.23,0,1,0
5511.73,11,0,0,5.06,1,1,0
2895.17,7,1,1,12.81,1,1,0
989.91,16,0,3,4.46,1,0,0
18855.75,8,0,0,1.89,0,0,0
1391.52,10,1,2,1.27,0,0,0
15710.5,14,0,0,5.31,0,1,1
1183.42,16,0,2,3.87,0,1,0
2375.08,21,0,1,5.74,0,1,0
638.46,15,1,2,2.19,0,0,0
12231.98,16,0,2,6.7,0,0,0
425.45,11,1,1,9.24,0,1,0
8659.76,17,0,2,5.21,0,0,0
7895.24,13,0,2,4.91,0,1,0
2444.64,19,0,2,2.53,0,1,0
4190.11,12,0,2,4.94,0,0,0
15754.06,13,0,3,3.58,1,0,0
3241.91,13,0,0,6.06,1,0,0
1392.44,18,0,0,2.15,0,1,0
1206.66,21,0,0,5.04,0,1,0
20998.82,11,0,2,2.24,0,0,0
21312.26,13,1,1,1.21,0,0,1
2832.47,17,1,0,5.63,0,0,0
1140.95,20,1,0,0.95,1,0,0
1523.1,14,1,1,5.68,0,0,0
340.41,7,0,0,4.44,1,0,0
15804.21,11,0,1,2.29,0,0,0
995.37,15,1,2,5.36,0,0,0
306.87,12,0,1,2.98,0,0,0
410.6,9,0,1,2.24,1,0,0
5424.04,4,0,2,7.57,0,0,0
17104.26,17,0,1,7.43,0,0,1
3502.26,23,0,1,5.43,0,1,0
1078.31,20,0,1,7.92,0,0,0
6626.98,17,1,0,1.58,0,0,0
2183.43,19,0,1,6.16,0,0,0
1226.95,10,0,3,9.55,0,0,0
2393.0,16,0,2,7.8,0,0,0
1599.84,6,1,3,3.57,0,1,0
2718.57,17,0,0,2.49,1,1,0
449.25,22,0,1,1.85,0,1,0
18639.14,19,0,0,2.14,0,0,0
1833.93,14,0,2,2.49,0,0,0
1429.81,18,0,3,3.4,0,0,0
4023.51,21,1,1,4.62,0,0,0
1507.68,9,0,1,8.69,1,0,0
26358.19,18,0,1,3.41,0,0,0
1998.02,10,0,2,15.06,0,0,0
4128.45,19,0,4,4.45,0,1,0
423.76,7,0,2,4.37,0,0,0
6049.05,9,0,0,5.68,0,0,0
4318.36,17,0,0,9.29,0,0,0
821.27,9,1,0,11.18,0,1,0
562.36,8,0,1,14.67,0,0,0
1276.72,15,1,0,1.51,0,1,0
12004.47,19,0,0,3.25,0,0,0
1009.86,10,0,1,6.36,0,1,0
2008.93,19,0,1,3.71,0,1,0
157.54,18,0,0,6.71,0,0,0
1679.89,15,1,2,2.84,1,0,0
2770.54,16,0,3,11.41,0,1,0
9852.84,5,0,1,11.51,0,0,0
22951.36,11,0,2,8.68,0,1,1
5531.52,10,0,0,1.85,0,1,0
2594.86,8,0,0,3.53,1,1,0
193.25,12,0,2,1.8,0,0,0
1270.72,11,0,3,11.45,0,1,0
2802.27,17,0,2,6.1,0,1,0
9684.58,15,2,3,4.01,2,0,1
6331.75,20,2,1,1.32,0,0,0
889.54,8,0,0,4.82,0,0,0
855.53,6,0,0,1.79,0,1,0
778.75,14,0,2,8.69,1,1,0
8243.88,0,0,1,4.6,0,1,0
6188.17,18,0,2,5.69,0,1,0
4831.64,14,0,1,13.9,0,0,0
1656.13,14,1,2,12.18,0,0,0
2306.23,11,0,1,0.53,0,0,0
2057.57,12,0,1,7.54,2,0,0
995.11,13,0,1,0.91,0,0,0
2310.41,1,0,1,3.61,0,1,0
159.11,7,0,2,1.15,0,1,0
512.3,14,0,3,3.17,0,0,0
22485.6,8,0,2,3.52,1,1,1
4517.72,18,0,2,5.92,0,1,0
21298.89,10,0,1,6.32,0,1,1
20141.31,7,2,1,2.66,0,0,1
1538.51,10,0,1,1.77,0,1,0
25184.12,11,0,0,0.19,0,1,0
4966.7,4,1,0,4.2,0,0,0
4670.88,8,0,1,1.76,0,0,0
20984.39,11,2,0,2.87,0,0,1
792.13,11,0,0,2.97,0,0,0
1379.82,18,0,0,5.42,0,0,0
2090.68,19,1,1,2.59,0,1,0
1345.32,9,0,1,6.48,0,0,0
4560.01,8,1,1,6.14,0,0,0
1338.44,16,1,4,6.11,0,0,0
19733.72,18,0,0,6.43,0,1,1
1689.53,22,0,0,4.31,0,0,0
12564.81,0,0,2,2.16,0,1,0
879.3,12,0,2,4.24,0,0,0
3090.91,17,0,0,3.08,1,1,0
1875.52,19,0,1,6.34,0,1,0
295.75,6,0,3,1.1,0,1,0
2201.41,16,1,0,4.03,0,0,0
3935.88,10,1,2,1.07,0,0,0
2363.82,6,0,1,12.35,0,0,0
25786.07,14,0,3,0.67,0,1,0
1151.18,8,0,2,1.66,0,1,0
17328.09,17,1,0,1.73,0,0,0
8884.8,17,0,0,5.71,1,1,0
1580.42,19,3,0,6.35,0,1,0
2808.73,12,1,2,8.52,0,0,0
24449.78,0,1,2,5.34,1,0,0
1314.48,10,0,1,5.34,0,1,0
4089.95,13,0,1,9.85,0,0,0
15613.96,17,3,3,0.58,0,0,1
15139.83,12,0,2,11.29,0,1,1
560.21,14,0,2,0.25,2,1,1
5395.13,14,0,1,13.47,0,0,0
865.96,8,0,1,0.72,0,1,0
4103.95,16,1,0,4.86,0,0,0
9243.85,13,0,0,4.11,0,0,0
18862.25,18,0,1,5.33,0,1,1
2545.1,17,0,0,1.85,0,0,0
22586.97,7,0,0,4.58,0,0,0
18327.92,14,1,3,4.91,0,0,0
2125.94,17,2,1,5.76,1,1,0
3014.67,7,2,2,2.58,1,0,0
13717.91,18,1,0,3.41,0,0,0
8945.86,9,0,1,11.72,2,1,1
6401.15,14,0,1,4.88,0,0,0
7098.09,21,0,0,7.77,0,1,0
2078.65,15,0,2,8.44,0,0,0
3488.23,12,0,0,6.77,0,0,0
7274.18,0,0,1,8.69,0,0,0
1657.27,8,0,0,13.65,0,1,0
10504.6,15,0,1,1.06,1,0,0
1779.96,14,0,0,5.26,1,0,0
3000.8,11,0,0,3.86,0,0,0
4019.04,20,0,3,7.23,0,1,0
9684.46,11,0,0,3.92,0,1,0
957.69,14,0,2,0.63,0,1,0
22529.07,15,1,4,3.84,0,0,1
2414.14,14,0,1,2.38,0,1,0
1060.76,13,3,3,4.15,0,0,0
4856.23,11,0,0,0.55,0,0,0
2631.07,20,0,1,1.91,0,0,0
3521.37,13,0,0,3.28,0,0,0
1307.8,14,1,2,2.83,0,0,0
2160.41,16,0,2,1.76,0,0,0
21127.37,6,0,0,2.38,0,0,0
1720.94,18,2,2,7.69,0,0,0
14828.14,14,1,5,1.52,0,0,0
10494.41,16,0,0,3.95,0,1,0
2352.32,18,1,1,5.37,0,1,0
4296.67,19,1,0,4.68,0,0,0
1754.11,12,0,2,2.4,1,0,0
1463.87,18,0,3,3.14,0,1,0
1733.08,10,1,3,12.89,0,1,0
1744.07,16,0,3,8.71,0,0,0
2574.1,7,0,0,7.93,3,1,1
2569.12,1,0,0,4.85,0,0,0
2259.91,7,0,2,2.27,0,0,0
523.29,11,0,1,1.79,0,0,0
2253.05,4,1,0,1.11,0,1,1
652.8,16,1,0,5.05,0,0,0
491.46,11,0,4,0.51,1,1,0
8692.92,17,0,2,5.11,1,0,0
3031.98,5,0,0,2.6,0,0,0
3507.4,9,0,1,6.26,1,0,0
17826.6,12,0,0,8.28,0,0,0
26384.91,12,0,0,0.94,0,1,1
24086.86,8,0,0,2.14,0,0,0
4751.43,23,0,2,15.54,2,0,0
15875.36,10,0,0,2.62,0,1,0
10361.35,17,0,1,3.18,0,0,0
5555.57,9,1,2,0.37,0,1,0
6216.15,19,0,0,7.06,0,1,0
664.73,12,0,1,3.68,1,0,0
1071.3,20,2,0,6.88,1,1,0
1136.32,11,0,0,5.71,0,0,0
1071.06,0,0,0,1.63,0,0,0
6248.29,14,0,4,3.17,0,0,0
16447.23,14,0,0,2.21,0,1,1
313.28,8,1,0,3.61,3,0,0
1084.28,10,1,2,2.33,0,1,0
773.55,18,0,0,8.53,0,0,0
14664.86,4,0,2,15.29,0,0,0
5177.46,14,0,1,5.51,0,0,0
2709.96,14,1,1,11.74,0,0,0
78.52,17,0,0,5.13,2,0,0
1854.98,4,0,1,5.64,0,0,0
1736.97,15,1,1,4.87,0,1,0
15386.14,0,0,0,8.3,0,0,0
3667.84,10,1,0,4.8,0,1,0
3935.16,14,0,0,5.09,0,0,0
4143.71,20,0,1,2.99,0,0,0
4231.8,8,1,1,1.84,0,0,0
16074.24,9,0,1,3.96,0,1,1
9907.66,16,0,0,2.91,0,0,0
5446.02,12,1,0,3.17,1,1,0
7558.29,16,0,1,7.65,0,0,0
110.45,23,0,1,9.12,0,0,0
8751.08,23,0,2,18.52,0,1,0
5370.78,11,0,1,0.59,0,1,0
5869.12,14,0,2,17.7,1,0,0
373.38,20,0,0,3.16,0,0,0
4355.63,7,0,1,0.92,0,0,0
10353.74,13,0,0,4.33,0,0,0
3691.7,12,0,2,2.12,0,0,0
20090.03,10,0,2,5.82,1,1,0
24222.73,23,0,1,2.08,0,1,1
1932.25,17,0,0,1.95,0,0,0
2986.48,12,0,3,5.39,0,0,0
2130.11,19,0,0,1.51,0,1,0
8702.46,14,0,1,9.1,0,0,0
15133.73,19,0,1,2.47,0,0,0
2285.25,10,0,1,2.09,0,1,0
3776.48,9,2,2,5.51,0,1,1
5083.26,10,0,1,2.79,0,0,0
22081.72,14,1,1,5.34,0,1,1
7727.18,10,0,2,5.51,0,1,0
9170.93,8,1,1,10.31,0,1,0
272.74,23,0,1,9.2,0,0,0
1707.31,20,0,2,6.59,0,0,0
135.96,16,1,2,6.87,0,0,0
22039.88,20,0,2,5.92,0,1,1
2523.18,21,0,0,5.23,0,1,0
7793.82,16,0,0,8.79,0,0,0
6058.11,14,0,3,7.71,1,0,0
496.46,19,1,1,8.85,0,0,0
372.47,15,0,1,2.83,0,0,0
2907.4,8,0,0,4.67,0,0,0
2490.53,11,0,2,9.31,0,1,0
1051.23,13,0,1,4.52,0,0,0
7410.82,21,0,1,21.33,0,1,0
8451.45,16,0,0,2.17,0,0,0
1708.6,19,0,4,13.16,0,0,0
22721.0,17,0,2,4.78,0,0,0
20114.1,11,0,2,2.24,0,0,0
4331.7,17,0,4,4.15,0,1,0
2127.69,9,1,2,13.27,0,0,0
15543.12,12,0,0,4.97,0,0,0
8476.56,18,0,3,9.89,1,0,0
1997.0,15,0,0,2.19,0,1,0
4303.49,18,1,3,0.86,0,0,0
1524.19,10,0,1,8.29,0,0,0
121.0,17,0,1,6.16,0,0,0
20822.66,9,1,0,1.55,0,0,0
2253.97,14,0,2,6.75,0,0,0
3807.42,13,0,1,3.34,0,1,0
1364.22,15,0,1,5.24,0,0,0
3864.95,8,0,0,7.68,0,1,0
22281.41,11,0,0,6.54,1,0,1
3954.97,16,0,1,1.0,0,1,0
2230.57,15,0,1,11.66,0,0,0
7944.05,15,0,3,12.64,0,0,0
2209.67,14,1,0,6.15,0,0,0
1974.62,21,0,1,2.68,3,0,0
771.58,21,0,1,10.29,1,1,0
1236.55,11,4,4,7.71,0,0,1
198.42,11,0,3,2.96,0,1,0
22693.74,15,1,1,3.43,1,1,1
14369.17,7,0,0,3.06,0,1,0
1220.41,10,1,0,2.18,0,1,0
4774.32,9,1,1,1.83,0,0,0
19116.33,9,0,0,1.19,0,1,0
947.46,16,0,1,5.15,1,0,0
652.62,12,0,1,1.1,0,0,0
4831.28,9,0,1,9.67,1,1,0
504.56,20,3,1,5.49,0,0,1
19215.89,19,0,0,1.66,0,0,0
2322.73,19,1,0,8.52,0,1,0
3780.96,12,1,1,4.9,0,1,0
3270.13,6,0,1,8.55,2,0,0
5386.5,7,0,2,6.98,0,1,0
206.51,10,0,3,7.62,0,1,0
16529.11,9,0,1,6.82,1,0,0
1111.81,19,2,1,2.8,0,1,1
565.1,23,0,0,0.68,0,1,0
1152.27,18,0,1,1.42,0,0,0
1246.32,17,1,0,3.92,0,0,0
2421.29,15,0,0,3.59,0,1,0
3547.25,18,0,3,6.29,0,0,0
1595.4,21,1,2,3.17,0,0,0
4127.44,15,0,3,0.4,0,1,0
16470.55,8,1,1,13.21,0,0,0
1157.25,8,1,0,1.15,2,1,1
2553.17,15,0,2,4.3,0,0,0
136.81,11,0,1,1.99,0,0,0
326.09,20,0,4,17.39,0,1,0
1791.94,15,0,1,8.15,1,1,0
9222.16,16,0,0,5.38,1,1,0
4150.81,0,0,2,3.01,0,0,0
355.21,14,1,2,5.66,2,0,0
6053.18,13,0,0,5.34,0,0,0
4277.25,17,1,3,5.04,0,1,0
3080.92,12,0,0,1.46,0,1,0
5552.57,22,0,1,5.68,0,0,0
19356.84,16,2,4,6.89,1,0,1
861.24,16,1,1,9.27,0,1,0
2355.96,20,0,2,5.7,0,0,0
2607.0,23,0,0,6.0,2,0,0
2533.27,9,0,0,2.97,0,0,0
2724.25,18,0,2,8.66,0,0,0
9564.51,8,1,1,8.65,0,0,0
7500.95,13,0,1,1.08,0,0,0
6732.62,7,0,1,0.95,0,0,0
5232.95,16,0,1,8.9,0,0,0
9251.18,13,0,2,1.96,0,0,0
391.81,16,1,1,5.11,0,1,0
1045.77,16,0,2,2.62,0,0,0
2246.58,16,2,1,6.43,1,1,0
6057.69,10,1,1,5.27,0,0,0
2311.3,19,0,0,3.38,0,0,0
23122.97,15,1,1,4.57,1,0,0
538.77,14,0,3,0.97,0,0,0
14256.28,23,0,1,1.94,0,0,0
21810.2,10,0,0,8.8,0,0,0
636.02,14,2,4,0.2,0,1,1
1445.19,16,0,2,8.47,0,1,0
1044.65,8,0,0,2.91,0,1,0
1437.82,11,0,2,0.72,1,0,0
4002.76,18,0,0,4.25,0,0,0
1527.6,10,1,2,4.08,0,0,0
2652.87,14,1,2,0.35,0,1,0
396.91,16,0,2,10.04,0,1,0
5291.51,16,0,0,6.78,1,0,0
1537.95,17,0,0,5.54,0,0,0
3406.06,19,0,2,4.11,0,0,0
4195.69,12,1,0,4.92,0,1,0
15176.61,17,0,1,6.75,0,1,1
6972.0,17,1,0,7.23,1,0,0
3124.63,10,0,2,4.02,0,0,0
1851.63,22,0,2,2.43,2,0,0
704.17,19,0,2,1.39,0,0,0
9188.05,10,0,2,2.95,0,0,0
4561.68,16,0,2,6.31,0,1,0
806.32,17,0,1,7.98,0,0,0
1378.57,13,0,0,17.42,0,0,0
5368.86,19,0,1,11.34,0,0,0
3866.94,17,0,1,0.98,1,0,0
4704.84,16,0,1,5.53,0,1,0
1922.29,9,0,1,3.75,0,1,0
4093.47,12,0,3,1.63,0,1,0
1623.41,13,0,2,2.82,0,1,0
819.43,17,0,1,2.25,0,0,0
3264.84,16,0,1,11.95,1,0,0
26119.8,7,0,1,3.01,0,1,0
19235.15,11,0,1,3.19,0,0,0
2037.55,13,0,1,2.38,1,0,0
3646.76,17,1,0,5.71,0,1,0
2555.39,17,0,1,1.83,0,1,0
5993.56,14,0,4,4.48,0,1,0
4650.09,8,0,1,8.57,2,0,0
252.21,10,0,1,1.57,0,0,0
20703.56,10,0,1,9.17,0,0,0
4527.04,18,1,2,8.97,0,0,0
6442.05,9,0,2,2.88,0,0,0
3430.4,13,1,3,0.66,3,0,0
6267.76,16,0,0,4.04,0,1,0
441.49,22,0,1,4.11,0,0,0
1427.39,23,1,2,4.75,0,0,0
6750.8,21,1,2,7.08,3,1,1
780.69,17,0,0,6.55,0,0,0
320.71,17,0,2,2.85,0,0,0
5025.54,18,0,1,9.35,0,0,0
5835.23,19,0,0,13.23,0,0,0
628.05,21,0,1,4.92,0,1,0
21711.83,13,0,0,6.29,0,0,0
3774.59,12,0,3,0.42,0,1,0
2409.25,13,0,4,5.13,0,0,0
5734.97,16,0,1,4.36,0,1,0
1798.99,18,0,3,5.86,0,1,0
750.12,19,0,0,13.06,0,1,0
1132.85,13,0,1,6.65,1,0,0
2311.29,11,0,0,13.11,0,0,0
2485.15,23,0,2,1.31,0,0,0
5300.76,9,2,2,8.53,3,0,1
5074.75,9,0,2,10.75,0,0,0
2846.43,17,0,1,3.96,0,0,0
4916.65,9,2,0,7.08,0,1,1
741.32,12,1,1,4.83,1,0,0
16751.4,10,0,3,5.79,0,1,1
22559.42,8,0,2,2.82,0,1,1
311.4,15,0,2,12.48,0,0,0
966.48,12,0,1,4.37,2,1,1
3863.17,13,0,1,0.81,1,0,0
1745.43,9,0,1,2.7,0,1,0
6748.03,18,0,1,2.47,0,0,0
1192.14,11,1,1,4.45,0,0,0
98.22,11,0,2,5.21,0,0,0
1204.36,10,1,1,4.53,0,0,0
21008.06,13,1,2,3.79,0,0,0
1568.82,13,0,2,3.5,0,0,0
2509.42,14,0,2,1.36,0,0,0
6755.39,22,0,1,2.58,0,1,0
7855.03,20,0,1,8.84,0,0,0
17810.43,15,0,2,6.48,0,1,1
2044.51,5,0,1,5.33,0,0,0
2609.14,15,1,1,3.22,0,0,0
9590.04,7,0,0,8.46,0,0,0
28000.0,17,0,1,8.88,0,0,0
918.92,12,1,1,0.59,0,1,0
4214.27,19,0,0,10.09,1,0,0
1579.57,21,0,1,5.05,0,0,0
86.05,12,0,0,9.0,0,0,0
89.75,13,0,1,2.73,2,0,0
17854.21,15,0,1,1.86,0,1,0
2204.27,9,0,0,4.38,0,0,0
133.05,21,0,0,1.32,0,1,0
3776.22,13,1,1,1.22,0,0,0
1174.06,8,0,0,2.93,0,0,0
21608.64,18,1,0,4.19,0,1,1
1205.56,9,0,0,3.93,0,1,0
645.23,8,0,1,3.25,1,0,0
1733.13,15,0,1,7.94,0,1,0
905.83,16,1,1,2.63,0,1,0
2508.93,15,0,2,10.62,0,1,0
769.38,16,0,0,12.1,0,0,0
2332.33,8,0,2,1.89,0,0,0
607.96,13,0,2,0.46,2,0,0
3617.19,11,0,3,3.61,1,0,0
4546.95,22,1,1,4.88,0,1,0
434.33,5,0,1,8.38,0,0,0
17136.71,10,0,1,6.31,0,0,0
295.23,21,1,0,6.83,0,1,0
20047.65,23,1,2,2.55,0,0,0
1042.64,18,0,1,3.35,0,1,0
19880.5,7,0,3,20.56,0,0,0
2391.82,15,0,3,5.17,0,0,0
8321.42,12,0,4,4.36,0,0,0
2608.71,18,0,1,12.82,0,0,0
2858.93,6,0,1,6.17,0,1,0
1703.47,9,0,0,4.32,0,0,0
9587.97,14,0,0,4.06,0,0,0
4864.54,8,0,0,5.9,0,0,0
1135.33,17,0,1,3.78,0,0,0
6009.58,18,0,3,3.53,0,1,0
1872.26,17,0,1,1.68,0,0,0
5705.27,13,0,0,5.21,0,0,0
5599.11,19,0,0,2.87,0,1,0
729.85,8,1,0,2.49,0,1,0
3924.91,10,1,1,5.34,1,1,0
1158.87,14,0,2,0.64,0,0,0
1189.92,6,0,2,8.45,0,0,0
1184.71,7,1,1,6.88,0,0,0
4197.77,12,1,1,8.48,0,0,0
895.64,21,1,0,3.25,0,0,0
62.9,20,0,0,2.32,0,0,0
4079.51,13,0,2,7.5,0,1,0
660.83,8,1,2,9.6,0,1,0
16046.01,9,0,3,4.68,0,0,0
927.76,12,0,3,8.66,0,0,0
1589.2,9,0,2,6.81,1,0,0
2127.47,7,0,2,6.82,0,0,0
205.9,16,0,1,5.82,1,1,0
11342.73,15,0,0,5.85,0,0,0
20863.05,10,0,0,12.07,0,0,0
1309.19,18,0,2,17.49,0,1,0
1288.0,18,0,1,7.56,0,0,0
1964.61,14,0,1,0.45,0,0,0
3209.29,7,1,0,5.48,0,0,0
15800.66,20,0,3,2.09,0,0,0
730.08,16,0,1,2.9,0,0,0
6338.66,10,0,0,6.63,0,0,0
14055.39,15,0,1,1.85,0,0,0
16315.91,12,0,4,5.56,0,1,1
6620.17,16,0,1,3.91,0,1,0
3541.96,13,0,2,4.3,0,0,0
1397.96,13,0,0,1.46,0,0,0
3743.4,17,0,0,1.32,0,1,0
123.61,16,0,0,4.54,0,1,0
4317.45,7,1,1,5.7,0,0,0
2196.03,6,0,4,1.38,0,1,0
5428.39,11,3,2,5.79,0,1,1
9957.83,12,2,1,1.42,0,0,0
26983.19,10,1,1,3.67,0,1,0
7739.4,16,1,2,3.68,0,0,0
2356.92,9,0,2,2.69,0,1,0
1488.83,17,0,0,10.43,0,1,0
21229.48,18,2,2,5.44,0,0,1
19048.34,8,0,0,4.32,0,0,0
6953.27,16,0,1,7.93,0,0,0
802.13,22,0,1,7.58,0,1,0
8070.86,9,0,1,0.96,0,0,0
5462.8,20,0,0,6.29,0,0,0
12400.48,15,0,0,9.01,0,1,0
6851.56,15,1,1,0.86,0,1,0
17375.28,5,0,0,3.64,0,1,0
418.4,17,0,1,1.29,0,1,0
440.98,13,0,0,3.59,0,0,0
1161.49,17,0,1,2.66,0,0,0
16406.59,18,0,1,8.32,0,0,0
5280.08,14,0,0,10.45,1,1,0
7404.37,10,1,2,4.06,0,1,0
3188.03,8,0,2,0.36,0,0,0
78.07,8,0,3,1.07,0,1,0
15616.29,19,1,1,6.91,0,0,0
396.18,8,0,1,3.47,0,1,0
20738.54,12,0,1,0.62,2,1,1
2286.73,11,1,1,3.54,0,1,0
201.97,19,0,0,8.51,0,0,0
1431.02,13,0,1,9.75,0,0,0
691.84,23,0,2,9.88,0,0,0
3392.76,17,0,0,3.26,1,0,0
2057.21,19,0,0,3.62,0,0,0
2248.24,7,0,2,2.34,0,1,0
1845.85,10,0,0,4.41,0,1,0
10056.84,8,0,0,4.08,1,1,0
833.55,13,0,0,7.98,2,0,0
2386.54,17,1,1,5.61,0,0,0
22169.88,8,1,0,1.29,3,0,1
2664.27,8,0,2,6.5,0,1,0
23171.35,16,0,1,4.31,0,1,1
1579.25,9,0,1,9.19,0,0,0
2053.65,13,0,0,1.54,0,0,0
356.6,5,0,1,1.96,0,0,0
3064.95,16,0,2,4.49,2,0,0
1147.92,14,1,3,6.67,0,0,0
619.11,16,0,2,4.99,0,1,0
17636.11,10,0,2,3.88,0,0,0
2491.84,10,0,2,8.15,0,1,0
312.49,18,1,1,4.37,0,0,0
3893.73,17,0,1,6.44,0,1,0
3188.19,15,1,2,12.95,0,1,0
730.43,16,0,0,14.12,0,0,0
2088.2,7,1,1,5.46,0,1,0
4137.18,19,0,0,2.42,0,0,0
22006.65,18,0,1,6.68,3,0,1
1670.67,15,1,2,2.4,0,0,0
15977.82,20,0,1,3.3,0,0,0
3076.38,8,0,0,7.39,0,0,0
9015.73,17,1,2,6.82,0,0,0
19297.95,22,0,1,9.8,0,0,0
308.6,11,0,1,1.23,0,0,0
20350.73,1,0,1,11.12,0,0,1
7147.34,17,0,1,3.82,0,0,0
377.52,0,0,2,7.91,0,1,0
28000.0,19,0,0,5.59,0,0,0
9587.33,6,0,3,13.64,0,0,0
320.82,16,0,3,7.71,0,0,0
8729.6,12,0,2,1.65,0,0,0
1503.82,9,0,3,2.71,1,0,0
6019.86,20,0,0,4.09,0,0,0
18481.18,17,0,4,7.13,3,0,1
1920.31,11,0,2,1.05,0,1,0
3278.52,10,0,2,5.73,0,1,0
25023.8,17,1,1,1.84,0,0,0
169.99,19,0,0,4.59,0,1,0
2937.84,17,0,2,3.47,0,0,0
721.43,16,0,0,3.29,1,0,0
1418.63,9,0,0,4.7,1,0,0
1428.52,19,0,2,5.71,0,0,0
16843.63,17,1,3,1.29,0,0,0
1361.35,14,0,2,6.16,0,0,0
423.43,14,0,3,4.22,0,0,0
563.65,15,0,0,3.19,0,1,0
168.83,19,2,2,7.08,0,1,1
2093.11,17,1,0,6.36,2,0,0
9944.46,19,0,0,0.8,0,0,0
453.38,14,2,3,3.81,0,1,0
9415.78,16,0,4,2.23,1,1,0
4289.96,19,0,3,2.89,0,0,0
3307.13,9,0,1,1.05,0,0,0
3376.54,13,1,1,3.85,0,0,0
5669.25,16,0,2,0.54,0,0,0
19353.21,20,0,1,1.57,1,1,1
2308.64,1,0,1,1.15,0,0,0
3881.83,9,0,2,3.68,0,0,0
2888.39,9,0,1,3.82,0,0,0
5783.01,11,0,1,8.62,0,0,0
300.05,10,0,1,7.62,0,1,0
3815.03,15,0,1,4.29,1,1,0
16776.12,20,0,1,2.62,0,0,0
19511.26,16,0,1,1.56,0,0,0
1390.98,10,0,1,4.11,0,0,0
3163.29,19,0,1,0.89,0,0,0
7152.37,16,1,1,3.43,0,0,0
2253.69,9,1,2,5.23,0,0,0
5632.44,11,0,0,4.2,0,1,0
1706.16,18,0,1,3.72,0,0,0
20370.67,17,0,1,1.23,0,0,0
263.13,15,1,1,3.72,0,0,0
16891.85,8,0,0,7.9,0,0,0
1590.49,18,3,0,14.96,0,1,1
1376.28,11,1,0,12.58,0,0,0
4110.0,18,0,1,10.38,0,0,0
4405.55,16,0,1,7.49,0,0,0
227.02,10,0,1,9.51,1,1,0
19654.04,9,0,3,4.67,1,0,0
1085.81,8,0,0,5.65,0,1,0
2598.29,10,0,0,2.06,0,0,0
559.48,8,1,2,3.28,1,0,0
520.17,16,0,1,5.53,0,0,0
28000.0,15,0,2,3.24,1,0,0
19366.38,15,0,1,1.71,0,1,1
697.6,16,0,1,2.41,0,0,0
1729.86,18,0,0,4.7,0,1,0
1466.3,20,0,0,4.28,0,1,0
5069.41,9,0,1,3.79,0,1,0
2344.11,15,1,0,1.99,0,1,0
19144.35,7,0,0,18.67,0,0,1
4358.25,8,0,0,2.09,0,0,0
1678.09,16,0,4,6.5,1,0,0
1036.21,13,0,0,2.47,0,1,0
1566.57,18,0,2,0.32,0,1,0
2263.75,12,1,2,5.25,0,0,0
1404.79,8,0,1,0.45,0,0,0
946.23,19,0,1,8.62,0,0,0
1686.66,7,0,1,4.4,0,1,0
121.95,9,0,3,2.51,2,0,0
4797.91,10,0,0,2.73,0,1,0
659.9,23,0,0,1.29,0,0,0
20562.4,12,0,1,5.69,0,0,0
21064.39,14,1,0,4.36,0,0,0
4818.2,18,0,1,2.32,0,0,0
5439.49,16,0,0,3.53,0,1,0
2236.8,19,0,2,1.51,2,1,0
795.6,13,1,0,1.43,0,0,0
4336.7,22,0,0,4.37,1,0,0
3909.65,18,0,0,5.04,0,0,0
964.71,12,0,0,8.74,1,0,0
22028.2,12,0,2,3.79,1,1,1
412.73,21,0,4,4.3,0,1,0
13040.38,17,0,1,5.55,0,0,0
6357.23,16,1,3,3.88,0,1,0
3786.17,17,1,0,0.75,0,0,0
23012.47,15,0,0,2.01,0,0,0
19237.9,8,0,0,3.23,0,0,0
736.11,11,0,0,4.42,0,0,0
15755.87,15,0,2,0.32,0,1,1
297.4,1,1,2,5.31,0,0,0
1639.95,13,0,0,0.58,0,1,0
4390.43,17,1,1,15.97,0,0,0
1623.14,8,0,0,2.65,0,1,0
1342.93,6,0,4,7.07,0,1,0
2955.19,19,2,1,7.78,0,1,0
6643.44,16,0,1,5.91,0,1,0
216.01,9,0,1,15.71,0,0,0
1618.07,18,0,1,6.73,1,0,0
611.24,16,0,1,3.09,0,1,0
3863.54,11,0,1,4.33,0,1,0
417.57,12,1,1,1.5,0,0,0
20664.92,8,2,1,5.1,0,0,1
1138.8,19,1,3,5.06,1,0,0
14327.37,14,0,0,2.67,0,0,0
23661.3,15,3,0,4.31,0,0,1
119.83,19,0,1,3.85,1,1,0
1902.74,1,0,0,9.88,0,1,1
129.97,6,0,0,6.83,0,0,0
2174.75,8,0,4,4.79,0,1,0
2284.78,3,0,2,1.57,0,1,0
1301.95,16,0,0,2.23,0,1,0
513.6,16,0,1,3.47,1,1,0
1571.12,9,3,2,12.37,0,1,0
3629.74,8,0,2,3.28,1,1,0
4940.25,8,0,0,1.05,0,0,0
19000.47,21,1,0,8.07,0,0,0
2911.82,17,0,0,6.28,1,0,0
776.53,15,2,0,2.9,0,0,0
17935.28,11,1,0,9.03,0,1,1
625.16,13,0,0,6.03,0,0,0
977.58,7,0,1,3.58,0,0,0
875.19,23,0,1,3.87,0,1,0
2405.03,17,0,1,0.99,0,0,0
20229.94,16,0,1,9.65,0,1,1
9338.29,15,0,1,1.91,0,1,0
19401.31,14,0,2,3.45,0,1,0
3344.21,10,0,1,5.27,0,1,0
5499.0,9,0,0,1.39,1,0,0
2688.89,15,2,0,0.21,0,0,0
1002.0,6,0,1,4.39,0,1,0
1034.58,6,1,1,6.14,0,0,0
188.14,15,0,1,7.71,0,1,0
14604.17,20,0,1,9.27,0,1,0
4427.8,20,0,1,4.94,0,0,0
215.79,0,1,1,7.82,0,0,0
852.19,7,0,3,5.95,0,0,0
3979.89,15,0,0,8.88,0,0,0
4944.01,19,0,2,2.31,0,0,0
2004.17,21,0,3,2.07,0,0,0
3892.24,19,0,1,6.23,0,0,0
1631.02,16,0,4,3.71,0,1,0
617.6,9,1,1,13.41,0,0,0
1684.79,6,0,2,4.49,0,1,0
2835.76,5,0,0,1.37,1,0,0
23169.09,15,1,1,4.38,0,1,1
287.93,4,0,2,7.62,0,1,1
2325.75,17,2,2,0.69,0,0,0
14823.25,17,0,0,10.64,0,0,0
2331.71,7,0,2,3.74,0,1,0
137.66,20,0,1,2.31,0,1,0
1261.47,14,3,2,0.26,0,0,0
21930.21,20,1,1,2.11,0,1,0
2643.38,20,1,1,0.72,0,0,0
1976.47,9,0,1,1.58,0,0,0
1135.86,12,2,1,2.54,3,0,1
1192.42,8,1,0,3.22,0,0,0
1605.76,18,0,1,1.19,0,1,0
5836.88,14,0,0,5.66,0,0,0
10996.73,21,3,0,4.74,0,0,0
1907.74,9,0,0,1.42,3,0,0
1659.39,17,0,0,2.91,0,0,0
6058.03,23,1,1,1.32,0,0,0
1841.45,16,0,0,2.18,0,1,0
2629.61,6,3,1,2.35,0,0,0
900.28,15,0,1,16.23,0,1,0
4414.04,9,0,1,3.1,0,0,0
2489.64,3,0,0,1.98,1,0,0
5358.12,11,0,1,7.11,0,0,0
18250.67,10,0,0,7.22,1,1,1
834.65,18,0,1,0.91,0,0,0
4084.0,12,0,0,1.64,0,0,0
5211.07,17,0,1,8.2,0,0,0
1419.4,1,2,2,3.54,0,0,1
666.33,1,0,0,4.0,0,0,0
68.43,3,0,1,5.47,0,0,0
1978.34,9,0,4,2.86,0,1,0
1450.5,12,0,1,7.28,0,0,0
2650.33,15,0,2,3.39,0,1,0
726.58,23,0,1,1.33,1,0,0
6343.93,11,1,1,8.77,0,0,0
1013.84,6,0,3,7.69,0,0,0
19850.21,9,3,2,5.45,0,0,1
2156.96,20,1,0,6.84,0,1,0
2270.73,17,0,0,6.84,1,1,0
834.98,18,0,0,2.86,1,0,0
1075.24,8,1,0,6.5,0,0,0
655.12,8,2,3,5.39,0,1,1
4115.94,7,0,0,6.48,0,0,0
4764.2,19,0,3,3.9,0,0,0
2045.62,9,0,1,8.58,1,1,0
4066.62,16,0,0,10.1,0,0,0
4321.0,14,1,0,6.59,1,1,0
536.22,14,2,0,2.7,2,0,1
10897.26,9,0,2,0.71,0,0,0
5565.75,16,0,1,5.73,0,0,0
792.04,5,1,2,18.22,0,0,0
719.19,23,0,1,4.94,0,0,0
15273.72,3,0,1,5.74,0,0,1
536.61,5,0,1,1.42,0,0,0
4472.7,11,0,1,6.38,0,1,0
2089.52,19,0,1,8.17,0,0,0
4948.17,10,0,1,2.73,0,1,0
4448.56,13,0,0,5.02,0,0,0
3029.25,1,1,1,3.65,0,0,0
3770.5,7,2,0,8.33,0,1,1
119.28,15,0,3,1.48,0,1,0
1255.66,9,0,0,1.2,0,0,0
23823.68,17,0,2,11.07,1,1,0
16981.27,18,0,1,3.29,0,1,1
167.31,19,0,1,7.48,0,0,0
6171.32,8,0,1,1.45,0,0,0
3746.69,13,2,0,15.05,0,1,0
1046.84,21,2,0,2.27,0,0,0
3786.83,18,1,2,3.6,0,0,0
5091.73,8,0,1,4.69,0,1,0
1232.57,14,0,0,6.92,0,0,0
16748.05,20,0,1,0.42,0,0,0
8699.27,13,0,0,1.56,0,0,0
20659.17,19,0,1,4.42,1,0,0
420.28,14,0,2,3.14,0,0,0
2226.37,7,0,1,11.35,0,1,0
4741.72,8,0,1,3.37,1,0,0
861.84,5,2,2,1.51,0,0,0
19770.07,9,0,0,2.08,0,0,0
949.65,20,0,2,8.55,0,0,0
15382.43,16,0,1,5.35,0,1,1
18622.16,17,0,1,7.16,0,0,1
2802.05,16,0,0,1.97,0,0,0
8360.17,12,0,1,10.97,0,0,0
568.4,9,0,0,4.88,0,0,0
11373.42,20,0,2,5.63,0,0,0
9488.83,14,0,1,1.11,0,1,0
6969.15,13,0,0,4.74,0,0,0
832.82,23,0,1,7.08,2,0,0
3276.87,12,1,2,1.03,0,1,0
4638.68,19,1,1,2.84,0,1,0
13726.22,19,0,0,12.68,0,0,0
696.7,9,0,1,3.25,0,1,0
4708.14,7,0,1,2.01,2,0,0
1383.84,22,1,1,1.42,1,0,0
678.02,12,0,1,4.36,0,1,0
1810.73,0,1,0,4.92,1,1,0
25594.24,14,0,2,1.24,0,1,1
2060.67,16,0,2,0.89,0,1,0
2527.71,18,0,0,5.63,0,1,0
17118.3,21,0,1,8.52,0,0,0
1689.9,20,0,0,6.59,0,0,0
19495.84,21,0,3,2.83,0,0,0
1514.45,4,1,1,5.78,1,0,0
1656.39,17,0,1,0.94,0,0,0
3866.55,9,0,1,2.4,0,0,0
8952.16,9,0,1,2.29,0,0,0
2561.34,18,0,2,8.39,0,0,0
4740.78,12,0,0,6.82,0,0,0
359.01,20,2,2,4.68,0,1,1
819.01,5,0,0,6.3,0,0,0
2291.74,18,1,3,0.8,0,0,0
124.69,8,1,2,4.37,1,0,0
992.79,9,0,0,1.94,0,1,0
21859.68,13,0,2,4.05,0,1,0
108.24,12,1,1,0.95,0,1,0
1043.26,13,0,2,6.35,0,1,0
2369.15,21,0,1,1.53,0,1,0
2784.23,16,2,1,19.6,3,0,1
24421.83,10,0,2,3.91,0,1,0
3377.16,9,0,0,2.75,0,0,0
1774.21,12,0,1,3.79,0,1,0
8585.73,13,1,0,7.8,0,0,0
4977.03,15,0,1,10.54,0,0,0
774.1,10,0,1,2.49,0,1,0
508.74,18,0,0,1.16,0,0,0
3664.58,7,1,3,8.07,0,1,0
2686.29,15,1,0,2.24,0,0,0
24755.87,16,0,0,4.76,0,0,0
19431.76,9,0,1,8.02,0,1,1
3200.46,18,0,2,7.99,0,1,0
13808.4,16,0,1,5.0,1,0,0
2500.61,16,3,1,5.93,0,1,1
15758.23,14,0,0,7.86,1,0,0
5697.93,20,3,0,2.91,0,0,0
988.5,17,0,1,3.22,0,1,0
23289.16,12,0,0,7.25,0,0,1
10136.96,10,1,1,5.91,0,1,0
3878.71,6,0,1,3.53,0,0,0
17662.23,8,0,3,8.88,0,1,1
2034.08,23,0,1,6.14,0,0,0
1510.24,12,1,1,3.33,0,0,0
1453.33,20,0,2,10.05,2,0,0
18130.44,9,1,1,16.14,0,0,0
4512.48,12,2,0,4.32,0,0,0
3691.39,22,0,0,1.88,0,0,0
16209.81,7,1,0,16.12,2,1,1
2239.82,15,0,0,1.16,0,1,0
5079.16,20,0,3,5.31,0,0,0
2126.24,21,2,1,6.53,0,0,0
2521.49,19,0,1,3.3,1,0,0
4778.81,19,0,1,4.05,0,1,0
3524.12,16,0,3,3.27,0,0,0
1744.87,9,0,0,3.22,0,1,0
7284.75,17,0,3,6.45,1,0,0
627.73,22,0,0,5.14,0,0,0
17363.49,14,0,2,7.33,0,0,0
464.9,10,2,1,5.43,0,0,0
108.2,15,2,1,5.31,0,0,0
7123.83,17,0,0,3.62,0,0,0
959.12,9,0,0,3.57,0,1,0
4246.31,17,0,2,4.57,0,0,0
5391.49,15,1,1,8.48,0,0,0
6328.48,15,0,2,6.48,0,0,0
15352.28,11,0,0,8.27,0,0,0
1174.23,8,1,5,2.7,0,0,0
4023.88,16,0,2,2.17,0,1,0
452.38,15,0,3,2.73,0,0,0
1731.17,11,0,0,2.66,0,0,0
6087.8,10,1,1,4.53,0,1,0
1526.64,11,0,0,1.9,0,0,0
21353.1,14,0,0,0.68,0,1,1
2302.31,22,1,2,4.11,0,0,0
23497.73,18,1,1,1.42,1,0,0
28000.0,19,0,0,3.4,0,0,0
243.52,14,0,0,7.15,0,1,0
2790.32,14,0,2,9.28,0,1,0
6421.55,9,0,1,3.89,1,0,0
2161.09,17,0,1,1.43,0,0,0
19944.22,12,0,1,6.16,3,0,1
2691.06,17,0,0,2.04,1,0,0
1351.45,12,0,1,1.18,0,0,0
17947.2,7,0,1,5.31,0,0,0
6110.25,9,0,1,1.12,0,0,0
2419.38,18,2,0,9.28,1,0,0
8723.03,10,0,2,3.21,0,0,0
5307.94,10,0,1,3.34,0,0,0
3838.61,21,0,0,4.31,0,0,0
76.12,16,0,1,3.54,0,0,0
1846.58,8,0,0,4.83,0,0,0
14315.41,8,0,1,3.07,0,1,0
7793.92,10,0,1,2.36,0,1,0
673.98,15,0,1,7.3,0,1,0
1138.26,17,0,1,0.76,0,0,0
2387.68,10,0,1,4.7,1,1,0
1038.11,19,0,1,3.94,0,0,0
14617.49,7,0,0,3.12,0,0,0
2984.93,9,0,0,3.98,0,0,0
17793.17,22,0,1,1.68,0,0,0
251.77,8,0,0,8.25,0,1,0
1549.94,20,0,0,5.06,0,0,0
4141.09,17,0,0,3.51,0,1,0
2649.59,6,0,0,11.19,0,0,0
1819.04,13,0,4,4.95,0,1,0
2729.24,14,1,1,7.73,0,0,0
1515.49,21,0,0,0.41,0,0,0
8863.72,12,1,0,1.99,0,1,0
240.7,13,1,1,3.15,1,0,0
3640.78,7,0,1,2.46,0,1,0
7160.81,16,0,3,1.59,0,0,0
5272.97,9,0,2,5.14,0,0,0
710.85,7,0,1,1.27,0,0,0
1182.79,23,0,0,6.2,0,1,0
4099.93,10,0,0,2.21,0,0,0
15964.12,8,0,1,5.2,0,0,0
5405.85,17,0,1,12.75,2,0,0
4121.02,18,1,1,2.32,0,1,0
4245.21,6,0,1,0.52,0,1,0
398.01,7,3,1,3.48,0,1,0
18872.54,7,0,0,1.08,0,0,0
20434.43,5,0,0,3.43,0,1,0
24079.65,16,1,0,4.66,0,1,1
16275.89,15,0,0,3.64,0,1,1
134.82,16,0,0,1.53,1,0,0
1553.82,14,0,0,3.32,0,0,0
575.5,18,1,1,1.29,0,1,0
2675.41,14,1,2,4.09,0,1,0
8038.01,20,0,1,2.09,0,0,0
1649.52,13,0,0,4.53,0,0,0
6024.83,18,0,0,3.58,0,1,0
60.77,12,2,2,6.75,0,0,0
650.53,13,0,2,2.75,0,0,0
158.87,19,2,4,4.92,0,0,0
1332.69,7,0,0,4.21,0,0,0
7701.69,15,1,0,5.39,0,0,0
386.34,17,0,1,1.39,0,0,0
22464.16,17,0,1,4.06,0,1,1
1981.79,15,0,2,3.36,0,0,0
8982.24,13,0,0,3.47,0,0,0
478.24,10,0,1,7.97,0,1,0
822.54,20,1,2,14.13,0,0,0
155.96,11,1,0,3.78,0,0,0
1880.95,18,1,0,3.88,0,0,0
1101.6,4,0,1,5.59,1,0,0
6586.39,9,0,0,3.49,0,0,0
3031.9,11,0,0,7.69,1,1,0
22015.08,16,1,1,4.98,0,1,1
2489.11,11,0,1,3.71,1,0,0
368.31,5,0,1,5.07,0,1,0
20823.55,9,0,1,4.0,0,0,0
24416.28,10,0,0,8.46,0,1,1
5830.24,9,0,2,3.76,0,0,0
7225.52,9,0,1,3.44,1,1,0
5605.23,18,0,0,9.29,0,1,0
407.99,12,0,0,3.58,0,0,0
21767.3,12,1,1,6.84,2,1,1
70.0,22,0,0,9.01,1,0,0
1217.45,13,3,0,3.91,0,0,0
427.91,21,0,0,2.83,1,0,0
2108.52,10,0,0,6.29,1,0,0
19039.43,12,0,2,5.4,0,0,0
6701.57,12,4,2,9.23,0,1,1
4486.14,14,3,0,2.44,3,0,1
27146.16,15,0,2,7.06,0,0,1
237.3,10,0,2,5.04,0,0,0
99.21,18,0,2,2.89,0,0,0
3524.81,14,1,1,3.75,0,1,0
1153.05,0,0,4,3.09,0,0,0
20839.38,15,1,1,2.24,0,0,0
1345.77,18,0,2,2.18,0,1,0
1066.18,10,0,1,4.5,2,0,0
2352.11,4,0,0,0.78,1,0,0
1916.27,18,0,3,1.48,0,0,0
2358.62,22,1,2,2.18,0,0,0
3634.14,7,2,0,8.59,0,0,0
1626.73,21,1,1,8.54,0,0,0
986.17,11,0,1,8.61,0,1,0
641.64,21,0,5,7.26,0,1,0
1435.92,16,0,0,8.26,0,0,0
4392.95,20,0,1,6.96,0,1,0
4583.14,18,2,2,7.95,0,0,0
3577.85,3,0,4,10.11,0,0,1
913.15,6,1,1,3.47,1,0,0
20534.41,14,0,0,8.28,0,0,0
2765.84,8,0,1,5.1,0,0,0
2178.93,13,0,1,0.87,0,1,0
2615.08,21,0,0,7.36,0,0,0
2225.96,10,0,2,2.92,0,0,0
2727.07,14,0,0,23.4,0,1,0
4082.54,12,1,2,1.67,0,1,0
431.57,16,0,1,2.18,0,1,0
4491.36,9,0,1,10.23,0,1,0
527.36,10,0,0,1.82,0,1,0
280.64,19,1,0,8.83,0,1,0
12005.69,18,0,4,1.82,1,0,0
10128.36,18,0,0,4.52,0,1,0
259.49,18,0,2,2.17,0,1,0
1934.06,13,0,1,3.79,0,0,0
719.51,17,0,2,2.93,0,1,0
2185.63,12,0,2,3.54,0,1,0
5733.6,7,1,0,6.42,0,1,0
9685.74,12,0,0,0.75,0,0,0
22594.62,8,0,0,7.36,0,0,0
1457.79,12,0,2,5.8,0,0,0
3018.85,10,2,4,10.63,0,1,1
1256.7,15,1,0,6.74,1,0,0
7759.16,11,1,0,4.95,1,1,0
6598.58,17,0,2,3.33,1,1,0
2674.3,14,1,3,21.0,0,0,0
1316.78,20,0,0,3.64,0,1,0
1171.28,7,0,2,7.91,0,1,0
168.77,17,1,0,5.3,0,0,0
5473.91,16,0,0,6.91,0,0,0
1975.31,21,0,0,7.55,0,0,0
1318.37,12,1,1,2.12,0,0,0
2098.32,11,0,5,5.54,0,1,0
5525.0,9,0,1,8.69,0,0,0
485.89,10,0,0,3.75,0,0,0
6298.43,14,0,2,2.16,0,0,0
7349.53,19,0,0,2.84,0,1,0
9442.3,10,0,1,10.46,0,0,0
1681.27,8,2,0,5.23,0,1,1
843.37,10,2,1,7.52,0,1,1
1557.06,7,0,1,3.78,0,1,0
17671.08,21,0,1,2.97,0,0,0
680.07,19,0,2,6.88,0,1,0
3050.8,11,1,0,0.84,0,0,0
2131.86,10,1,2,2.47,0,0,0
6484.6,20,0,0,7.24,0,0,0
164.44,0,1,2,3.4,0,1,0
3363.85,15,0,1,5.68,0,1,0
4666.33,20,0,0,3.09,0,1,0
4619.93,14,0,3,3.15,0,0,0
7011.06,0,0,1,19.08,0,1,0
4238.44,9,0,1,3.62,0,0,0
8471.05,20,0,2,12.11,0,1,0
19078.17,1,0,1,0.71,0,0,1
2298.68,12,0,3,1.63,0,0,0
105.38,18,0,2,7.17,0,0,0
82.34,19,0,1,6.26,0,1,0
938.73,13,3,1,8.5,0,0,0
400.02,9,1,0,10.59,1,0,0
1024.45,15,0,0,8.85,0,0,0
683.53,10,1,0,2.75,0,0,0
152.59,10,0,0,1.11,0,0,0
7740.78,18,0,1,6.47,0,0,0
86.42,8,0,0,5.76,0,1,0
4322.78,0,0,1,12.14,0,1,0
14033.49,11,0,1,3.99,0,1,0
7845.7,14,0,1,3.09,0,0,0
7205.67,17,1,0,3.81,0,0,0
3455.3,18,0,2,5.81,0,0,0
3629.46,16,0,0,10.3,0,0,0
20963.27,16,2,1,4.07,0,1,1
13471.77,16,0,0,2.75,1,0,0
6787.56,10,0,1,7.1,0,0,0
7275.38,12,0,2,4.9,0,0,0
3505.09,16,0,1,6.35,0,0,0
1412.94,6,0,0,3.57,0,0,0
7231.22,10,0,1,2.17,0,1,0
1162.81,12,0,1,2.83,0,0,0
2706.92,14,1,0,3.19,0,1,0
396.2,13,0,2,3.99,0,0,0
8221.53,17,0,2,2.38,0,1,0
545.5,13,0,2,6.08,0,0,0
875.23,20,0,0,3.79,0,0,0
2673.6,12,0,1,1.05,0,0,0
4681.82,14,0,0,6.35,0,0,0
3150.81,0,0,0,7.09,0,0,0
905.25,11,0,2,3.45,0,0,0
63.02,19,0,1,1.92,0,0,0
4589.0,11,0,0,2.91,0,0,0
28000.0,10,3,2,2.78,0,1,1
5372.88,14,0,0,6.7,0,0,0
2033.02,7,1,0,1.19,0,0,0
7551.15,14,0,0,11.93,0,0,0
1747.6,10,0,3,1.01,0,0,0
2441.77,12,0,3,6.3,2,0,0
2134.95,18,0,0,3.8,0,0,0
1959.28,16,0,0,0.75,0,0,0
4836.01,13,0,1,4.66,0,0,0
2454.15,15,0,3,0.57,2,1,1
1278.71,18,1,1,3.01,3,0,0
1015.58,17,0,1,2.53,0,0,0
183.13,9,0,1,2.39,0,0,0
2860.44,10,1,1,7.62,2,1,1
896.21,11,0,0,9.07,2,0,0
573.04,9,0,2,2.79,0,1,0
3454.64,0,0,2,0.51,0,0,0
3718.31,9,1,1,4.11,0,1,0
4523.84,18,0,2,3.75,0,0,0
2301.05,14,1,1,4.38,0,1,0
7243.46,11,0,1,5.08,0,1,0
8873.57,15,0,2,2.35,1,0,0
5330.36,17,0,0,2.55,0,0,0
3290.35,11,0,3,5.23,0,0,0
21168.89,13,4,3,0.98,0,0,1
13088.18,6,0,1,3.36,0,1,0
1085.26,15,0,0,1.38,2,0,0
784.7,11,0,1,3.15,0,1,0
1927.75,13,1,0,1.25,0,0,0
247.26,12,1,1,7.6,0,1,0
12346.22,16,0,0,1.61,0,0,0
2900.91,15,2,1,2.21,0,0,0
2665.05,12,0,0,8.32,0,1,0
3472.87,1,0,1,2.11,0,0,0
2259.08,16,0,0,2.03,0,0,0
164.28,19,0,1,1.74,0,0,0
3092.17,18,1,2,1.57,0,0,0
4090.06,22,0,0,6.25,1,0,0
1785.24,8,1,2,3.58,0,0,0
4590.91,9,1,1,8.12,0,1,0
883.93,14,0,1,3.04,0,1,0
860.32,10,0,2,5.6,0,0,0
623.33,4,2,0,5.92,3,0,1
1548.66,12,0,2,13.86,0,0,0
6067.67,10,1,1,0.93,0,1,0
5691.2,10,0,3,1.88,0,0,0
1604.32,21,3,1,9.1,0,0,0
2906.24,10,1,1,7.19,0,1,0
4142.83,8,2,1,2.63,1,1,1
943.28,8,0,1,8.24,0,0,0
649.1,18,0,2,2.73,2,0,0
28000.0,17,0,2,7.63,0,1,0
3135.76,8,0,0,2.24,1,0,0
27301.81,9,0,2,3.81,0,1,0
1378.79,17,2,3,9.58,3,1,1
17193.44,10,0,0,3.07,0,0,0
865.78,22,0,2,0.16,0,1,0
20945.98,14,2,2,1.31,1,1,1
2355.17,9,0,3,2.59,0,1,0
1292.32,19,1,2,1.26,0,0,0
647.1,11,1,1,2.02,1,1,0
1036.02,10,0,0,4.61,0,0,0
176.49,11,0,2,7.33,0,0,0
3960.25,18,4,2,1.73,0,1,1
2228.01,9,0,1,8.91,0,1,0
376.75,12,0,1,3.05,0,0,0
662.79,3,1,1,0.86,0,0,0
406.18,18,0,3,3.16,0,0,0
3094.49,11,0,0,3.2,0,1,0
376.63,10,0,1,4.03,0,0,0
4551.43,15,0,1,8.97,1,0,0
126.32,17,0,1,4.81,1,1,0
17148.57,18,1,1,6.45,0,1,0
7142.73,11,0,2,3.44,0,1,0
4116.75,18,1,1,6.56,2,0,0
302.46,13,0,1,4.13,0,1,0
20678.36,7,0,1,4.26,0,0,0
2233.8,19,1,4,1.46,0,0,0
6062.88,14,0,0,1.56,0,1,0
2998.05,15,0,0,6.06,1,0,0
3724.57,21,0,0,7.42,1,1,0
16175.82,15,0,1,0.89,0,0,0
18399.47,0,0,1,0.71,2,0,1
3189.67,19,0,0,4.55,0,0,0
2033.7,10,0,0,6.21,0,0,0
188.8,14,0,1,0.98,0,0,0
106.64,9,1,2,1.89,0,0,0
466.26,10,0,1,1.26,0,0,0
3411.14,17,2,1,3.01,0,1,1
2739.66,12,0,1,8.31,0,0,0
2639.71,16,1,2,8.06,0,0,0
163.6,18,0,0,8.45,0,0,0
2087.4,11,0,0,8.29,0,0,0
8332.8,15,0,0,4.84,0,0,0
1681.82,18,0,2,2.26,0,0,0
3197.99,17,2,0,5.82,0,0,0
4902.57,14,0,0,11.48,0,1,0
4962.82,12,0,0,6.25,0,0,0
2403.91,12,1,1,10.18,0,1,0
6305.09,13,0,1,1.15,1,1,0
1648.99,11,0,0,5.84,1,1,0
7085.49,17,0,0,6.81,0,0,0
939.15,8,0,0,5.09,0,1,0
1112.17,22,0,0,4.87,0,1,0
234.67,18,1,2,10.46,0,0,0
5140.28,10,0,1,5.54,0,0,0
1786.92,5,0,0,4.11,0,1,0
892.7,17,1,0,8.37,0,1,0
903.82,17,1,0,1.23,0,0,0
7473.39,22,0,1,2.73,0,1,0
5804.85,10,0,1,4.76,0,0,0
2640.43,7,0,2,7.02,0,1,0
19490.87,20,1,2,3.78,0,1,1
2117.83,10,1,3,2.36,0,0,0
1650.5,17,0,3,6.06,1,0,0
7966.34,6,3,3,2.18,0,1,1
489.54,18,0,0,6.94,0,1,0
1794.57,8,1,1,1.95,0,1,0
1411.84,17,1,2,1.55,0,0,0
2266.26,14,1,1,3.34,1,1,0
2017.79,21,3,0,7.28,0,0,0
2401.31,4,0,1,5.89,1,0,0
542.33,10,0,2,6.76,0,0,0
2363.3,6,0,2,1.66,0,1,0
19161.73,19,1,1,6.64,0,1,1
711.99,15,1,2,2.77,0,0,0
274.5,14,0,0,9.44,0,0,0
4662.34,8,0,1,7.38,0,0,0
18714.8,14,0,1,5.56,0,0,0
3212.71,12,0,1,2.41,0,0,0
4221.47,11,0,3,4.91,0,0,0
3699.36,18,1,1,3.44,0,0,0
2094.64,6,0,4,5.63,0,1,0
1630.74,16,0,1,10.3,0,0,0
1568.93,18,0,3,4.42,0,0,0
3329.72,20,1,1,4.6,1,0,0
2244.93,17,0,0,2.44,1,0,0
6112.33,10,0,4,2.65,0,0,0
6706.59,15,0,0,3.68,0,0,0
658.42,8,0,4,1.57,0,0,0
528.65,8,3,1,2.11,0,0,0
3245.08,16,1,0,1.06,2,0,0
1206.97,19,1,2,1.91,0,0,0
119.99,6,0,0,3.34,0,1,0
7084.04,7,0,0,6.81,0,0,0
883.51,15,0,0,5.59,0,0,0
8536.92,9,0,2,7.7,0,1,0
22682.17,15,1,1,4.58,0,0,0
4662.35,9,0,1,6.24,0,0,0
779.91,8,0,1,7.07,0,1,0
913.85,14,0,0,6.03,0,0,0
22244.55,19,4,0,5.11,0,0,1
15228.82,17,2,1,10.01,1,1,1
16861.75,18,0,0,11.33,0,0,0
1301.01,10,0,0,7.28,1,0,0
616.52,20,0,1,3.91,0,0,0
17289.38,12,0,1,1.37,1,0,0
5032.08,19,2,4,8.15,1,0,1
645.46,13,0,1,6.2,0,1,0
152.38,10,2,0,0.59,0,0,0
3236.03,10,1,0,7.72,0,0,0
11992.79,15,0,1,1.46,0,0,0
1347.33,7,0,0,0.25,3,0,0
21160.65,21,1,1,5.39,0,1,1
2763.59,10,0,1,6.73,0,0,0
7638.35,11,0,0,7.39,0,0,0
4964.84,9,0,1,6.2,0,1,0
19100.19,0,0,2,8.5,2,1,1
1270.94,17,3,1,0.25,0,1,1
2558.0,15,0,3,4.4,0,0,0
366.17,18,0,1,8.44,0,0,0
3695.66,5,0,2,5.91,0,0,0
4192.27,21,1,0,5.23,0,1,0
26839.39,11,2,0,1.8,0,1,1
1025.26,20,0,2,2.45,1,0,0
119.61,7,0,0,1.3,1,0,0
2584.15,17,0,0,9.25,3,0,1
3985.98,15,0,0,1.59,0,0,0
5060.29,11,4,3,3.25,0,1,0
749.11,7,1,1,0.88,2,1,1
19258.91,15,2,1,10.49,0,0,1
2359.68,3,0,2,3.16,0,1,0
1344.4,14,1,3,8.62,1,1,0
6363.27,15,0,1,4.65,0,0,0
2114.39,17,0,1,5.68,0,0,0
5203.47,23,1,1,2.12,0,1,0
2840.73,10,0,1,2.27,0,0,0
4806.25,11,0,0,5.86,2,0,0
1354.32,11,0,0,1.82,1,0,0
5757.04,17,0,1,0.28,3,1,0
1087.18,21,0,0,0.65,0,0,0
2587.6,22,0,3,0.38,0,0,0
830.58,21,0,1,1.39,0,1,0
2125.15,19,0,0,8.64,0,1,0
1285.54,23,0,2,0.46,0,1,0
1052.66,12,0,2,8.23,0,0,0
27328.14,21,0,5,4.37,1,1,1
618.21,18,0,0,4.28,0,0,0
5013.58,8,0,1,2.74,0,0,0
13325.7,5,0,1,1.47,0,0,0
20734.12,9,0,1,6.11,0,0,0
3902.36,18,2,0,7.89,0,0,0
21148.78,16,0,1,2.7,0,1,1
192.26,9,1,0,0.59,0,0,0
1710.09,17,0,0,3.01,0,0,0
25924.79,8,0,2,8.44,0,0,0
18256.07,18,1,2,1.27,2,1,1
2896.65,18,0,2,11.75,2,0,0
2287.02,22,0,1,5.2,0,0,0
20137.36,8,0,0,13.48,1,1,1
340.77,20,1,2,1.92,0,0,0
3721.49,11,0,2,3.74,0,0,0
3707.29,12,0,0,7.63,0,0,0
3598.81,13,0,3,4.9,1,0,0
27755.75,16,0,1,1.89,0,0,0
5602.72,23,1,1,5.38,0,1,0
197.21,15,0,0,9.82,1,0,0
2098.16,21,0,1,1.95,2,1,1
1683.74,10,0,1,2.34,0,1,0
1248.09,12,0,1,2.72,0,0,0
20638.47,14,0,1,5.44,0,1,1
1611.44,11,1,1,3.04,0,0,0
1871.91,22,0,2,9.45,0,0,0
12462.5,17,2,1,11.16,0,0,0
356.99,13,0,2,4.36,0,0,0
8232.83,17,4,1,8.7,0,0,0
2154.02,13,0,1,5.38,1,0,0
3187.94,1,1,2,5.36,0,1,1
5733.71,14,0,2,1.46,1,0,0
1490.43,16,0,2,7.12,0,0,0
1861.15,22,1,2,2.3,1,1,0
1745.81,5,1,3,1.89,1,0,0
1562.63,14,0,1,8.54,1,0,0
8371.52,7,0,1,2.19,0,0,0
5710.18,8,0,1,3.66,0,1,0
429.31,15,2,0,7.75,1,1,1
426.17,9,0,0,15.43,1,0,0
1846.84,17,0,1,4.13,0,1,0
392.38,14,1,1,4.66,0,1,0
3148.64,9,0,0,1.59,0,0,0
556.4,14,0,0,9.18,0,1,0
18298.16,0,0,2,19.53,1,0,0
83.19,19,0,2,5.0,4,1,1
1278.14,0,0,4,3.25,0,0,0
18435.68,0,0,1,2.93,0,1,0
22498.14,15,0,1,9.64,0,0,0
12312.92,22,0,0,0.79,0,0,0
6691.35,19,0,1,11.94,0,1,0
1483.48,10,0,1,12.33,0,0,0
208.97,9,0,1,1.11,0,0,0
6038.81,16,0,2,15.63,0,0,0
7809.62,18,0,0,1.61,0,0,0
5558.53,11,0,0,6.99,0,0,0
498.11,13,0,0,6.01,0,1,0
19813.76,8,0,2,12.35,0,0,0
1017.42,8,2,0,6.71,0,0,0
4181.91,15,0,1,2.72,0,1,0
7696.31,7,0,0,15.12,0,1,0
17333.73,9,0,1,8.95,0,1,1
7704.1,10,0,2,4.47,1,1,0
1245.0,13,0,0,2.65,0,1,0
12050.62,5,0,0,8.34,0,0,0
1116.82,14,0,0,6.63,0,1,0
28000.0,21,1,1,2.07,0,0,0
236.1,2,1,1,2.51,0,0,0
4013.18,16,0,1,6.77,0,0,0
2490.48,19,0,0,2.15,1,0,0
2139.53,11,1,0,4.51,1,0,0
869.44,8,0,1,14.11,0,0,0
3972.97,5,0,1,4.94,0,1,0
737.51,16,0,0,0.9,0,0,0
2635.5,15,0,1,1.61,0,1,0
994.46,9,0,1,3.66,0,1,0
10027.99,19,0,1,1.08,0,0,0
152.96,17,0,2,5.5,0,0,0
772.97,10,1,1,4.18,1,1,0
947.94,17,0,0,1.13,1,1,0
1770.56,10,0,2,10.09,0,0,0
907.73,16,0,1,4.25,0,1,0
15489.81,8,0,1,3.94,0,0,0
6649.98,17,0,3,9.69,0,1,0
4044.05,10,0,1,3.02,0,1,0
2835.71,15,0,0,0.97,0,0,0
358.29,9,0,0,8.66,0,1,0
3849.26,17,1,0,3.39,0,0,0
642.46,6,0,2,3.49,0,0,0
4999.19,8,0,0,2.97,0,0,0
980.82,9,2,0,3.23,0,1,0
1786.89,5,0,1,5.34,0,1,0
1440.82,17,3,2,4.7,0,1,0
6324.56,22,1,2,3.79,2,0,0
492.95,18,0,0,4.25,1,0,0
2728.46,19,0,1,1.74,0,0,0
550.31,0,0,4,6.63,1,0,0
3964.28,8,0,2,1.95,0,1,0
7595.04,15,0,4,9.83,0,0,0
18197.29,22,0,1,4.3,0,0,0
2202.75,16,0,1,0.7,0,0,0
8453.94,12,0,2,5.21,0,0,0
2415.32,8,0,0,10.44,0,1,0
2199.67,8,0,2,4.98,2,0,0
22361.37,11,1,1,5.11,0,0,0
3799.84,17,1,0,5.54,0,0,0
421.72,4,0,2,6.1,0,0,0
5567.16,19,0,0,3.47,0,1,0
1889.84,21,0,1,2.17,0,0,0
16400.93,20,0,0,2.24,0,0,0
4996.43,20,0,0,3.4,0,0,0
19399.3,1,0,0,5.15,0,0,1
398.46,22,0,2,7.95,0,1,0
3274.46,11,0,0,5.97,0,0,0
6848.35,19,0,0,4.1,0,0,0
7058.59,9,2,2,7.79,0,0,0
10178.74,13,0,2,2.72,0,0,0
6532.72,5,0,2,8.45,1,1,0
66.86,5,3,4,2.73,0,0,0
1590.96,21,2,2,2.27,1,1,0
5521.55,18,0,0,4.69,0,0,0
16198.38,14,0,1,3.85,0,0,0
3004.54,14,0,1,3.53,0,1,0
3043.07,17,0,1,8.52,0,0,0
17845.55,11,0,1,2.39,0,1,1
7574.74,18,0,1,1.45,1,1,0
2298.8,13,0,4,4.48,0,1,0
2060.27,16,0,0,2.14,0,1,0
19250.33,22,0,0,3.96,0,1,1
2236.74,13,0,0,4.9,0,1,0
21109.9,12,0,0,0.7,0,0,0
2362.83,20,0,0,8.32,1,0,0
5442.72,20,0,2,14.29,0,0,0
4859.86,23,0,1,6.46,0,1,0
5032.53,15,0,0,8.35,2,0,0
3999.47,11,0,0,5.15,0,0,0
998.63,10,0,2,8.64,0,0,0
6399.56,4,0,1,4.4,0,1,0
7225.05,17,0,0,1.65,0,1,0
750.76,9,0,0,2.38,0,0,0
507.31,15,0,0,1.46,0,0,0
11942.8,20,0,1,1.66,0,0,0
6547.71,21,0,0,0.67,0,1,0
24750.45,0,0,0,4.5,0,0,0
27235.02,11,0,1,14.02,0,0,1
2556.65,19,0,2,3.19,0,0,0
3386.7,14,0,0,3.06,1,0,0
2582.42,18,0,0,6.71,0,0,0
228.2,19,0,1,4.32,0,0,0
4439.09,13,2,2,3.61,1,1,0
2312.38,11,0,2,6.64,0,1,0
23614.71,13,0,2,4.76,2,0,1
2295.01,16,1,1,0.41,1,1,0
2226.09,11,0,2,2.62,0,1,0
663.16,18,0,1,7.62,0,0,0
21658.68,20,0,1,2.07,0,0,0
613.56,10,0,1,8.19,0,0,0
756.77,22,0,1,15.58,1,0,0
11615.46,16,0,0,4.1,0,0,0
591.8,19,0,0,5.69,0,0,0
1063.88,7,0,1,5.16,0,0,0
2917.72,10,0,0,2.05,1,1,0
23237.75,11,2,1,6.63,0,1,1
595.06,10,0,1,10.82,0,1,0
5111.23,9,0,0,10.07,0,1,0
18008.05,19,0,1,2.7,0,1,1
926.92,12,0,2,4.31,0,0,0
1149.96,22,0,3,1.06,3,1,1
8957.36,15,0,2,4.86,1,1,0
5649.8,8,1,2,1.57,0,0,0
3889.3,14,0,1,1.28,0,0,0
334.6,23,0,0,2.09,0,0,0
1793.56,15,0,4,9.71,0,1,0
2682.06,0,0,0,5.18,0,0,0
21196.22,21,1,2,1.28,0,0,0
1962.78,10,1,0,12.6,0,1,0
3000.35,17,1,0,5.61,0,0,0
15428.7,14,0,2,0.53,1,0,0
18238.39,11,0,2,5.59,0,1,1
19376.37,10,0,0,4.39,0,0,0
1311.15,21,2,2,2.11,0,0,0
5897.52,20,0,0,6.87,0,0,0
409.9,14,0,2,7.95,0,1,0
5879.16,10,1,2,7.2,0,0,0
590.43,7,0,1,4.9,2,1,0
337.02,8,1,0,4.03,1,0,0
19136.43,14,0,1,10.79,0,0,0
2103.33,11,1,0,6.24,0,1,0
25657.72,5,0,0,6.6,1,0,0
1504.1,13,0,1,2.97,0,0,0
1143.16,17,0,3,18.42,0,0,0
2282.78,20,1,0,15.66,0,0,0
2007.86,15,0,0,5.05,1,0,0
1411.19,17,0,0,3.32,0,0,0
3846.64,11,0,0,3.36,0,0,0
4620.94,14,0,1,1.44,0,0,0
6195.08,17,0,1,5.55,0,0,0
11601.19,17,0,3,7.04,0,0,0
1052.45,12,0,0,3.81,2,1,1
4089.15,14,0,0,6.98,1,0,0
1664.16,20,0,2,7.49,0,1,0
3677.14,16,1,1,0.18,1,0,0
2127.93,16,0,3,9.3,0,1,0
16312.41,18,0,0,8.28,0,0,0
4236.88,8,0,1,12.86,0,0,0
9809.9,14,0,0,17.41,0,0,0
5825.2,22,0,2,1.22,0,0,0
7522.48,11,1,1,8.87,0,0,0
5449.65,10,0,1,3.64,0,1,0
2026.82,15,0,1,2.49,0,1,0
988.22,9,0,1,4.47,0,0,0
1540.14,15,0,0,5.85,0,0,0
125.42,8,0,1,6.5,0,1,0
2435.43,15,1,0,17.35,0,0,0
2310.61,15,0,2,2.14,0,0,0
2443.9,12,0,0,4.42,0,0,0
11742.75,12,1,0,5.74,0,1,0
7817.55,10,1,4,9.75,0,0,0
624.46,11,0,1,10.11,0,0,0
17751.33,14,0,2,1.7,0,1,0
1825.03,10,0,2,1.68,0,0,0
1490.78,18,1,1,3.89,0,1,0
5186.23,17,0,1,10.75,0,1,0
2435.73,10,0,3,12.61,0,1,0
2776.37,7,0,0,7.84,0,0,0
6195.73,0,0,1,4.6,0,1,0
5306.49,15,0,0,2.24,1,1,0
513.78,9,0,1,8.35,0,1,0
4064.69,0,0,0,2.37,2,1,0
1889.45,11,2,2,7.77,0,1,0
1176.99,22,0,1,2.37,0,0,0
224.2,17,0,2,11.72,3,0,0
2197.49,19,2,1,5.06,0,1,0
1465.38,8,0,1,1.09,0,1,0
987.04,6,0,0,1.01,1,1,0
3856.38,0,0,0,8.64,0,1,0
4755.81,21,2,3,6.18,0,0,0
14162.86,10,1,1,1.5,0,1,0
222.28,13,0,0,3.14,0,1,0
6104.28,12,0,0,2.38,0,0,0
92.03,17,1,0,5.74,0,0,0
8912.5,11,0,0,2.45,0,0,0
3221.09,14,0,0,5.94,0,0,0
1302.82,23,0,0,4.17,0,1,0
965.59,13,1,1,4.99,0,0,0
88.95,15,2,0,10.3,0,1,1
919.19,14,1,1,2.63,0,1,0
534.19,18,2,1,13.09,0,0,0
3090.97,10,1,3,6.91,0,0,0
642.96,9,0,0,5.58,1,1,0
2466.76,17,0,2,13.39,0,1,0
2914.02,12,1,1,5.03,0,0,0
1192.42,20,0,0,1.77,0,1,0
174.22,16,1,1,3.19,0,0,0
181.49,15,1,2,14.84,0,0,0
16957.3,6,0,1,0.42,0,0,0
4359.88,17,0,1,0.98,1,0,0
1284.77,17,0,1,9.71,1,0,0
5151.55,16,0,1,1.15,0,1,0
1868.52,10,0,2,1.68,1,0,0
1990.57,21,0,2,5.39,0,1,0
2361.6,11,2,0,2.35,0,0,0
4054.82,8,0,1,20.7,0,0,0
1082.47,23,1,2,5.39,0,1,0
474.84,17,0,2,8.5,0,1,0
2658.59,12,0,1,9.76,0,0,0
1327.13,21,0,3,5.73,0,0,0
1929.69,7,0,0,7.81,1,0,0
3391.64,7,0,0,6.91,0,0,0
2240.69,16,2,1,3.49,0,0,0
3158.62,9,0,2,0.93,0,0,0
2574.24,20,0,2,7.4,0,0,0
4368.13,19,0,1,5.21,1,0,0
3976.67,11,1,1,3.47,0,1,0
2504.73,20,0,0,1.88,0,0,0
20232.28,5,0,0,2.49,1,0,0
6677.55,15,0,0,1.25,0,1,0
1871.56,21,0,2,3.54,1,0,0
1763.45,19,0,1,0.19,0,1,0
23738.68,11,0,3,1.07,0,0,0
2855.52,9,0,0,9.88,0,0,0
295.69,9,0,0,5.09,0,1,0
7185.32,14,0,1,5.12,0,0,0
160.05,15,0,1,5.06,0,1,0
4475.68,4,0,0,3.08,0,0,0
4610.73,12,0,0,8.56,1,0,0
9851.92,19,0,3,3.4,0,0,0
238.1,13,0,0,2.27,0,0,0
2967.08,9,1,2,3.95,0,0,0
1846.68,21,0,1,10.86,0,0,0
1344.55,10,0,1,1.36,0,1,0
362.91,18,0,1,2.51,0,0,0
2706.5,9,0,3,9.81,0,0,0
17383.57,12,0,3,1.57,0,0,0
413.39,14,0,3,1.47,0,1,0
3093.64,14,0,0,3.96,0,0,0
4345.54,14,0,1,1.1,0,0,0
4725.32,9,0,1,3.9,0,1,0
7605.01,14,0,0,2.21,0,0,0
1745.56,13,0,1,1.96,0,0,0
9849.3,9,0,0,5.19,0,0,0
6478.13,23,2,1,1.68,0,1,0
1185.41,19,0,5,6.7,0,0,0
615.2,20,0,0,17.05,1,1,0
1889.18,17,1,0,1.14,0,0,0
1704.78,8,0,1,1.75,0,1,0
2803.55,15,3,0,1.68,0,0,0
2861.91,18,0,0,2.25,1,0,0
4495.98,5,0,1,6.02,2,0,0
2342.0,14,0,1,13.03,0,1,0
15154.6,12,0,1,6.42,0,0,0
6312.74,9,0,0,2.67,1,0,0
1246.31,12,0,2,1.38,0,1,0
11422.46,23,0,1,8.62,0,1,0
461.29,17,0,1,8.45,0,0,0
10223.47,10,0,1,1.65,0,1,0
365.35,15,1,0,7.88,0,1,0
900.68,10,0,0,5.48,0,0,0
212.64,15,1,0,4.78,0,1,0
3967.72,20,0,0,4.67,1,0,0
21184.68,15,0,0,6.55,2,0,1
17311.64,17,0,1,4.36,0,1,0
26296.09,13,1,2,1.73,0,0,1
2915.45,14,1,0,1.73,0,0,0
3241.67,17,0,1,1.93,0,1,0
6034.52,18,0,0,2.82,0,0,0
1186.77,16,0,1,1.75,0,1,0
1459.58,22,0,3,6.4,0,0,0
7624.64,18,0,0,3.72,0,0,0
7459.25,18,1,2,3.01,0,0,0
12060.07,19,0,1,3.24,0,0,0
7487.65,10,1,0,22.35,0,0,0
495.99,13,0,3,6.54,0,1,0
5614.26,15,1,1,3.58,0,1,0
1747.55,13,0,2,3.4,0,0,0
15063.84,19,0,2,4.57,0,0,0
18877.62,3,0,1,10.89,0,0,1
2642.62,9,0,1,6.07,0,0,0
2474.54,19,0,1,7.86,0,0,0
1302.3,6,0,0,6.89,0,0,0
309.55,9,0,1,5.84,0,0,0
7292.05,11,0,0,2.72,0,0,0
5253.3,17,0,1,0.89,0,0,0
540.87,15,1,2,2.02,0,0,0
4858.54,21,0,1,1.31,0,0,0
3205.89,9,1,2,7.6,0,0,0
1743.78,19,0,1,5.01,0,0,0
997.79,10,1,2,4.7,0,0,0
6345.37,10,0,1,9.82,0,0,0
19609.88,14,0,2,3.86,2,0,1
2599.19,6,0,0,8.1,0,0,0
3069.61,12,0,1,5.39,1,1,0
365.55,11,0,1,4.42,0,0,0
2115.36,8,0,3,6.54,0,1,0
748.96,19,0,1,6.41,0,1,0
807.77,12,0,0,3.88,0,1,0
3524.49,22,0,3,1.4,0,0,0
7810.4,20,0,1,5.76,0,0,0
1714.74,9,1,1,8.52,0,0,0
805.21,14,1,2,5.7,0,1,0
3407.99,15,0,0,2.02,0,1,0
6618.06,18,1,0,3.7,0,0,0
4474.69,20,0,0,5.32,1,0,0
6558.26,16,0,1,7.28,0,0,0
2521.01,4,0,0,6.09,2,1,1
4520.25,13,0,0,7.93,1,1,0
542.87,20,0,1,2.95,0,0,0
17424.54,17,0,4,3.73,0,0,1
1639.38,19,0,3,10.97,0,0,0
2351.19,16,0,1,5.94,0,1,0
8527.68,5,0,3,1.73,1,0,0
6696.26,22,0,0,3.76,0,0,0
522.33,20,0,1,3.45,0,0,0
667.03,8,0,0,4.66,0,1,0
1476.34,7,2,0,3.76,0,0,0
1159.32,14,0,0,7.25,0,0,0
3112.54,17,1,1,1.89,0,0,0
23485.75,12,0,1,9.61,0,0,0
28000.0,8,0,4,1.37,0,0,1
3452.54,14,0,1,3.36,0,0,0
5887.65,11,0,2,2.06,0,1,0
2443.57,11,2,2,8.75,0,0,0
807.54,16,0,1,10.16,0,0,0
17304.09,20,0,0,5.57,0,0,0
2651.57,15,0,1,0.67,0,0,0
4401.03,17,0,0,1.53,2,0,0
854.6,16,1,2,1.53,1,0,0
1529.94,15,0,2,11.74,1,0,0
1508.32,11,0,2,6.79,0,0,0
10315.88,12,1,1,18.1,1,0,0
1938.04,11,0,1,5.95,0,1,0
24106.51,20,0,1,5.33,0,1,1
4506.54,18,0,0,5.19,0,1,0
19713.29,15,0,0,6.09,0,0,0
2774.65,20,0,1,0.82,0,0,0
7250.97,20,0,2,4.47,0,1,0
2123.15,21,2,1,4.99,0,0,0
22392.75,9,1,1,6.04,0,0,0
832.42,17,0,1,4.29,0,0,0
21251.98,15,0,3,2.14,1,0,0
7165.86,17,0,1,0.89,0,1,0
6081.69,10,0,2,12.23,0,0,0
15755.71,17,0,1,6.11,0,1,1
3700.13,12,0,2,4.9,0,1,0
27942.49,19,0,0,7.76,0,1,1
5673.34,18,1,3,2.12,0,1,0
6014.03,9,0,0,3.42,0,1,0
2754.32,9,0,0,1.74,0,0,0
1601.94,17,1,2,1.16,0,0,0
27244.69,15,0,1,4.48,0,0,0
1870.69,15,1,1,2.57,0,1,0
2536.69,17,0,1,3.64,0,0,0
18193.15,19,0,1,1.39,0,1,0
2722.37,10,1,1,2.35,0,0,0
2094.66,15,0,0,3.49,0,1,0
217.3,19,0,0,3.2,0,1,0
6899.93,19,0,1,20.0,1,1,0
1940.63,10,0,0,4.4,0,1,0
2904.88,7,0,1,2.74,3,1,1
539.61,9,3,1,2.4,0,1,0
70.86,21,0,3,6.03,0,0,0
960.55,13,0,1,17.32,0,1,0
3962.01,12,0,0,9.07,0,1,0
394.29,0,0,0,4.64,0,1,0
7726.11,5,1,0,2.43,0,0,0
834.72,16,0,3,2.7,0,0,0
792.49,15,0,1,0.95,0,0,0
700.93,15,0,2,1.79,0,0,0
105.06,7,3,1,4.72,0,1,1
4788.18,11,0,1,6.08,0,0,0
6715.1,18,0,1,5.92,0,1,0
3107.49,9,0,1,1.4,0,0,0
727.2,19,0,1,6.68,0,1,0
1134.76,8,0,2,1.79,0,1,0
2127.6,8,0,1,1.61,0,1,0
9937.32,13,0,1,5.79,0,0,0
969.3,21,0,2,4.68,0,0,0
4269.43,11,0,1,2.42,0,1,0
1912.27,16,0,1,9.52,0,1,0
1191.53,15,0,1,5.2,0,0,0
2007.68,8,0,1,3.34,0,1,0
296.38,10,0,0,2.18,1,0,0
5189.27,21,0,3,2.9,0,0,0
952.13,9,0,0,1.64,0,1,0
4195.95,17,0,1,4.68,0,0,0
286.55,22,0,1,3.42,0,1,0
9990.51,8,0,2,5.5,0,0,0
746.24,12,0,2,10.83,0,1,0
6918.81,9,0,2,10.84,0,0,0
5365.48,9,0,2,1.6,0,0,0
28000.0,8,0,2,4.04,2,0,1
2139.61,16,2,1,2.95,0,1,0
4219.17,17,0,0,4.14,0,0,0
1542.13,16,0,2,5.77,0,0,0
15738.3,20,0,0,2.07,0,0,0
1933.04,8,0,0,2.97,0,1,0
639.91,11,0,0,1.52,0,1,0
12923.57,11,1,1,4.46,0,1,0
383.84,9,0,1,7.59,1,1,0
2906.97,8,0,1,2.82,0,0,0
3211.17,13,2,2,2.68,0,1,0
2531.56,19,0,1,4.91,0,1,0
3532.83,21,0,0,7.72,3,0,0
455.21,8,0,1,6.75,0,1,0
2651.11,18,0,0,11.33,0,0,0
1143.43,18,0,1,4.99,0,0,0
9072.32,12,0,2,15.15,0,0,0
4654.51,7,0,0,10.11,0,0,0
24844.97,23,1,0,3.58,1,0,0
19870.67,16,0,1,2.72,0,1,1
1134.11,22,0,3,6.29,1,1,0
755.8,13,0,1,8.16,0,0,0
20267.77,12,1,2,0.86,0,0,0
948.01,10,0,0,1.72,0,0,0
3693.97,23,0,0,7.13,0,0,0
900.9,10,1,1,7.91,1,1,0
2336.22,2,0,1,6.35,0,1,1
7060.43,14,0,2,2.67,0,0,0
3846.81,12,0,0,0.91,0,0,0
1666.12,10,0,1,1.61,0,1,0
1551.08,16,0,1,15.03,2,0,0
16306.39,11,1,2,3.47,0,1,0
683.52,12,0,2,6.85,0,1,0
22572.85,2,0,0,3.86,0,1,1
1508.95,15,0,1,5.94,1,0,0
6181.65,8,1,1,3.77,0,0,0
4581.13,9,0,0,10.86,0,1,0
3077.36,17,0,2,8.55,0,0,0
1509.2,11,0,1,3.37,0,0,0
19743.26,8,1,1,4.49,0,1,1
4849.72,15,0,0,2.93,2,1,1
2192.25,9,0,0,5.32,0,1,0
15301.62,10,0,2,0.87,0,1,1
754.82,16,0,1,1.42,0,1,0
638.57,17,0,0,3.72,0,0,0
21238.81,17,1,0,2.6,0,0,0
892.16,13,0,2,9.8,0,1,0
2453.29,13,0,1,2.2,1,1,0
1982.09,18,0,0,4.89,0,1,0
2833.04,9,0,2,3.33,0,0,0
6769.86,8,0,1,5.49,0,1,0
6533.73,16,0,2,5.03,0,1,0
1979.35,12,0,0,1.07,0,1,0
109.55,17,0,0,6.07,0,1,0
1838.88,10,0,1,1.08,0,0,0
3042.07,11,3,2,6.93,2,0,1
2670.92,20,0,0,0.52,0,1,0
3431.67,12,1,0,5.65,1,1,0
595.44,15,0,0,1.14,0,1,0
3387.91,7,0,1,0.99,2,1,1
705.41,9,0,1,3.44,0,1,0
4502.86,4,0,4,0.66,0,0,1
17767.29,12,0,1,14.69,0,1,1
4020.04,23,0,2,4.57,0,1,0
216.96,19,0,0,0.64,2,1,1
1736.84,16,0,0,4.88,0,0,0
3966.87,19,0,0,0.54,0,0,0
883.39,15,0,0,1.08,0,0,0
5135.67,11,0,2,10.18,0,0,0
3248.36,9,1,0,10.12,0,1,0
21973.85,16,0,2,5.06,0,1,1
21157.31,9,0,2,1.47,0,0,1
2167.69,12,2,1,2.68,0,0,0
2970.99,18,0,0,3.86,0,1,0
2106.51,8,0,0,10.24,0,1,0
3894.77,8,3,3,6.24,0,0,0
1879.6,9,0,1,2.76,0,0,0
783.17,15,0,0,1.8,1,1,0
830.29,10,0,0,1.35,0,0,0
78.63,14,0,1,16.88,1,1,0
1205.74,10,3,1,8.95,0,0,0
4482.32,14,0,2,4.53,0,1,0
5118.14,10,0,0,7.83,0,1,0
783.94,22,0,0,3.02,0,1,0
10284.82,14,0,0,1.8,0,0,0
16051.69,17,0,0,3.65,0,0,0
8023.71,17,3,0,4.2,2,1,1
21489.46,14,1,0,7.22,0,0,0
4161.42,10,0,2,2.03,0,0,0
344.41,14,0,0,0.89,0,1,0
855.04,16,0,0,3.44,0,1,0
88.33,13,0,0,3.33,0,0,0
4089.54,7,0,0,11.01,0,1,0
1411.24,1,0,0,7.04,0,0,0
5003.47,11,0,2,2.34,2,0,0
1384.5,8,0,0,1.65,0,1,0
5535.53,20,0,1,2.81,0,1,0
508.21,9,1,1,1.76,2,0,0
669.29,12,0,1,17.61,1,1,0
1393.9,17,1,1,1.96,0,1,0
1740.23,18,0,1,2.14,0,1,0
20526.11,13,3,2,4.58,0,0,1
4675.77,9,0,1,1.17,0,0,0
386.33,10,0,1,2.23,0,0,0
20734.03,12,0,0,6.33,0,0,0
5869.53,11,0,0,4.3,0,0,0
281.22,11,0,0,4.42,0,1,0
9190.41,8,0,1,3.43,0,0,0
13793.09,20,0,1,2.39,2,0,0
356.76,3,0,1,0.93,0,0,0
1161.71,13,0,1,2.03,0,0,0
1550.73,22,0,1,2.79,0,0,0
4853.15,16,0,3,4.35,0,0,0
2959.71,11,0,2,2.32,0,0,0
3368.33,8,0,1,3.95,0,0,0
4593.74,22,0,2,1.75,0,0,0
14645.67,0,0,0,1.47,2,1,0
5791.25,16,0,1,5.74,0,1,0
3973.23,19,2,1,2.17,0,1,0
2815.81,2,2,0,6.98,1,0,1
7115.59,17,0,0,4.31,1,1,0
3915.98,23,0,0,12.39,0,1,0
780.87,16,0,1,0.56,0,1,0
1857.35,12,1,0,6.85,0,0,0
2240.17,19,0,1,4.67,0,0,0
241.76,15,0,1,5.86,0,0,0
9957.82,17,1,3,3.96,3,0,0
500.41,15,1,1,5.35,1,0,0
3885.75,4,1,3,1.38,0,0,1
2318.2,9,1,0,4.31,0,1,0
143.09,7,1,2,2.77,0,1,0
8338.1,7,1,0,15.52,0,0,0
6170.21,1,0,0,10.75,1,1,0
2437.21,12,2,0,2.62,0,1,0
891.97,9,0,0,1.01,0,1,0
474.97,19,0,1,2.29,0,1,0
1505.13,17,0,1,1.23,0,0,0
1003.83,15,0,3,2.87,0,1,0
19525.22,14,0,3,5.66,0,1,0
10919.22,10,1,1,1.28,1,1,0
22658.25,13,0,0,0.35,0,0,0
7121.27,16,1,2,2.07,0,1,0
3427.48,18,0,2,4.81,1,0,0
17671.59,7,0,0,4.14,1,1,0
6230.62,17,1,1,5.49,0,0,0
2099.88,17,0,1,1.01,1,1,0
6555.12,15,1,0,1.51,1,0,0
1163.08,9,0,2,2.91,0,0,0
501.28,14,2,2,7.58,1,0,0
6246.22,14,0,2,7.58,0,0,0
2893.0,13,0,7,2.89,0,1,0
7096.99,13,2,2,7.97,0,1,1
8949.08,7,0,3,2.29,1,0,0
236.38,9,2,1,9.02,0,0,0
2284.28,7,1,3,3.31,0,0,0
17964.77,10,0,1,4.15,0,1,1
3205.99,10,0,1,14.92,0,0,0
5109.27,10,0,0,0.37,0,0,0
1113.84,9,0,2,5.55,0,0,0
2663.94,17,0,2,8.25,0,1,0
4007.2,18,0,0,5.86,0,0,0
521.98,11,3,2,3.29,1,0,0
5443.58,11,0,2,4.18,1,0,0
3041.38,19,0,3,1.42,0,0,0
9616.88,16,0,2,3.56,0,0,0
1387.37,10,0,2,6.29,0,1,0
426.25,17,0,0,0.34,0,0,0
2319.95,11,0,4,6.91,0,0,0
19781.96,15,2,1,1.02,1,1,1
11230.88,23,0,1,1.72,2,1,1
186.25,10,0,0,3.26,0,0,0
4541.31,21,0,0,6.68,0,0,0
2442.9,11,1,1,1.58,0,0,0
15246.07,14,1,0,1.57,0,0,0
277.95,13,0,1,2.25,0,1,0
3174.57,18,0,1,6.84,0,0,0
2876.03,6,0,0,2.32,0,0,0
1115.14,16,0,1,3.79,0,0,0
7773.32,18,0,1,6.14,0,1,0
1220.2,13,0,0,9.87,0,1,0
21847.43,7,0,0,2.73,0,1,1
2571.17,10,0,0,3.72,0,0,0
397.98,16,0,0,3.67,1,1,0
8670.01,20,0,1,1.03,0,0,0
1561.64,12,0,1,4.14,1,1,0
329.53,15,1,2,3.17,0,0,0
1627.57,9,2,0,0.35,3,0,1
2993.75,12,0,2,4.54,0,1,0
2366.66,11,0,1,5.46,1,1,0
3855.02,16,1,1,20.07,0,0,0
242.66,23,0,1,3.52,2,0,0
16620.71,18,0,3,2.73,0,0,0
5533.71,9,0,0,6.11,0,1,0
326.45,15,0,3,4.96,3,0,0
6250.01,6,1,1,4.09,0,0,0
13380.07,10,1,1,5.03,0,0,0
5815.22,9,0,0,10.67,0,0,0
1492.06,11,0,1,14.52,2,0,0
3091.32,16,0,2,6.44,0,0,0
590.95,14,0,0,2.19,0,1,0
279.07,21,1,3,3.15,0,0,0
838.46,9,0,0,1.3,0,1,0
15371.03,11,0,2,2.96,0,1,1
1258.58,11,0,1,4.93,0,0,0
16087.48,10,0,0,2.72,0,1,0
2903.45,23,0,0,5.78,0,0,0
5052.06,12,0,0,1.04,0,1,0
3477.0,21,0,2,4.49,0,1,0
3062.98,12,0,0,4.92,1,1,0
1758.1,9,0,1,5.15,0,0,0
2114.69,8,1,0,6.45,0,0,0
1773.04,19,1,0,2.63,0,0,0
5967.88,4,0,0,1.51,0,1,1
14635.45,22,0,2,10.87,0,0,0
78.36,12,0,2,10.4,0,0,0
3431.52,10,0,1,3.38,1,0,0
783.92,16,1,1,2.37,0,1,0
7126.63,8,0,0,5.01,0,1,0
6329.84,6,1,1,2.31,0,1,0
315.46,18,0,1,5.2,0,0,0
419.95,12,0,2,11.93,0,1,0
2247.32,14,0,1,3.84,0,0,0
3066.78,9,0,1,7.16,0,0,0
1088.66,6,0,1,5.02,0,0,0
4097.1,11,0,1,4.35,2,1,1
2951.71,14,3,1,2.29,0,1,0
19859.59,18,0,2,4.65,0,1,1
142.24,14,0,1,2.85,0,0,0
4498.07,18,0,1,3.29,0,0,0
833.62,8,0,3,4.99,0,0,0
5815.6,6,0,3,2.15,0,1,0
1804.73,8,0,1,1.19,0,1,0
2813.81,18,0,3,2.56,0,1,0
6662.13,18,1,0,5.16,0,1,0
6435.46,8,1,0,9.96,2,0,0
16258.05,4,3,2,1.02,0,0,1
809.81,17,0,2,7.01,1,0,0
4835.37,19,2,1,4.88,1,0,0
1876.12,17,0,1,5.38,0,0,0
742.38,9,0,2,6.92,0,1,0
28000.0,15,0,0,4.64,0,0,0
766.49,17,0,0,4.32,0,0,0
17275.22,10,1,0,10.24,0,0,0
125.56,14,0,3,3.94,0,1,0
3175.83,11,0,3,2.92,0,0,0
3528.0,9,0,1,2.19,0,1,0
1252.24,22,0,1,1.44,0,1,0
1294.17,20,0,1,7.34,0,0,0
1387.2,13,0,0,9.75,0,0,0
3707.78,8,2,2,2.25,0,0,0
251.65,17,0,1,4.87,0,0,0
8529.49,10,0,2,1.73,0,1,0
865.44,8,0,2,0.95,0,1,0
25743.77,12,0,1,12.38,0,0,0
662.13,14,0,3,5.91,0,1,0
4784.55,7,1,1,9.09,1,1,0
869.11,15,0,1,9.53,0,1,0
329.77,1,0,0,5.3,0,1,0
6712.51,20,0,0,2.11,0,0,0
6323.15,20,0,0,9.33,1,0,0
1713.74,17,0,0,4.36,0,0,0
3938.37,13,1,2,9.18,0,0,0
19346.66,10,0,1,6.88,0,0,0
6194.48,17,0,3,0.1,0,0,0
1270.94,21,0,0,1.99,0,1,0
2433.28,8,0,1,1.92,0,1,0
2185.8,13,0,0,7.92,0,0,0
1457.79,11,0,2,1.99,0,0,0
23640.16,11,2,2,1.11,0,0,1
19181.1,12,0,0,17.55,0,1,1
578.21,21,0,0,3.25,1,1,0
2812.54,10,0,0,1.83,0,1,0
3488.69,14,0,0,4.21,0,0,0
752.61,21,0,0,4.62,1,0,0
1645.51,13,0,3,2.96,0,0,0
9433.66,19,0,1,0.47,0,0,0
17584.28,6,1,3,4.73,2,0,1
3591.86,21,1,2,8.52,0,1,0
4372.47,9,0,0,3.63,0,0,0
1962.21,22,1,1,0.94,1,0,0
8933.61,9,0,0,8.18,0,0,0
4329.75,13,0,1,15.73,0,1,0
2019.52,11,0,1,2.62,0,1,0
2755.76,13,0,3,14.28,0,1,0
3834.88,10,0,1,8.89,0,0,0
2930.25,22,0,0,7.67,0,1,0
6810.3,11,0,0,5.12,0,0,0
15501.4,16,0,1,3.67,0,1,1
21242.21,8,0,0,1.59,0,0,0
829.9,18,1,0,4.25,2,0,0
183.25,14,0,2,3.63,0,1,0
16627.86,22,0,1,5.95,0,0,0
6590.07,12,0,0,3.76,0,0,0
3690.16,9,1,0,7.99,0,0,0
17109.24,11,0,0,2.13,0,0,0
3111.47,17,0,0,11.39,0,1,0
23349.1,16,0,2,5.21,0,0,0
20332.98,18,0,0,4.42,0,0,0
6598.84,6,1,1,10.25,0,0,0
16690.0,15,0,1,5.71,0,0,0
8422.55,21,1,1,3.27,0,0,0
3898.42,7,0,1,6.87,0,0,0
1011.35,7,0,1,1.26,0,0,0
2716.99,17,3,1,5.55,0,0,0
2496.77,11,0,1,2.24,0,0,0
534.82,16,1,2,3.34,0,1,0
2922.83,14,0,4,0.88,0,0,0
1269.68,23,1,2,4.42,0,0,0
232.06,20,1,1,8.73,0,0,0
28000.0,16,2,1,8.5,0,1,1
3342.56,10,2,1,3.46,0,1,0
6763.72,10,0,0,3.57,0,0,0
3666.99,19,0,0,4.29,0,1,0
1473.07,15,1,2,2.32,0,1,0
2360.32,18,0,0,8.05,0,0,0
3663.94,13,0,0,4.17,0,1,0
10380.65,7,0,0,1.67,0,1,0
996.28,11,0,3,2.2,1,0,0
6713.63,8,0,1,4.94,0,1,0
8309.75,18,1,0,1.68,0,1,0
3611.75,17,0,1,2.56,0,0,0
8628.07,7,0,1,2.08,1,0,0
1683.35,16,0,1,9.11,0,0,0
9845.45,19,1,1,5.24,0,0,0
3942.54,17,0,0,4.6,0,0,0
18555.53,14,1,2,5.37,0,1,0
7656.13,11,0,1,3.32,0,1,0
2180.21,20,1,0,3.57,0,0,0
2033.73,12,1,0,5.7,0,1,0
2734.52,19,2,2,1.44,0,1,0
577.74,18,1,2,2.71,3,0,0
2086.58,18,0,1,1.73,1,0,0
23954.28,23,1,1,1.99,0,1,1
109.93,17,0,2,9.21,3,1,1
1079.89,4,0,0,2.88,0,0,0
67.86,9,0,3,4.71,0,0,0
1779.55,4,0,0,3.97,0,0,0
4229.96,9,1,1,6.82,0,0,0
21557.21,6,0,0,1.93,0,1,1
9352.41,14,0,1,2.93,0,1,0
3060.9,3,0,0,2.36,0,1,1
1000.39,13,0,0,1.56,2,0,0
28000.0,20,0,1,11.86,0,0,0
4837.79,17,0,1,4.82,0,0,0
2793.83,21,3,3,2.38,0,0,0
3866.54,9,1,0,6.76,0,0,0
8319.82,14,0,1,3.3,1,1,0
4047.72,11,0,2,2.69,0,1,0
1530.27,14,0,0,3.72,0,0,0
4054.79,15,0,1,2.61,0,0,0
191.56,4,3,1,0.91,1,1,1
1623.0,9,0,0,4.55,2,0,0
1728.54,17,0,1,2.34,0,0,0
644.09,18,0,3,3.41,0,0,0
134.74,15,0,0,4.24,0,1,0
518.1,10,0,2,7.97,0,0,0
3461.97,12,0,2,4.63,0,0,0
5247.03,7,0,2,4.12,2,0,0
14267.85,21,0,1,2.21,0,1,0
1420.65,19,1,1,6.95,0,0,0
2987.17,6,0,2,3.38,0,0,0
8914.16,8,1,3,5.33,1,0,0
644.87,15,1,2,4.85,0,0,0
19300.21,9,0,1,16.09,0,0,0
4560.51,21,0,0,5.59,0,1,0
358.19,17,0,0,9.56,0,0,0
6380.25,10,0,2,1.32,0,1,0
5427.07,0,0,4,5.79,0,0,0
17790.36,18,0,2,4.58,0,0,0
365.61,12,0,1,1.1,0,0,0
221.2,16,0,1,1.45,1,1,0
16836.71,10,0,2,2.18,0,0,0
2338.08,8,0,2,4.84,1,0,0
2492.1,16,0,1,3.57,0,0,0
1056.86,13,3,1,3.25,1,0,0
7822.71,10,0,0,3.54,0,0,0
1529.7,8,1,1,7.59,0,1,0
209.18,15,0,1,18.56,0,0,0
1202.4,17,0,1,0.1,0,1,0
2483.63,10,0,4,2.96,0,0,0
1738.79,17,0,0,1.91,3,0,0
1083.96,9,0,0,4.62,0,0,0
510.51,11,0,0,8.11,0,0,0
5532.54,17,1,1,1.93,0,1,0
17847.03,16,0,2,3.43,0,0,0
1339.34,10,2,0,5.21,0,0,0
1598.09,8,0,3,6.73,0,1,0
3139.79,5,0,0,4.5,0,0,0
4115.73,19,0,3,4.89,0,0,0
20610.85,6,1,2,3.78,1,0,0
7590.04,8,0,1,7.52,0,0,0
2687.17,10,0,0,1.56,0,0,0
1975.35,13,0,2,5.39,0,0,0
3389.15,18,0,2,4.6,0,0,0
9831.02,10,0,1,9.78,1,1,0
18506.54,14,0,1,5.18,0,0,0
190.67,7,0,1,6.07,1,0,0
1352.58,13,0,0,2.44,0,1,0
2094.9,9,1,1,12.12,0,0,0
14635.57,9,1,0,2.92,0,0,0
3914.71,11,0,0,6.89,0,0,0
5660.79,18,0,0,1.4,0,0,0
4265.85,17,0,3,11.48,0,0,0
14590.01,12,0,0,0.18,0,0,0
1078.26,8,0,1,3.65,1,0,0
6713.94,10,0,1,14.18,0,1,0
4716.32,14,1,0,8.01,0,1,0
1499.03,19,2,1,0.69,1,1,0
4299.13,22,0,1,17.21,0,0,0
411.68,16,0,1,3.59,0,1,0
5043.93,11,0,0,3.08,0,0,0
2491.98,17,0,1,9.85,0,0,0
1166.31,11,2,0,4.18,0,0,0
3472.69,16,0,0,2.72,0,0,0
22830.6,10,0,1,0.62,0,0,0
812.23,10,0,0,5.71,0,0,0
158.78,6,1,1,16.43,0,0,0
1879.18,12,1,3,6.51,0,0,0
2757.07,16,0,0,1.9,1,0,0
23229.72,18,1,1,1.94,0,1,1
8489.14,18,1,5,1.79,0,1,0
2467.95,23,0,0,1.24,0,1,0
4545.2,7,0,1,5.61,0,0,0
1911.44,14,0,2,2.99,0,0,0
4446.38,14,0,1,0.65,0,1,0
793.32,18,0,1,3.91,0,0,0
1543.93,10,1,0,6.44,0,0,0
3278.38,6,1,2,2.59,0,1,0
15848.08,11,0,1,12.32,0,1,1
4161.74,23,1,0,2.03,0,1,0
23696.41,20,1,2,3.08,0,0,0
1690.07,12,0,1,4.83,0,0,0
1961.13,19,0,3,5.88,0,0,0
6158.26,4,0,0,0.46,0,1,0
4842.62,11,0,1,2.59,2,1,1
1147.64,17,0,0,14.41,0,1,0
19928.08,9,0,1,9.81,1,0,0
3694.99,9,0,1,3.46,0,0,0
2710.48,19,0,1,9.9,0,0,0
626.44,16,0,0,2.67,1,1,0
1247.08,23,3,2,3.62,0,0,0
7427.74,8,1,3,4.46,0,0,0
3789.0,11,0,0,2.23,0,0,0
13713.97,11,0,2,11.21,0,0,0
4721.67,19,0,0,1.58,0,0,0
9169.99,10,0,1,0.5,0,1,0
839.48,11,0,0,6.67,0,0,0
4783.69,8,0,2,5.93,0,1,0
125.36,18,0,1,2.05,0,0,0
3615.1,10,3,2,4.11,0,0,0
2087.28,6,0,0,2.09,0,0,0
1422.59,13,0,1,3.5,0,0,0
6407.0,12,0,0,4.59,0,0,0
6223.15,9,0,1,1.54,0,1,0
132.17,8,0,0,1.12,1,0,0
3069.09,20,1,2,1.64,0,1,0
1527.52,6,0,2,4.03,0,1,0
1779.28,7,0,2,1.76,0,0,0
5768.91,10,0,4,3.07,0,0,0
1246.66,21,1,2,5.11,0,0,0
9229.79,7,3,1,3.95,1,1,0
693.61,18,0,4,11.05,0,0,0
3537.92,20,0,1,2.54,0,0,0
3628.2,12,0,6,6.23,0,0,0
989.96,10,1,0,12.21,0,0,0
1316.55,16,0,4,1.59,0,1,0
5821.89,17,1,3,7.19,0,0,0
4650.93,18,3,1,1.98,0,1,1
1337.21,19,0,2,1.01,0,1,0
2503.12,10,0,0,1.28,0,1,0
263.73,17,0,0,3.15,0,1,0
809.24,8,0,2,4.74,0,0,0
2188.59,14,1,0,2.45,0,0,0
347.67,15,0,1,2.48,1,1,0
5991.61,8,0,0,8.66,0,1,0
4110.78,7,0,0,4.12,1,0,0
9262.83,9,0,1,3.88,0,1,0
3843.77,12,0,0,4.9,0,0,0
9084.39,20,0,1,11.48,0,0,0
2647.48,14,0,1,2.11,0,1,0
2993.88,17,0,1,4.36,0,0,0
12127.21,9,0,1,0.71,0,1,0
3348.27,7,2,3,2.65,0,1,0
160.07,10,1,2,6.46,0,1,0
4177.25,11,0,0,4.33,0,0,0
7608.24,15,1,2,5.38,0,1,0
5140.26,19,0,2,15.32,0,0,0
2865.34,12,0,1,3.54,1,0,0
18230.0,14,0,1,7.89,0,0,0
14858.51,0,0,0,1.71,0,1,0
364.12,4,0,3,4.28,0,0,1
18064.56,7,0,3,2.61,2,0,1
21791.56,17,0,4,10.73,0,1,1
3330.09,13,0,1,0.88,0,0,0
3053.71,9,1,0,4.35,0,0,0
593.1,15,0,2,5.98,0,0,0
801.16,14,0,2,1.5,0,1,0
3170.02,7,1,0,4.44,0,0,0
499.13,16,0,1,6.16,0,0,0
1046.02,18,2,1,4.01,0,1,0
5830.56,10,1,3,2.12,0,0,0
1327.67,17,0,1,6.43,0,1,0
2202.55,9,0,0,6.09,0,0,0
26841.63,17,3,1,1.21,0,0,1
884.54,20,0,2,6.84,0,1,0
1639.79,13,0,0,7.29,0,0,0
3044.21,10,1,2,11.07,0,1,0
4565.22,12,0,0,5.14,0,0,0
7481.62,10,0,0,8.2,0,0,0
7966.19,0,1,0,3.74,0,0,0
4856.71,16,0,4,4.62,0,0,0
889.44,5,0,2,5.43,0,0,0
140.39,9,0,0,11.29,1,0,0
1609.25,17,0,1,4.29,0,1,0
548.4,16,0,0,4.75,1,0,0
4025.48,6,0,1,2.17,0,0,0
3522.85,16,0,0,1.18,0,0,0
203.9,21,0,0,5.5,3,0,1
5856.85,6,0,0,4.02,0,0,0
975.23,12,0,0,5.61,0,0,0
1871.31,17,2,4,1.68,0,0,0
3587.75,16,0,4,8.52,0,0,0
17976.45,9,0,0,6.71,0,1,1
1922.79,8,0,0,1.14,0,1,0
277.22,18,4,1,2.28,0,1,0
1702.35,21,0,1,0.82,0,0,0
24103.61,18,0,0,1.53,0,1,1
7954.98,22,0,1,3.55,0,0,0
1767.45,15,0,0,1.69,0,0,0
1822.97,21,0,0,8.96,0,1,0
3940.86,17,0,3,6.46,0,0,0
26415.55,20,0,2,2.24,0,0,0
15987.52,8,0,0,8.94,0,1,1
16570.13,18,0,3,1.59,0,1,1
5146.41,9,0,0,2.19,0,1,0
3070.63,3,0,1,1.52,0,0,0
435.02,14,0,0,0.75,0,0,0
3222.06,11,0,0,6.47,0,0,0
721.48,5,0,1,0.25,0,0,0
2344.13,22,0,1,10.64,0,1,0
2469.97,16,0,2,3.49,0,0,0
6745.17,20,0,3,5.25,0,1,0
2046.61,23,0,1,3.16,0,0,0
1108.74,12,0,0,7.34,0,1,0
900.39,10,0,4,7.25,0,1,0
6695.12,9,0,0,5.58,0,1,0
660.15,14,0,2,1.1,0,1,0
1835.67,15,0,0,5.32,1,0,0
723.16,13,0,0,0.49,0,1,0
4809.27,12,0,1,7.09,0,0,0
2118.12,8,0,0,3.71,0,1,0
1444.14,13,0,0,0.12,0,0,0
1493.62,7,0,1,2.4,0,0,0
6178.37,19,0,0,10.3,0,1,0
2642.17,5,0,0,5.07,0,0,0
20284.09,12,0,2,2.55,0,0,0
7334.88,7,0,0,1.36,0,0,0
7484.5,18,1,1,1.77,1,0,0
21213.58,11,0,0,5.02,0,0,1
9807.2,8,0,3,1.88,0,1,0
140.61,14,0,1,1.79,0,0,0
15065.01,20,0,0,1.63,0,0,0
22044.79,20,1,0,11.04,0,0,0
1087.47,10,0,1,1.83,0,0,0
1080.61,17,0,0,0.65,0,0,0
21358.58,3,0,1,7.47,0,1,1
3092.19,8,0,2,4.05,0,1,0
1905.91,14,3,4,3.22,0,1,1
4211.4,9,0,1,8.08,0,0,0
21243.3,18,0,1,2.43,0,0,0
3648.7,21,0,1,1.49,0,1,0
791.98,0,0,2,4.29,0,0,0
8694.64,9,0,1,1.81,0,1,0
1043.02,13,1,1,5.77,2,1,0
579.66,15,0,1,2.73,0,0,0
18398.68,20,0,2,4.66,0,0,0
2711.84,20,0,3,4.97,1,0,0
446.46,16,0,2,2.7,0,0,0
15246.17,10,0,2,2.4,1,0,0
19048.43,18,0,1,4.79,0,0,0
1118.57,9,0,1,2.95,0,1,0
3026.23,22,3,2,9.84,0,0,0
5490.01,0,0,1,5.12,0,1,0
4644.82,15,1,1,5.41,0,1,0
1034.3,7,0,0,7.98,0,1,0
960.64,12,0,2,13.44,0,0,0
10860.9,16,0,2,5.18,1,1,0
86.47,17,0,0,3.94,0,0,0
6837.4,18,0,4,1.15,0,0,0
772.97,15,0,3,1.55,0,0,0
25541.93,10,0,1,6.39,1,0,1
1400.86,20,0,2,1.58,1,0,0
1917.43,18,0,0,11.47,0,0,0
3989.58,8,0,1,3.15,0,1,0
2894.97,18,0,1,11.51,0,0,0
1284.44,22,0,1,3.77,0,0,0
2642.58,16,0,3,1.86,0,1,0
4258.26,10,1,1,2.21,1,1,0
198.42,15,1,3,3.98,0,0,0
96.04,11,0,1,1.71,2,0,0
2020.36,16,0,0,10.44,0,1,0
14325.82,14,0,1,1.97,0,0,0
3553.34,21,0,1,4.59,0,0,0
830.77,16,0,0,2.58,0,0,0
19534.63,9,0,1,6.29,0,0,0
764.76,17,0,2,14.82,0,1,0
2604.46,10,1,1,6.05,0,1,0
454.75,10,0,2,9.18,0,0,0
134.81,12,0,1,1.53,0,1,0
227.95,0,0,2,4.72,0,0,0
9931.19,22,0,0,2.62,0,1,0
551.15,14,2,1,3.44,0,0,0
4004.45,18,0,1,0.54,2,0,0
285.1,10,0,0,13.68,0,1,0
18890.64,17,0,0,4.23,0,1,0
2335.39,15,0,0,3.33,0,0,0
20502.97,12,0,1,5.79,0,0,0
9749.12,22,0,5,5.82,0,1,0
9331.79,14,0,1,1.78,0,0,0
4899.52,16,0,1,25.69,0,1,0
3008.99,1,0,0,8.18,0,0,0
2002.07,10,0,1,1.68,0,0,0
1469.07,20,0,2,4.62,0,0,0
9465.17,18,0,0,3.7,0,0,0
3015.49,14,0,0,7.27,0,1,0
2828.94,20,0,1,0.66,0,0,0
904.28,13,1,1,4.84,0,1,0
213.03,15,0,0,3.33,0,0,0
27448.62,12,0,0,1.13,0,1,1
1264.77,16,3,2,5.32,0,0,0
1930.25,11,0,0,2.08,0,0,0
449.63,12,1,2,6.38,1,1,0
5863.33,22,0,1,6.13,0,0,0
149.67,7,0,4,4.93,0,0,0
5806.28,7,0,4,2.76,0,1,0
543.69,5,2,0,5.5,0,1,0
7024.86,11,1,0,7.77,1,0,0
4247.17,12,0,0,4.67,1,0,0
635.77,7,0,1,2.44,0,0,0
2729.73,15,0,0,5.46,0,0,0
1259.75,15,0,1,1.45,0,0,0
688.16,17,0,3,3.15,0,0,0
6332.92,22,1,1,2.02,1,0,0
1713.49,16,0,1,15.92,0,0,0
18688.68,7,0,0,4.04,0,0,0
655.82,7,0,1,0.37,0,0,0
1605.58,18,0,0,3.03,0,0,0
6628.76,16,0,1,0.69,0,0,0
1503.8,8,0,0,2.95,0,0,0
9750.65,10,0,2,7.1,2,0,0
9418.43,17,1,1,1.83,0,0,0
560.91,15,0,1,4.17,0,0,0
684.57,15,0,2,3.56,0,0,0
6413.27,9,0,0,7.2,0,1,0
1656.26,16,0,0,3.04,0,1,0
74.03,18,0,2,11.57,0,0,0
1084.09,20,0,2,4.61,0,0,0
2973.22,17,1,0,2.62,0,0,0
22354.26,15,0,0,0.62,0,0,0
518.13,16,0,2,8.59,0,1,0
18519.98,13,0,3,2.75,0,0,0
26749.23,9,1,1,7.08,0,1,1
4510.87,19,0,3,6.45,0,1,0
2911.39,14,2,2,11.04,1,0,1
4751.67,15,0,2,0.87,0,0,0
20091.37,23,0,0,6.84,0,0,0
4606.25,23,0,1,1.29,3,1,0
1547.68,15,0,1,3.31,0,1,0
955.48,4,0,3,3.74,0,0,1
4238.2,12,0,0,4.47,0,1,0
1801.32,21,0,0,5.53,0,0,0
28000.0,10,1,2,6.26,0,0,1
15682.68,23,0,2,1.95,0,0,0
8212.19,7,0,0,2.06,0,1,0
23392.94,15,0,1,9.35,0,0,0
946.01,14,0,2,5.8,0,0,0
5181.87,10,1,0,0.88,0,0,0
1876.09,21,1,0,11.58,0,1,0
8044.82,16,0,0,18.42,0,0,0
1973.8,9,1,3,4.81,0,0,0
19505.84,12,0,1,0.61,0,1,1
2073.35,17,0,2,6.66,0,0,0
887.24,10,0,1,11.27,0,1,0
21128.75,19,0,1,0.42,0,0,0
1833.23,8,1,2,2.82,0,1,0
4567.26,10,0,5,2.95,0,1,0
3032.96,8,0,0,7.2,0,1,0
3793.67,7,1,0,1.45,3,0,0
1121.57,10,0,4,4.37,0,1,0
21236.57,23,0,0,9.27,0,1,1
17628.25,7,0,1,3.72,0,0,1
5503.78,9,1,0,5.99,0,0,0
14762.22,10,3,1,2.95,0,0,0
1731.54,16,0,2,9.42,1,0,0
95.28,17,1,1,9.94,0,0,0
655.46,17,1,0,15.34,0,1,0
3442.62,0,0,0,4.82,0,1,0
3090.25,16,0,0,20.75,0,1,0
5021.7,16,0,2,9.69,0,0,0
997.2,14,0,2,10.76,0,0,0
4675.57,12,1,2,3.3,0,0,0
3787.04,18,1,1,0.55,0,0,0
1307.39,11,0,1,2.49,0,0,0
2583.3,9,1,2,8.4,0,1,0
569.81,11,0,4,3.13,0,0,0
1988.03,13,0,1,4.76,1,1,0
6876.93,9,0,1,1.42,0,0,0
1809.71,15,1,1,9.95,0,1,0
5915.61,20,1,0,6.13,3,1,0
2915.09,15,0,1,5.04,0,0,0
741.73,13,2,1,0.98,0,0,0
2844.44,18,0,0,6.79,1,0,0
2316.6,17,0,1,4.0,0,0,0
1687.4,11,0,2,8.81,0,0,0
467.72,15,1,0,3.49,0,0,0
1785.02,17,0,1,0.89,0,0,0
301.75,10,0,0,8.71,0,0,0
392.78,11,0,2,2.21,0,1,0
1780.68,7,1,1,8.19,0,0,0
1226.06,23,2,0,2.93,0,1,0
8372.16,7,0,1,9.92,0,0,0
1567.63,8,1,1,1.78,1,0,0
4598.34,13,0,2,2.5,0,1,0
2477.76,19,0,1,2.98,0,0,0
3956.59,11,1,2,19.93,0,0,0
16040.49,18,0,1,3.46,0,1,1
9166.16,16,0,0,1.64,0,1,0
2476.67,16,0,2,1.45,0,1,0
5755.28,19,0,3,9.33,0,0,0
1513.45,1,0,0,4.8,0,1,0
14285.04,21,0,1,3.28,1,0,0
3643.92,19,0,1,3.49,0,0,0
20275.0,21,0,3,6.43,0,0,0
2123.73,18,0,0,3.74,0,1,0
745.4,19,0,2,1.97,0,0,0
3218.99,9,3,1,2.86,0,0,0
12486.97,11,0,0,8.15,0,0,0
22199.32,11,0,0,4.89,1,0,0
5503.19,7,1,0,2.91,0,1,0
2328.28,17,0,1,2.37,0,1,0
16137.12,8,0,0,4.26,0,1,1
8589.05,6,0,2,1.64,0,1,0
26500.02,18,0,2,2.16,0,1,0
4990.71,20,0,1,10.96,0,0,0
1184.29,18,0,1,8.68,0,0,0
2579.92,18,0,0,9.29,0,0,0
871.11,15,0,0,3.02,0,1,0
1937.88,20,0,1,11.18,0,0,0
2178.6,14,1,1,6.67,0,1,0
5761.28,23,0,1,4.66,0,1,0
7303.64,7,0,1,3.07,0,0,0
1773.58,18,0,1,1.27,0,1,0
117.16,16,0,1,3.25,0,0,0
6392.37,15,1,1,3.64,0,1,0
17245.95,17,0,1,4.25,0,1,0
3172.16,19,0,0,2.64,2,0,0
15732.66,19,0,1,1.4,0,0,0
1692.01,9,1,1,2.56,0,0,0
13710.77,9,0,0,21.54,0,0,0
399.62,1,0,2,1.72,2,1,1
1823.57,8,0,2,5.57,0,1,0
1234.21,10,0,3,8.88,0,0,0
7595.38,17,0,0,6.18,0,0,0
6572.5,13,0,2,1.91,0,0,0
928.52,17,0,0,6.36,0,0,0
330.96,13,0,1,9.56,0,1,0
22129.79,15,0,1,4.1,0,0,0
1372.09,7,0,1,2.67,1,0,0
3628.0,18,0,2,1.09,0,0,0
18079.11,18,0,1,1.94,0,0,0
518.17,11,0,2,9.19,0,1,0
3770.56,11,0,2,4.84,0,1,0
823.93,9,0,4,6.06,0,0,0
6296.89,18,0,0,1.1,0,0,0
253.21,17,0,1,3.93,1,1,0
836.59,15,0,2,2.89,0,1,0
20998.51,10,1,0,4.81,0,0,1
1876.1,9,1,0,13.15,0,0,0
3944.5,5,0,2,6.02,0,0,0
705.45,5,0,1,5.82,0,0,0
3072.07,9,0,0,7.48,0,0,0
23444.29,7,0,3,0.71,0,0,0
1268.23,15,1,0,1.14,0,0,0
5709.57,11,0,2,5.28,0,0,0
16614.22,13,0,2,1.66,0,0,0
1637.15,15,0,2,2.19,0,0,0
2670.04,16,0,0,4.69,0,1,0
2811.42,16,0,2,7.09,0,0,0
639.09,10,0,0,1.71,0,0,0
1709.25,18,0,1,9.61,0,0,0
1406.33,20,0,1,10.91,0,0,0
1699.46,11,1,0,5.5,0,0,0
4641.61,1,0,1,3.33,0,1,0
2168.22,20,1,0,4.71,0,0,0
9079.82,20,0,1,9.14,0,1,0
1172.58,5,0,2,4.3,0,0,0
1779.51,0,0,0,4.96,1,0,0
5008.03,18,0,3,10.62,0,1,0
2587.08,10,0,2,1.17,0,0,0
2594.16,20,1,1,1.78,0,0,0
235.41,9,1,0,0.97,0,0,0
1687.18,19,0,0,3.81,0,1,0
1070.29,6,0,1,4.24,0,0,0
23470.91,10,1,0,8.45,0,1,1
1239.78,22,0,1,6.96,0,1,0
6967.06,9,1,1,5.01,0,1,0
3668.75,8,0,2,7.97,0,1,0
1394.1,19,1,1,5.87,0,0,0
18118.27,8,0,2,11.37,0,1,1
5935.0,7,0,4,3.77,0,0,0
6935.95,11,0,0,9.88,1,0,0
619.43,16,0,0,0.34,2,0,0
1387.58,17,0,0,2.57,0,0,0
1366.57,19,0,1,1.1,0,0,0
15751.99,14,0,1,4.95,0,1,1
2978.06,12,0,4,8.28,0,0,0
6235.3,11,0,1,3.17,0,0,0
1597.85,19,0,1,4.96,0,1,0
4371.08,17,0,1,6.38,0,0,0
3221.78,20,0,2,2.63,1,0,0
1567.33,22,0,2,4.18,1,0,0
546.58,10,0,1,6.39,0,0,0
4013.75,14,0,1,6.59,1,1,0
6229.69,16,0,1,1.5,1,0,0
3765.28,8,0,0,5.34,0,0,0
117.73,6,0,2,3.57,0,0,0
839.66,19,2,3,5.78,0,1,0
15928.46,14,0,2,7.0,0,0,1
19783.42,15,1,1,0.8,0,1,0
4580.15,15,0,2,3.55,0,0,0
434.99,17,0,1,5.48,0,1,0
5891.19,8,0,0,6.04,0,1,0
2654.64,16,0,0,11.34,0,1,0
3807.47,13,0,2,2.5,0,0,0
26698.23,20,1,1,5.17,0,1,1
339.65,14,1,0,9.66,0,0,0
7467.68,21,2,0,5.27,0,0,0
491.34,11,1,1,5.7,0,0,0
18212.38,22,0,2,6.62,0,0,0
6161.62,19,0,2,5.37,1,0,0
7634.94,15,1,1,2.34,0,0,0
2319.11,11,0,1,2.43,0,1,0
18887.53,12,0,2,12.27,0,0,0
4000.82,18,0,0,3.05,0,0,0
5782.62,15,0,0,2.47,0,0,0
474.57,12,0,0,9.36,0,1,0
5375.51,16,1,2,4.97,0,1,0
2160.43,17,0,0,5.19,0,0,0
1976.71,2,2,0,6.45,2,0,1
1824.72,7,1,2,4.8,2,0,0
2337.57,7,0,0,11.53,0,0,0
9344.29,9,0,0,5.43,0,1,0
2602.48,12,0,1,7.17,0,1,0
9856.46,18,1,2,1.57,0,1,0
696.18,11,0,0,3.22,1,0,0
4181.11,1,0,0,4.78,0,1,0
5412.28,13,0,2,10.57,2,1,1
3697.49,23,0,0,0.98,0,0,0
3047.99,11,0,0,5.0,0,1,0
2722.33,22,0,1,1.27,0,0,0
6372.9,7,0,2,1.21,0,0,0
5576.76,9,0,0,4.35,0,0,0
477.4,17,0,2,5.62,0,0,0
6100.79,14,1,2,1.96,1,0,0
1770.57,18,0,1,8.19,0,0,0
996.39,19,0,1,1.28,2,0,0
6583.01,10,2,0,10.05,0,0,0
1870.17,16,0,0,1.77,0,0,0
5346.92,15,0,1,2.8,0,1,0
1038.29,19,1,3,3.46,1,0,0
72.6,12,0,0,1.53,0,0,0
2249.14,5,0,2,3.01,0,0,0
397.97,15,0,3,5.09,0,0,0
4552.65,21,0,1,8.21,0,1,0
1093.82,1,0,2,2.13,0,0,0
1936.32,10,0,1,6.09,0,1,0
351.38,11,0,1,4.12,0,0,0
1140.95,18,0,2,3.09,0,0,0
4926.96,11,0,2,3.51,0,0,0
586.04,10,0,3,11.34,0,1,0
3393.57,16,0,0,0.84,0,1,0
8040.99,5,0,2,5.84,0,0,0
3704.56,9,0,2,1.8,0,1,0
5391.59,12,0,0,1.37,0,0,0
19311.58,11,0,1,3.92,0,0,0
983.71,11,2,0,7.08,0,1,0
7258.12,7,0,3,3.6,0,0,0
4078.04,11,0,0,3.43,0,0,0
3325.32,18,0,2,4.68,0,0,0
21375.85,12,0,0,2.8,1,0,0
1771.29,15,0,3,1.37,0,0,0
205.86,8,0,0,4.14,0,1,0
4970.47,6,0,0,2.81,0,0,0
3693.35,19,0,2,1.46,0,1,0
2108.59,11,1,2,4.54,0,0,0
7420.59,11,1,1,2.88,0,0,0
1371.08,19,0,0,4.73,0,0,0
19404.54,17,0,1,1.24,0,0,0
6658.29,17,0,1,5.11,0,1,0
5162.36,16,0,0,8.56,1,1,0
17060.08,7,0,1,6.66,0,1,0
16112.36,21,0,1,3.49,0,1,1
834.92,20,0,0,4.91,3,1,1
3476.89,10,0,1,2.76,1,0,0
1615.84,18,1,0,3.44,0,1,0
5854.49,12,0,1,2.64,0,1,0
9643.47,17,0,3,9.36,1,1,0
5301.69,8,0,0,3.76,1,1,0
1577.07,14,2,1,15.6,0,0,0
5034.12,8,0,0,9.88,0,0,0
1445.61,14,0,1,3.77,0,0,0
645.09,10,1,1,7.73,0,0,0
168.68,13,0,1,6.73,2,1,1
1619.36,16,0,1,4.25,0,0,0
20713.57,19,0,0,1.22,0,1,1
933.93,8,1,2,2.3,0,1,0
800.22,20,1,0,4.01,0,0,0
25128.92,12,0,2,1.24,0,0,0
141.03,19,0,2,4.98,0,1,0
4990.44,14,1,1,4.96,0,0,0
1300.57,19,0,0,4.7,0,1,0
182.27,16,1,0,2.22,0,0,0
8055.62,14,0,1,1.72,0,1,0
541.3,11,1,1,5.42,0,0,0
2627.9,22,0,3,11.2,0,1,0
1084.9,18,0,1,0.25,0,1,0
275.73,12,0,1,5.62,0,0,0
15344.31,8,0,1,3.47,0,1,1
452.95,18,1,1,6.16,1,0,0
296.93,23,0,2,9.08,0,0,0
4634.22,10,0,3,5.25,0,0,0
2187.0,20,0,5,5.63,0,0,0
1403.7,8,0,1,13.75,2,0,0
1794.14,21,0,2,4.75,1,1,0
8521.84,17,0,3,4.9,0,1,0
7792.27,11,1,2,3.84,1,1,0
4084.46,10,0,3,12.06,0,0,0
6972.21,16,1,0,1.43,0,1,0
1292.46,15,0,1,3.94,0,1,0
1595.45,20,0,2,6.51,0,1,0
3103.75,18,1,0,1.96,1,0,0
3186.95,14,0,2,2.24,0,1,0
2163.04,21,0,2,4.76,2,1,1
1698.15,15,0,1,14.57,1,1,0
13761.32,19,0,2,6.35,0,1,0
5567.39,19,0,2,7.4,0,1,0
15410.57,20,0,0,7.36,0,1,1
4217.94,6,2,1,0.53,0,1,1
1065.15,15,0,0,3.56,0,0,0
397.76,13,0,0,3.54,0,0,0
1450.5,14,0,0,7.11,0,0,0
19531.6,13,1,0,3.61,0,0,0
113.36,19,0,2,9.37,0,0,0
5456.08,11,0,4,4.11,1,1,0
1484.09,13,0,1,1.07,0,0,0
2839.19,9,0,3,4.23,0,0,0
305.89,10,0,1,0.48,0,1,0
675.58,16,0,0,7.41,0,0,0
7114.38,8,0,2,5.85,0,1,0
3062.4,9,0,0,10.02,0,0,0
9664.57,14,0,3,8.2,0,1,0
21450.85,5,0,0,3.41,0,0,0
1547.98,8,0,0,6.69,0,0,0
1195.89,19,0,2,7.48,0,1,0
6314.2,19,0,0,5.57,0,1,0
28000.0,11,1,0,6.87,0,1,1
3238.51,11,1,1,1.44,0,1,0
5133.38,21,0,2,3.98,0,0,0
4930.7,2,0,0,5.84,0,0,0
1464.9,15,1,0,5.39,0,0,0
2792.64,15,0,0,9.26,2,0,0
5788.33,18,0,0,4.05,0,1,0
17594.9,21,0,0,2.96,1,1,1
128.45,11,0,1,9.14,0,0,0
1373.72,13,0,0,9.13,0,0,0
559.33,16,0,3,4.71,0,1,0
908.74,22,0,0,4.69,0,0,0
7608.94,20,3,2,3.04,0,1,0
180.29,16,0,2,4.99,1,1,0
854.26,19,0,2,1.71,0,0,0
1245.41,7,0,3,8.49,0,0,0
3130.14,12,0,0,1.7,0,0,0
2504.12,0,0,2,4.38,0,0,0
20417.83,9,0,1,5.69,0,1,1
634.13,16,0,1,6.18,3,1,1
924.74,20,0,0,4.41,1,1,0
2294.3,16,1,1,3.97,1,0,0
1072.24,16,0,1,0.7,0,1,0
9496.47,7,0,3,7.83,0,1,0
2054.78,16,0,1,1.37,0,0,0
14204.44,13,0,0,3.58,0,0,0
4241.18,16,0,1,1.32,0,0,0
19695.33,11,1,0,1.55,0,0,0
3451.49,15,0,1,1.99,0,0,0
1109.41,12,1,0,4.65,0,1,0
2766.24,15,0,1,4.76,2,1,1
4793.05,8,0,3,2.33,0,0,0
8479.87,12,0,0,5.31,2,0,0
1028.41,12,0,2,7.91,0,0,0
1364.81,17,0,0,6.21,0,1,0
2057.18,17,0,0,8.38,0,0,0
8443.02,20,0,0,2.72,0,0,0
7472.96,16,0,1,1.31,0,0,0
361.37,11,0,0,10.25,1,0,0
512.74,18,0,0,3.09,0,0,0
2249.46,14,1,1,8.42,0,0,0
420.78,9,0,1,5.87,0,0,0
1416.82,17,0,3,9.38,0,0,0
573.99,8,0,0,5.71,0,0,0
3294.28,9,0,0,5.21,1,0,0
9614.21,18,3,1,7.8,0,1,1
18377.18,18,0,0,0.26,2,1,1
19710.51,18,0,0,5.88,0,0,0
2984.24,10,0,0,0.54,0,0,0
6267.37,19,1,0,2.96,0,1,0
459.85,17,0,0,5.42,1,1,0
3803.29,19,0,0,6.73,0,0,0
1742.16,17,2,1,5.42,0,1,1
798.74,15,1,2,7.8,0,0,0
1709.36,7,0,2,1.35,0,0,0
312.8,17,0,1,3.88,0,0,0
3864.09,17,0,1,7.58,0,1,0
992.31,11,1,1,5.55,0,0,0
21475.66,17,0,1,0.54,0,0,0
473.0,15,0,2,3.67,0,0,0
6459.87,15,0,0,3.66,2,0,0
2236.39,11,0,1,5.13,2,0,0
2776.72,8,0,2,5.21,3,0,0
2756.49,9,0,0,5.61,0,1,0
1751.1,18,0,2,1.28,0,0,0
744.32,10,2,0,3.38,1,0,0
18346.0,0,0,2,2.13,0,0,0
494.83,23,0,2,0.34,0,0,0
410.96,9,0,1,3.03,0,1,0
4022.8,16,0,1,5.88,0,1,0
809.6,21,1,2,8.87,0,0,0
1232.47,15,0,0,2.16,0,1,0
2123.33,18,0,2,6.52,0,0,0
1969.31,22,1,0,1.29,1,1,0
4005.56,19,0,0,1.91,0,0,0
3185.3,15,3,1,12.69,0,1,0
3368.6,11,0,3,3.57,1,0,0
4066.25,13,0,0,0.84,0,0,0
1167.77,19,0,0,2.21,0,0,0
1305.12,19,0,0,6.66,2,0,0
1904.0,19,0,1,3.54,0,0,0
1235.66,15,0,1,5.43,0,1,0
13485.83,13,0,1,0.7,0,1,0
5443.32,11,0,1,8.2,0,0,0
635.71,0,0,1,3.36,0,0,0
15601.51,18,0,1,2.3,0,0,0
199.92,10,0,1,3.68,1,1,0
955.35,11,0,3,3.52,0,0,0
448.37,19,0,2,1.18,0,0,0
2498.88,5,0,2,9.26,0,1,0
6306.06,21,0,2,7.73,3,0,1
4330.89,0,0,1,4.49,2,1,1
837.11,21,0,0,2.29,1,0,0
15417.14,13,0,2,4.13,0,0,0
2329.0,7,0,2,9.08,0,0,0
5377.81,16,0,2,4.83,0,0,0
22165.81,20,0,0,3.74,1,0,0
7755.43,13,0,2,5.02,0,0,0
22630.54,17,0,0,0.85,0,0,0
3852.22,22,1,2,5.82,0,1,0
439.39,10,0,1,1.59,0,1,0
2725.84,18,2,0,3.14,0,0,0
975.01,10,2,0,5.09,0,0,0
1868.43,12,4,0,8.88,0,0,0
3276.83,10,0,3,1.89,0,0,0
1010.53,13,0,1,3.68,1,1,0
231.51,0,0,1,3.04,0,1,0
92.92,10,0,1,11.96,1,0,0
131.71,13,0,3,3.58,0,0,0
86.83,16,0,5,4.45,0,1,0
434.19,16,0,1,2.25,0,0,0
936.05,15,2,1,4.93,0,0,0
860.09,10,0,0,9.01,0,0,0
13907.3,21,0,1,6.07,0,1,0
1228.93,12,2,0,8.22,1,0,0
496.17,9,0,0,1.61,0,1,0
2583.82,15,1,1,8.66,1,0,0
6305.21,17,1,2,2.9,0,1,0
3686.85,0,0,0,3.19,0,0,0
1183.5,10,0,0,7.04,0,1,0
2698.91,18,0,1,6.42,0,0,0
4075.23,14,0,2,0.19,1,0,0
4227.48,12,0,2,4.31,0,0,0
3574.33,21,0,1,2.52,0,0,0
6608.72,7,0,1,5.08,0,0,0
6591.3,16,0,0,3.5,1,1,0
2827.91,11,0,1,7.96,0,1,0
1857.97,6,0,1,12.82,0,0,0
3343.27,9,1,1,8.02,0,0,0
5515.73,16,0,1,7.3,0,0,0
78.14,3,0,1,2.46,2,0,1
15509.41,15,0,0,2.64,0,0,0
706.36,21,0,1,0.9,1,1,0
2093.11,18,0,0,9.82,0,1,0
6639.06,11,0,0,3.77,0,1,0
875.82,8,0,0,13.73,0,0,0
2132.9,13,0,2,4.08,0,1,0
515.15,12,0,0,3.5,0,1,0
1668.49,22,0,0,1.51,0,1,0
683.88,23,0,3,2.98,2,0,0
1506.31,12,0,2,0.29,0,0,0
1556.16,8,1,2,3.96,0,0,0
16016.95,20,0,3,12.75,0,0,0
16897.14,18,0,2,3.32,0,1,0
450.16,14,1,1,4.49,0,0,0
4202.44,11,0,0,0.46,0,0,0
230.02,13,0,3,1.09,0,0,0
158.1,20,0,1,2.7,0,1,0
416.18,9,0,1,6.64,0,0,0
10832.42,18,0,1,8.01,2,1,1
9109.3,1,1,0,3.78,0,1,0
749.86,20,0,3,5.39,0,1,0
624.31,14,0,1,1.6,0,0,0
940.45,9,1,1,7.49,0,0,0
2379.15,0,0,0,8.54,0,0,0
2758.51,15,0,1,4.65,0,0,0
861.62,10,0,1,1.66,0,0,0
4582.06,16,0,1,3.57,0,0,0
1245.33,10,0,1,1.76,2,0,0
8228.74,7,0,0,1.4,0,0,0
3481.49,14,0,0,2.47,0,0,0
1894.64,15,0,1,6.17,1,0,0
5052.73,13,0,1,3.63,0,0,0
24762.68,13,2,0,2.82,0,0,1
1158.14,15,1,1,0.57,0,0,0
1388.27,14,0,0,1.77,0,1,0
8854.15,8,0,1,1.55,0,0,0
636.04,9,0,0,0.82,1,1,0
197.81,8,0,2,4.13,0,0,0
1996.76,17,0,1,4.97,0,0,0
24012.82,14,0,1,4.37,0,0,0
4786.26,12,1,2,3.38,0,0,0
25387.83,18,0,0,2.08,2,0,1
2497.94,11,0,1,3.42,1,1,0
397.38,15,0,0,8.02,0,1,0
2902.9,6,0,0,1.81,0,0,0
4881.96,17,0,1,0.62,0,0,0
373.52,17,0,2,0.83,0,1,0
666.52,18,1,0,10.83,0,0,0
99.57,20,0,2,5.26,1,0,0
23009.64,18,0,3,2.92,0,1,0
7029.66,19,4,1,3.34,0,0,0
3614.16,11,0,0,6.15,0,1,0
12922.76,11,0,3,0.46,0,0,0
268.35,21,0,3,1.11,0,0,0
7525.78,20,0,0,11.43,0,0,0
5443.6,15,2,0,8.15,0,0,0
1267.14,11,0,1,2.1,2,1,1
11681.16,19,3,1,0.83,0,0,0
1146.69,11,0,2,10.21,0,1,0
23698.65,8,0,0,4.53,0,0,0
6864.87,16,0,2,3.6,0,0,0
4595.69,5,0,0,3.45,0,0,0
2712.48,12,1,0,6.02,0,1,0
469.08,18,2,3,4.22,1,0,0
2489.53,10,0,1,1.95,0,1,0
1472.14,21,0,1,1.73,0,1,0
5088.04,21,0,0,6.98,0,1,0
4601.93,18,0,1,1.48,0,1,0
21984.76,23,0,1,1.73,0,1,1
107.81,14,0,0,2.85,0,0,0
5359.27,15,0,2,7.13,0,1,0
8981.92,19,0,0,3.98,0,0,0
5043.43,14,0,1,4.46,0,0,0
506.35,12,0,0,0.84,0,1,0
20031.96,16,0,0,5.26,0,0,0
127.41,16,1,1,8.45,0,1,0
18467.88,17,0,0,7.72,0,1,1
3238.78,16,0,0,8.53,1,0,0
13935.81,17,0,1,3.21,0,1,0
1684.22,16,0,0,2.67,0,0,0
1350.65,13,0,2,4.12,0,0,0
3193.75,8,2,2,4.08,0,0,0
5648.65,18,0,0,2.83,1,0,0
8895.32,3,0,1,5.88,0,0,0
5260.58,23,0,0,2.23,0,0,0
1840.16,19,0,0,6.71,0,1,0
3284.39,16,0,1,15.81,1,0,0
6268.07,22,1,0,4.81,0,0,0
2218.53,15,0,2,0.23,0,0,0
841.51,6,0,1,8.63,0,1,0
655.19,15,1,3,9.78,0,1,0
60.5,10,0,2,2.76,1,0,0
4113.42,11,0,1,10.25,0,0,0
436.86,13,0,1,7.54,4,0,0
954.4,18,1,1,10.94,1,0,0
14620.73,14,0,1,0.28,0,0,0
2689.9,13,0,1,5.8,4,0,0
1683.77,10,0,2,3.72,0,0,0
3653.37,14,1,0,1.33,1,0,0
243.19,10,0,0,2.22,0,1,0
483.42,10,1,0,2.45,1,0,0
2273.03,17,0,3,0.9,0,0,0
1374.97,11,0,3,4.06,0,0,0
1182.28,5,0,0,12.59,0,0,0
282.02,11,0,3,4.65,0,0,0
7294.14,16,0,1,6.92,0,0,0
3826.61,18,0,1,4.05,0,0,0
474.96,22,0,1,2.31,0,0,0
275.23,17,2,1,2.49,0,0,0
11848.14,12,0,1,3.71,2,0,0
17726.24,10,0,2,6.8,0,1,0
19661.59,8,2,0,3.86,0,0,1
3931.23,16,1,1,1.85,0,1,0
22434.89,14,0,0,9.37,0,1,1
4904.66,16,0,1,7.53,0,0,0
2139.53,10,0,2,2.6,0,1,0
1858.12,11,0,0,6.78,1,1,0
95.49,10,1,1,8.45,0,1,0
8415.99,18,0,2,10.64,0,0,0
3018.7,9,0,2,3.7,1,1,0
15868.17,15,0,1,9.98,1,0,0
8126.51,5,2,0,2.3,0,0,0
7945.77,15,0,2,2.89,0,1,0
14545.58,6,0,2,4.99,0,0,0
6690.15,9,0,1,4.3,0,1,0
19619.12,7,1,2,4.27,0,0,0
957.99,11,1,1,8.29,0,1,0
5969.57,11,0,2,4.73,0,0,0
5601.65,18,0,2,5.16,1,0,0
19717.72,9,0,1,7.91,0,0,0
391.6,7,1,0,13.23,0,0,0
12487.07,15,0,1,4.57,0,0,0
1183.24,17,1,0,5.07,0,0,0
6610.73,10,0,5,6.37,0,0,0
73.23,15,1,2,13.36,0,1,0
128.0,18,0,1,4.52,0,1,0
21255.9,11,0,2,8.15,1,0,0
932.79,14,0,1,6.46,3,0,0
24170.17,8,0,0,2.59,0,1,1
2727.86,2,0,1,5.0,0,0,0
17997.59,22,0,0,3.34,1,0,0
627.96,10,0,0,4.54,0,1,0
20866.92,10,0,1,5.24,0,0,0
716.99,22,0,4,2.28,0,1,0
5088.12,17,0,1,5.55,0,1,0
1781.52,15,1,1,15.02,0,1,0
373.89,17,0,2,9.4,0,1,0
2179.4,17,0,0,2.41,1,0,0
364.74,18,1,0,6.16,0,0,0
501.73,6,0,2,0.72,1,1,0
936.56,12,0,0,5.31,0,1,0
25365.58,10,0,1,1.46,0,0,0
23394.84,6,0,1,6.55,0,1,1
5660.58,12,0,0,7.55,0,1,0
1361.06,16,1,0,2.09,1,0,0
1077.82,9,0,0,2.38,1,1,0
2609.23,11,2,1,1.12,0,1,0
4154.74,16,1,2,5.4,0,0,0
16113.03,15,0,1,5.17,0,0,0
511.42,19,0,2,2.16,0,0,0
221.75,18,0,1,4.99,0,0,0
3853.07,22,0,1,9.19,0,1,0
5772.44,15,0,0,3.08,0,0,0
6053.82,17,1,1,3.91,0,1,0
3690.86,19,0,0,4.06,0,0,0
9914.26,19,0,1,2.48,0,1,0
2349.29,17,0,1,6.37,3,0,0
7904.02,14,1,1,4.65,1,0,0
11055.73,10,0,1,4.22,0,0,0
6070.71,19,0,0,6.77,0,0,0
1246.28,18,2,1,1.56,0,0,0
758.96,19,0,1,3.98,1,0,0
2601.88,8,0,0,5.52,0,1,0
1990.67,11,0,0,1.46,2,0,0
6785.62,12,0,3,1.56,0,1,0
15879.07,19,0,2,2.83,0,1,1
1013.78,20,0,0,19.46,3,0,1
4519.25,10,0,2,4.79,0,1,0
379.38,17,1,0,4.28,0,0,0
1297.72,7,0,0,5.79,0,1,0
1626.86,12,1,2,4.61,0,0,0
3178.19,13,0,2,3.16,0,0,0
610.83,18,0,0,0.87,0,0,0
6365.41,20,0,0,4.63,0,0,0
1958.81,11,0,0,2.62,0,1,0
8025.36,14,0,1,3.33,0,0,0
2078.78,16,0,1,11.33,0,0,0
1089.25,11,2,1,11.95,0,0,0
17377.3,23,1,0,1.11,0,0,0
72.01,19,0,0,2.84,0,0,0
2490.8,10,2,1,1.41,1,0,0
422.7,14,0,0,1.44,0,0,0
1650.82,9,0,3,5.0,0,0,0
2907.44,14,0,0,2.31,0,0,0
1092.1,17,0,3,5.93,0,0,0
676.46,7,0,0,2.93,0,0,0
4829.34,19,0,3,8.4,0,0,0
9447.3,15,0,0,4.64,1,1,0
398.72,23,0,3,6.75,0,0,0
601.18,2,0,0,4.3,0,0,0
10361.42,19,1,0,5.63,0,0,0
183.25,18,0,2,5.8,0,0,0
12220.44,8,0,1,5.78,0,0,0
74.9,11,0,1,9.57,0,1,0
6680.31,20,0,0,11.85,1,0,0
1235.02,14,0,2,8.09,4,1,1
8988.52,12,2,1,1.05,0,1,0
1279.78,20,1,1,4.22,0,1,0
